timestamp,symbol,action,price,quantity,reason,mode,outcome,pnl
2026-07-13T14:44:59.999Z,BTCUSDT,BUY,62619.14,0.001,[bullish-cross-9/21-5m] Fast 9MA (62489.54) crossed above slow 21MA (62484.01) — momentum turning up.,replay-raw,loss,-0.2493
2026-07-13T16:04:59.999Z,BTCUSDT,SELL,62604.01,0.001,[bearish-cross-9/21-5m] Fast 9MA (62689.92) crossed below slow 21MA (62690.28) — momentum turning down.,replay-raw,win,0.2304
2026-07-13T19:14:59.999Z,BTCUSDT,BUY,62073.04,0.001,[bullish-cross-9/21-5m] Fast 9MA (62013.89) crossed above slow 21MA (62007.31) — momentum turning up.,replay-raw,loss,-0.0601
2026-07-13T21:14:59.999Z,BTCUSDT,SELL,62108.00,0.001,[bearish-cross-9/21-5m] Fast 9MA (62172.76) crossed below slow 21MA (62187.53) — momentum turning down.,replay-raw,loss,-0.4121
2026-07-13T22:24:59.999Z,BTCUSDT,BUY,62154.74,0.001,[bullish-cross-9/21-5m] Fast 9MA (62109.79) crossed above slow 21MA (62109.34) — momentum turning up.,replay-raw,loss,-0.2593
2026-07-13T23:04:59.999Z,BTCUSDT,SELL,61965.28,0.001,[bearish-cross-9/21-5m] Fast 9MA (62048.62) crossed below slow 21MA (62066.37) — momentum turning down.,replay-raw,loss,-0.8563
2026-07-13T23:44:59.999Z,BTCUSDT,BUY,62122.04,0.001,[bullish-cross-9/21-5m] Fast 9MA (62106.62) crossed above slow 21MA (62102.07) — momentum turning up.,replay-raw,win,0.0015
2026-07-14T02:29:59.999Z,BTCUSDT,SELL,62384.00,0.001,[bearish-cross-9/21-5m] Fast 9MA (62494.83) crossed below slow 21MA (62501.94) — momentum turning down.,replay-raw,loss,-0.4370
2026-07-14T03:09:59.999Z,BTCUSDT,BUY,62483.99,0.001,[bullish-cross-9/21-5m] Fast 9MA (62512.58) crossed above slow 21MA (62511.33) — momentum turning up.,replay-raw,loss,-0.1692
2026-07-14T03:29:59.999Z,BTCUSDT,SELL,62469.47,0.001,[bearish-cross-9/21-5m] Fast 9MA (62481.86) crossed below slow 21MA (62491.71) — momentum turning down.,replay-raw,loss,-0.5810
2026-07-14T04:04:59.999Z,BTCUSDT,BUY,62616.00,0.001,[bullish-cross-9/21-5m] Fast 9MA (62504.93) crossed above slow 21MA (62493.20) — momentum turning up.,replay-raw,loss,-0.1116
2026-07-14T06:09:59.999Z,BTCUSDT,SELL,62658.48,0.001,[bearish-cross-9/21-5m] Fast 9MA (62746.77) crossed below slow 21MA (62753.32) — momentum turning down.,replay-raw,loss,-0.2194
2026-07-14T08:39:59.999Z,BTCUSDT,BUY,62747.09,0.001,[bullish-cross-9/21-5m] Fast 9MA (62607.49) crossed above slow 21MA (62606.65) — momentum turning up.,replay-raw,loss,-0.4993
2026-07-14T09:49:59.999Z,BTCUSDT,SELL,62606.01,0.001,[bearish-cross-9/21-5m] Fast 9MA (62648.15) crossed below slow 21MA (62659.02) — momentum turning down.,replay-raw,loss,-0.7595
2026-07-14T10:34:59.999Z,BTCUSDT,BUY,62630.04,0.001,[bullish-cross-9/21-5m] Fast 9MA (62678.85) crossed above slow 21MA (62672.14) — momentum turning up.,replay-raw,win,0.1527
2026-07-14T14:24:59.999Z,BTCUSDT,SELL,63828.72,0.001,[bearish-cross-9/21-5m] Fast 9MA (63794.51) crossed below slow 21MA (63822.12) — momentum turning down.,replay-raw,loss,-0.9984
2026-07-14T14:44:59.999Z,BTCUSDT,BUY,64025.99,0.001,[bullish-cross-9/21-5m] Fast 9MA (63866.22) crossed above slow 21MA (63863.68) — momentum turning up.,replay-raw,win,0.8804
2026-07-14T17:14:59.999Z,BTCUSDT,SELL,64601.24,0.001,[bearish-cross-9/21-5m] Fast 9MA (64738.77) crossed below slow 21MA (64763.41) — momentum turning down.,replay-raw,loss,-0.1273
2026-07-14T18:49:59.999Z,BTCUSDT,BUY,64594.41,0.001,[bullish-cross-9/21-5m] Fast 9MA (64543.10) crossed above slow 21MA (64539.90) — momentum turning up.,replay-raw,loss,-0.3037
2026-07-14T20:04:59.999Z,BTCUSDT,SELL,64510.00,0.001,[bearish-cross-9/21-5m] Fast 9MA (64560.62) crossed below slow 21MA (64568.84) — momentum turning down.,replay-raw,loss,-0.3695
2026-07-14T21:14:59.999Z,BTCUSDT,BUY,64615.02,0.001,[bullish-cross-9/21-5m] Fast 9MA (64523.35) crossed above slow 21MA (64520.35) — momentum turning up.,replay-raw,loss,-0.4192
2026-07-15T00:39:59.999Z,BTCUSDT,SELL,64824.00,0.001,[bearish-cross-9/21-5m] Fast 9MA (64918.36) crossed below slow 21MA (64934.09) — momentum turning down.,replay-raw,loss,-0.1154
2026-07-15T05:16:53.783Z,BTCUSDT,SKIP,64621.99,0,"[bearish-cross-9/21-5m] Ledger shows 10 real prior losses vs 1 wins on bearish-cross-9/21-5m (net -4.65%) and learnings.md warns about it — this signal repeats a known bad trade, so SKIP.",scan,skipped,
2026-07-15T06:07:09.405Z,BTCUSDT,SKIP,64893.93,0,"[bullish-cross-9/21-5m] Ledger shows 8 real prior losses vs 3 wins on bullish-cross-9/21-5m (net -1.04%) and learnings.md warns about it — this signal repeats a known bad trade, so SKIP.",scan,skipped,
2026-07-15T16:00:24.561Z,SOLUSDT,BUY,78.07,0.001,[bullish-cross-9/21-5m] Fast 9MA (78.10) crossed above slow 21MA (78.09) — momentum turning up.,scan,loss,-0.6636
2026-07-15T16:04:06.000Z,SOLUSDT,BUY,78.07,0.001,[bullish-cross-9/21-5m] Fast 9MA (78.10) crossed above slow 21MA (78.09) — momentum turning up.,scan,loss,-0.6636
2026-07-15T03:39:59.999Z,BTCUSDT,BUY,64667.99,0.001,[bullish-cross-9/21-5m] Fast 9MA (64616.16) crossed above slow 21MA (64601.00) — momentum turning up.,replay-raw,win,0.1117
2026-07-15T05:14:59.999Z,BTCUSDT,SELL,64621.99,0.001,[bearish-cross-9/21-5m] Fast 9MA (64757.78) crossed below slow 21MA (64761.22) — momentum turning down.,replay-raw,loss,-0.7531
2026-07-15T06:04:59.999Z,BTCUSDT,BUY,64893.93,0.001,[bullish-cross-9/21-5m] Fast 9MA (64760.06) crossed above slow 21MA (64756.31) — momentum turning up.,replay-raw,loss,-0.2447
2026-07-15T07:19:59.999Z,BTCUSDT,SELL,64808.00,0.001,[bearish-cross-9/21-5m] Fast 9MA (64895.60) crossed below slow 21MA (64911.13) — momentum turning down.,replay-raw,win,0.1951
2026-07-15T08:49:59.999Z,BTCUSDT,BUY,64735.99,0.001,[bullish-cross-9/21-5m] Fast 9MA (64656.51) crossed above slow 21MA (64655.01) — momentum turning up.,replay-raw,loss,-0.1062
2026-07-15T10:09:59.999Z,BTCUSDT,SELL,64834.96,0.001,[bearish-cross-9/21-5m] Fast 9MA (64758.95) crossed below slow 21MA (64765.37) — momentum turning down.,replay-raw,win,0.0302
2026-07-15T11:59:59.999Z,BTCUSDT,BUY,64732.15,0.001,[bullish-cross-9/21-5m] Fast 9MA (64691.01) crossed above slow 21MA (64688.75) — momentum turning up.,replay-raw,win,0.5671
2026-07-15T14:19:59.999Z,BTCUSDT,SELL,65362.00,0.001,[bearish-cross-9/21-5m] Fast 9MA (65218.94) crossed below slow 21MA (65226.92) — momentum turning down.,replay-raw,loss,-0.1826
2026-07-15T14:44:59.999Z,BTCUSDT,BUY,65370.00,0.001,[bullish-cross-9/21-5m] Fast 9MA (65322.09) crossed above slow 21MA (65311.89) — momentum turning up.,replay-raw,win,0.0805
2026-07-14T02:19:59.999Z,ETHUSDT,SELL,1781.37,0.001,[bearish-cross-9/21-5m] Fast 9MA (1784.64) crossed below slow 21MA (1784.93) — momentum turning down.,replay-raw,win,0.1071
2026-07-14T04:04:59.999Z,ETHUSDT,BUY,1785.76,0.001,[bullish-cross-9/21-5m] Fast 9MA (1781.43) crossed above slow 21MA (1781.05) — momentum turning up.,replay-raw,loss,-0.0558
2026-07-14T06:09:59.999Z,ETHUSDT,SELL,1784.82,0.001,[bearish-cross-9/21-5m] Fast 9MA (1787.55) crossed below slow 21MA (1787.85) — momentum turning down.,replay-raw,win,0.0378
2026-07-14T08:39:59.999Z,ETHUSDT,BUY,1788.61,0.001,[bullish-cross-9/21-5m] Fast 9MA (1783.61) crossed above slow 21MA (1783.19) — momentum turning up.,replay-raw,loss,-0.2526
2026-07-14T09:59:59.999Z,ETHUSDT,SELL,1786.19,0.001,[bearish-cross-9/21-5m] Fast 9MA (1786.49) crossed below slow 21MA (1786.50) — momentum turning down.,replay-raw,loss,-0.8799
2026-07-14T10:24:59.999Z,ETHUSDT,BUY,1790.16,0.001,[bullish-cross-9/21-5m] Fast 9MA (1787.89) crossed above slow 21MA (1787.50) — momentum turning up.,replay-raw,win,0.4111
2026-07-14T14:39:59.999Z,ETHUSDT,SELL,1872.48,0.001,[bearish-cross-9/21-5m] Fast 9MA (1867.40) crossed below slow 21MA (1867.96) — momentum turning down.,replay-raw,loss,-0.5176
2026-07-14T14:59:59.999Z,ETHUSDT,BUY,1881.16,0.001,[bullish-cross-9/21-5m] Fast 9MA (1871.27) crossed above slow 21MA (1871.08) — momentum turning up.,replay-raw,loss,-0.4158
2026-07-14T16:19:59.999Z,ETHUSDT,SELL,1873.08,0.001,[bearish-cross-9/21-5m] Fast 9MA (1876.12) crossed below slow 21MA (1877.09) — momentum turning down.,replay-raw,win,0.3463
2026-07-14T18:24:59.999Z,ETHUSDT,BUY,1868.68,0.001,[bullish-cross-9/21-5m] Fast 9MA (1869.91) crossed above slow 21MA (1869.76) — momentum turning up.,replay-raw,win,0.4560
2026-07-14T20:34:59.999Z,ETHUSDT,SELL,1876.65,0.001,[bearish-cross-9/21-5m] Fast 9MA (1876.55) crossed below slow 21MA (1876.81) — momentum turning down.,replay-raw,loss,-0.1400
2026-07-14T21:29:59.999Z,ETHUSDT,BUY,1878.29,0.001,[bullish-cross-9/21-5m] Fast 9MA (1876.81) crossed above slow 21MA (1876.71) — momentum turning up.,replay-raw,win,0.0768
2026-07-14T22:14:59.999Z,ETHUSDT,SELL,1872.75,0.001,[bearish-cross-9/21-5m] Fast 9MA (1876.06) crossed below slow 21MA (1876.33) — momentum turning down.,replay-raw,loss,-0.8374
2026-07-14T22:34:59.999Z,ETHUSDT,BUY,1893.61,0.001,[bullish-cross-9/21-5m] Fast 9MA (1878.67) crossed above slow 21MA (1877.82) — momentum turning up.,replay-raw,loss,-0.5436
2026-07-15T00:39:59.999Z,ETHUSDT,SELL,1880.15,0.001,[bearish-cross-9/21-5m] Fast 9MA (1885.28) crossed below slow 21MA (1885.89) — momentum turning down.,replay-raw,win,0.2361
2026-07-15T03:34:59.999Z,ETHUSDT,BUY,1874.03,0.001,[bullish-cross-9/21-5m] Fast 9MA (1868.80) crossed above slow 21MA (1868.35) — momentum turning up.,replay-raw,win,0.0169
2026-07-15T05:24:59.999Z,ETHUSDT,SELL,1873.12,0.001,[bearish-cross-9/21-5m] Fast 9MA (1875.61) crossed below slow 21MA (1875.85) — momentum turning down.,replay-raw,loss,-0.8319
2026-07-15T06:04:59.999Z,ETHUSDT,BUY,1882.96,0.001,[bullish-cross-9/21-5m] Fast 9MA (1876.80) crossed above slow 21MA (1876.41) — momentum turning up.,replay-raw,loss,-0.4659
2026-07-15T07:14:59.999Z,ETHUSDT,SELL,1876.68,0.001,[bearish-cross-9/21-5m] Fast 9MA (1880.93) crossed below slow 21MA (1881.46) — momentum turning down.,replay-raw,win,0.0481
2026-07-15T08:34:59.999Z,ETHUSDT,BUY,1874.57,0.001,[bullish-cross-9/21-5m] Fast 9MA (1873.15) crossed above slow 21MA (1872.95) — momentum turning up.,replay-raw,win,0.2233
2026-07-15T10:34:59.999Z,ETHUSDT,SELL,1876.08,0.001,[bearish-cross-9/21-5m] Fast 9MA (1880.97) crossed below slow 21MA (1881.38) — momentum turning down.,replay-raw,loss,-0.3537
2026-07-15T11:44:59.999Z,ETHUSDT,BUY,1881.45,0.001,[bullish-cross-9/21-5m] Fast 9MA (1880.35) crossed above slow 21MA (1880.12) — momentum turning up.,replay-raw,win,0.4852
2026-07-15T14:24:59.999Z,ETHUSDT,SELL,1924.27,0.001,[bearish-cross-9/21-5m] Fast 9MA (1927.47) crossed below slow 21MA (1928.88) — momentum turning down.,replay-raw,loss,-0.3406
2026-07-15T15:09:59.999Z,ETHUSDT,BUY,1933.82,0.001,[bullish-cross-9/21-5m] Fast 9MA (1930.83) crossed above slow 21MA (1930.45) — momentum turning up.,replay-raw,loss,-0.6600
2026-07-14T02:14:59.999Z,SOLUSDT,SELL,75.17,0.001,[bearish-cross-9/21-5m] Fast 9MA (75.28) crossed below slow 21MA (75.29) — momentum turning down.,replay-raw,win,0.4853
2026-07-14T04:09:59.999Z,SOLUSDT,BUY,75.17,0.001,[bullish-cross-9/21-5m] Fast 9MA (75.04) crossed above slow 21MA (74.99) — momentum turning up.,replay-raw,win,0.2326
2026-07-14T06:29:59.999Z,SOLUSDT,SELL,75.22,0.001,[bearish-cross-9/21-5m] Fast 9MA (75.31) crossed below slow 21MA (75.32) — momentum turning down.,replay-raw,loss,-0.1133
2026-07-14T08:39:59.999Z,SOLUSDT,BUY,75.37,0.001,[bullish-cross-9/21-5m] Fast 9MA (75.14) crossed above slow 21MA (75.12) — momentum turning up.,replay-raw,loss,-0.5644
2026-07-14T09:39:59.999Z,SOLUSDT,SELL,75.02,0.001,[bearish-cross-9/21-5m] Fast 9MA (75.15) crossed below slow 21MA (75.16) — momentum turning down.,replay-raw,loss,-0.3933
2026-07-14T10:34:59.999Z,SOLUSDT,BUY,75.03,0.001,[bullish-cross-9/21-5m] Fast 9MA (75.14) crossed above slow 21MA (75.14) — momentum turning up.,replay-raw,win,0.6464
2026-07-14T12:14:59.999Z,SOLUSDT,SELL,75.23,0.001,[bearish-cross-9/21-5m] Fast 9MA (75.39) crossed below slow 21MA (75.39) — momentum turning down.,replay-raw,loss,-1.9078
2026-07-14T12:34:59.999Z,SOLUSDT,BUY,76.18,0.001,[bullish-cross-9/21-5m] Fast 9MA (75.47) crossed above slow 21MA (75.47) — momentum turning up.,replay-raw,win,1.2127
2026-07-14T14:29:59.999Z,SOLUSDT,SELL,76.88,0.001,[bearish-cross-9/21-5m] Fast 9MA (76.90) crossed below slow 21MA (76.92) — momentum turning down.,replay-raw,loss,-0.8674
2026-07-14T14:54:59.999Z,SOLUSDT,BUY,77.21,0.001,[bullish-cross-9/21-5m] Fast 9MA (77.02) crossed above slow 21MA (77.02) — momentum turning up.,replay-raw,win,0.1590
2026-07-14T16:59:59.999Z,SOLUSDT,SELL,77.28,0.001,[bearish-cross-9/21-5m] Fast 9MA (77.44) crossed below slow 21MA (77.45) — momentum turning down.,replay-raw,win,0.0294
2026-07-14T18:34:59.999Z,SOLUSDT,BUY,77.16,0.001,[bullish-cross-9/21-5m] Fast 9MA (77.12) crossed above slow 21MA (77.11) — momentum turning up.,replay-raw,loss,-0.0741
2026-07-14T20:04:59.999Z,SOLUSDT,SELL,77.08,0.001,[bearish-cross-9/21-5m] Fast 9MA (77.22) crossed below slow 21MA (77.24) — momentum turning down.,replay-raw,loss,-0.2038
2026-07-14T21:14:59.999Z,SOLUSDT,BUY,77.33,0.001,[bullish-cross-9/21-5m] Fast 9MA (77.12) crossed above slow 21MA (77.11) — momentum turning up.,replay-raw,loss,-0.3198
2026-07-15T00:14:59.999Z,SOLUSDT,SELL,77.68,0.001,[bearish-cross-9/21-5m] Fast 9MA (77.75) crossed below slow 21MA (77.75) — momentum turning down.,replay-raw,win,0.0287
2026-07-15T00:19:59.999Z,SOLUSDT,BUY,77.68,0.001,[bullish-cross-9/21-5m] Fast 9MA (77.76) crossed above slow 21MA (77.75) — momentum turning up.,replay-raw,loss,-0.2030
2026-07-15T00:34:59.999Z,SOLUSDT,SELL,77.57,0.001,[bearish-cross-9/21-5m] Fast 9MA (77.71) crossed below slow 21MA (77.72) — momentum turning down.,replay-raw,loss,-0.2676
2026-07-15T01:39:59.999Z,SOLUSDT,BUY,77.72,0.001,[bullish-cross-9/21-5m] Fast 9MA (77.66) crossed above slow 21MA (77.66) — momentum turning up.,replay-raw,loss,-0.8205
2026-07-15T01:49:59.999Z,SOLUSDT,SELL,77.40,0.001,[bearish-cross-9/21-5m] Fast 9MA (77.62) crossed below slow 21MA (77.62) — momentum turning down.,replay-raw,win,0.1972
2026-07-15T03:24:59.999Z,SOLUSDT,BUY,77.46,0.001,[bullish-cross-9/21-5m] Fast 9MA (77.34) crossed above slow 21MA (77.33) — momentum turning up.,replay-raw,win,0.2357
2026-07-15T05:49:59.999Z,SOLUSDT,SELL,77.97,0.001,[bearish-cross-9/21-5m] Fast 9MA (77.85) crossed below slow 21MA (77.86) — momentum turning down.,replay-raw,loss,-0.4206
2026-07-15T05:59:59.999Z,SOLUSDT,BUY,78.26,0.001,[bullish-cross-9/21-5m] Fast 9MA (77.92) crossed above slow 21MA (77.90) — momentum turning up.,replay-raw,loss,-0.5089
2026-07-15T07:14:59.999Z,SOLUSDT,SELL,77.96,0.001,[bearish-cross-9/21-5m] Fast 9MA (78.16) crossed below slow 21MA (78.17) — momentum turning down.,replay-raw,win,0.5798
2026-07-15T09:09:59.999Z,SOLUSDT,BUY,77.72,0.001,[bullish-cross-9/21-5m] Fast 9MA (77.54) crossed above slow 21MA (77.51) — momentum turning up.,replay-raw,loss,-0.1257
2026-07-15T10:14:59.999Z,SOLUSDT,SELL,77.63,0.001,[bearish-cross-9/21-5m] Fast 9MA (77.60) crossed below slow 21MA (77.63) — momentum turning down.,replay-raw,win,0.1190
2026-07-15T11:54:59.999Z,SOLUSDT,BUY,77.47,0.001,[bullish-cross-9/21-5m] Fast 9MA (77.43) crossed above slow 21MA (77.42) — momentum turning up.,replay-raw,win,0.9327
2026-07-15T14:14:59.999Z,SOLUSDT,SELL,78.12,0.001,[bearish-cross-9/21-5m] Fast 9MA (78.31) crossed below slow 21MA (78.32) — momentum turning down.,replay-raw,win,0.1176
2026-07-15T16:14:11.325Z,SOLUSDT,SELL,77.79,0,"[bearish-cross-9/21-5m] Memory blocked this entry (counterfactual): Ledger shows 7 real prior losses vs 7 wins on bearish-cross-9/21-5m (net -2.62%) and learnings.md warns about it — this signal repeats a known bad trade, so SKIP.",scan-filtered,loss,-0.0229
2026-07-15T16:19:13.696Z,BTCUSDT,SELL,65089.22,0,"[bearish-cross-9/21-5m] Memory blocked this entry (counterfactual): Ledger shows 12 real prior losses vs 3 wins on bearish-cross-9/21-5m (net -5.36%) and learnings.md warns about it — this signal repeats a known bad trade, so SKIP.",scan-filtered,loss,-0.0091
2026-07-15T16:19:13.933Z,ETHUSDT,SELL,1918.26,0,"[bearish-cross-9/21-5m] Memory blocked this entry (counterfactual): Ledger shows 7 real prior losses vs 5 wins on bearish-cross-9/21-5m (net -3.13%) and learnings.md warns about it — this signal repeats a known bad trade, so SKIP.",scan-filtered,loss,-0.2053
2026-07-15T16:35:09.304Z,ETHUSDT,BUY,1891.87,0.001,[tsmom28-1d-flip-long] Trailing 28-candle return flipped positive (-1.08% -> 5.51%) — momentum turned up.,scan,loss,-0.7905
2026-07-15T16:54:30.423Z,LINKUSDT,BUY,8.35,0.001,[tsmom28-1d-flip-long] Trailing 28-candle return flipped positive (-4.95% -> 0.82%) — momentum turned up.,scan,win,4.8377
2026-07-15T17:29:50.734Z,SPY,BUY,752.44,1,[bullish-cross-9/21-5m] Fast 9MA (751.77) crossed above slow 21MA (751.71) — momentum turning up.,scan,win,0.2004
2026-07-15T17:29:50.820Z,QQQ,BUY,714.85,1,[bullish-cross-9/21-5m] Fast 9MA (713.29) crossed above slow 21MA (713.11) — momentum turning up.,scan,win,0.4134
2026-07-15T17:39:55.746Z,ETHUSDT,BUY,1923.31,0,"[bullish-cross-9/21-5m] Memory blocked this entry (counterfactual): Ledger shows 6 real prior losses vs 6 wins on bullish-cross-9/21-5m (net -0.72%) and learnings.md warns about it — this signal repeats a known bad trade, so SKIP.",scan-filtered,win,0.4288
2026-07-15T17:39:55.986Z,SOLUSDT,BUY,77.67,0,"[bullish-cross-9/21-5m] Memory blocked this entry (counterfactual): Ledger shows 9 real prior losses vs 6 wins on bullish-cross-9/21-5m (net -0.52%) and learnings.md warns about it — this signal repeats a known bad trade, so SKIP.",scan-filtered,win,0.2991
2026-07-15T18:39:24.473Z,BTCUSDT,BUY,65090.00,0,"[bullish-cross-9/21-5m] Memory blocked this entry (counterfactual): Ledger shows 10 real prior losses vs 6 wins on bullish-cross-9/21-5m (net -0.63%) and learnings.md warns about it — this signal repeats a known bad trade, so SKIP.",scan-filtered,loss,-0.4257
2026-07-15T19:04:37.521Z,BTCUSDT,SELL,64860.00,0,"[bearish-cross-9/21-5m] Memory blocked this entry (counterfactual): Ledger shows 13 real prior losses vs 3 wins on bearish-cross-9/21-5m (net -5.37%) and learnings.md warns about it — this signal repeats a known bad trade, so SKIP.",scan-filtered,loss,-0.2809
2026-07-15T19:14:42.755Z,SOLUSDT,SELL,77.55,0,"[bearish-cross-9/21-5m] Memory blocked this entry (counterfactual): Ledger shows 8 real prior losses vs 7 wins on bearish-cross-9/21-5m (net -2.64%) and learnings.md warns about it — this signal repeats a known bad trade, so SKIP.",scan-filtered,win,0.3771
2026-07-15T19:14:42.982Z,SPY,SELL,753.51,1,[bearish-cross-9/21-5m] Fast 9MA (753.92) crossed below slow 21MA (753.95) — momentum turning down.,scan,loss,-0.0770
2026-07-15T19:14:43.053Z,QQQ,SELL,716.10,1,[bearish-cross-9/21-5m] Fast 9MA (716.72) crossed below slow 21MA (716.90) — momentum turning down.,scan,loss,-0.3137
2026-07-15T19:19:44.958Z,ETHUSDT,SELL,1926.40,0,"[bearish-cross-9/21-5m] Memory blocked this entry (counterfactual): Ledger shows 8 real prior losses vs 5 wins on bearish-cross-9/21-5m (net -3.33%) and learnings.md warns about it — this signal repeats a known bad trade, so SKIP.",scan-filtered,win,0.0848
2026-07-15T20:15:13.993Z,BTCUSDT,BUY,64948.01,0,"[bullish-cross-9/21-5m] Memory blocked this entry (counterfactual): Ledger shows 11 real prior losses vs 6 wins on bullish-cross-9/21-5m (net -1.05%) and learnings.md warns about it — this signal repeats a known bad trade, so SKIP.",scan-filtered,loss,-0.1755
2026-07-15T20:45:29.155Z,SOLUSDT,BUY,77.46,0,"[bullish-cross-9/21-5m] Memory blocked this entry (counterfactual): Ledger shows 9 real prior losses vs 7 wins on bullish-cross-9/21-5m (net -0.23%) and learnings.md warns about it — this signal repeats a known bad trade, so SKIP.",scan-filtered,loss,-0.4678
2026-07-15T20:50:31.090Z,ETHUSDT,BUY,1924.62,0,"[bullish-cross-9/21-5m] Memory blocked this entry (counterfactual): Ledger shows 6 real prior losses vs 7 wins on bullish-cross-9/21-5m (net -0.30%) and learnings.md warns about it — this signal repeats a known bad trade, so SKIP.",scan-filtered,loss,-0.4922
2026-07-15T21:20:45.026Z,BTCUSDT,SELL,64889.29,0,"[bearish-cross-9/21-5m] Memory blocked this entry (counterfactual): Ledger shows 14 real prior losses vs 3 wins on bearish-cross-9/21-5m (net -5.65%) and learnings.md warns about it — this signal repeats a known bad trade, so SKIP.",scan-filtered,loss,-0.1902
2026-07-15T21:20:45.243Z,ETHUSDT,SELL,1922.56,0,"[bearish-cross-9/21-5m] Memory blocked this entry (counterfactual): Ledger shows 8 real prior losses vs 6 wins on bearish-cross-9/21-5m (net -3.25%) and learnings.md warns about it — this signal repeats a known bad trade, so SKIP.",scan-filtered,loss,-0.1814
2026-07-15T21:51:00.037Z,SOLUSDT,SELL,77.34,0,"[bearish-cross-9/21-5m] Memory blocked this entry (counterfactual): Ledger shows 8 real prior losses vs 8 wins on bearish-cross-9/21-5m (net -2.26%) and learnings.md warns about it — this signal repeats a known bad trade, so SKIP.",scan-filtered,loss,-0.5715
2026-07-15T23:47:24.441Z,ETHUSDT,SELL,1915.63,0,"[bearish-cross-9/21-5m] Memory blocked this entry (counterfactual): Ledger shows 9 real prior losses vs 6 wins on bearish-cross-9/21-5m (net -3.43%) and learnings.md warns about it — this signal repeats a known bad trade, so SKIP.",scan-filtered,loss,-0.1429
2026-07-15T23:52:26.349Z,BTCUSDT,SELL,64756.36,0,"[bearish-cross-9/21-5m] Memory blocked this entry (counterfactual): Ledger shows 15 real prior losses vs 3 wins on bearish-cross-9/21-5m (net -5.84%) and learnings.md warns about it — this signal repeats a known bad trade, so SKIP.",scan-filtered,loss,-0.0352
2026-07-15T23:54:07.533Z,ETHUSDT,BUY,1891.87,1.021793172,"[tsmom28-1d-state-long] Trailing 28-candle return is positive (5.51%) — state construction holds long while momentum is positive. || broker fill 1918.58 qty 1.021793172, slippage +141.2 bps vs signal close, order bot-ETHUSDT-1784073600000",alpaca-paper,loss,-0.7905
2026-07-15T23:54:53.240Z,AAVEUSDT,BUY,98.96,20.430412401,"[tsmom28-1d-state-long] Trailing 28-candle return is positive (30.33%) — state construction holds long while momentum is positive. || broker fill 96.037 qty 20.430412401, slippage -295.4 bps vs signal close, order bot-AAVEUSDT-1784073600000",alpaca-paper,loss,-11.0720
2026-07-15T23:54:53.989Z,ARBUSDT,BUY,0.0922000,22178.309170065,"[tsmom28-1d-state-long] Trailing 28-candle return is positive (7.71%) — state construction holds long while momentum is positive. || broker fill 0.088397 qty 22178.309170065, slippage -412.5 bps vs signal close, order bot-ARBUSDT-1784073600000",alpaca-paper,loss,-13.2067
2026-07-15T23:54:54.810Z,BCHUSDT,BUY,236.80,8.757410959,"[tsmom28-1d-state-long] Trailing 28-candle return is positive (10.60%) — state construction holds long while momentum is positive. || broker fill 223.61 qty 8.757410959, slippage -557.0 bps vs signal close, order bot-BCHUSDT-1784073600000",alpaca-paper,loss,-10.0128
2026-07-15T23:55:18.458Z,LINKUSDT,BUY,8.34500,229.503290618,"[tsmom28-1d-state-long] Trailing 28-candle return is positive (0.82%) — state construction holds long while momentum is positive. || broker fill 8.55024 qty 229.503290618, slippage +245.9 bps vs signal close, order bot-LINKUSDT-1784073600000",alpaca-paper,win,4.9007
2026-07-15T23:55:41.812Z,SKYUSDT,BUY,0.0610300,31169.077283103,"[tsmom28-1d-state-long] Trailing 28-candle return is positive (6.47%) — state construction holds long while momentum is positive. || broker fill 0.0629048 qty 31169.077283103, slippage +307.2 bps vs signal close, order bot-SKYUSDT-1784073600000",alpaca-paper,loss,-12.8184
2026-07-15T23:55:42.208Z,SOLUSDT,BUY,77.87,25.316776161,"[tsmom28-1d-state-long] Trailing 28-candle return is positive (5.92%) — state construction holds long while momentum is positive. || broker fill 77.315299001 qty 25.316776161, slippage -71.2 bps vs signal close, order bot-SOLUSDT-1784073600000",alpaca-paper,loss,-2.3162
2026-07-15T23:55:43.056Z,UNIUSDT,BUY,3.66500,542.102381455,"[tsmom28-1d-state-long] Trailing 28-candle return is positive (11.30%) — state construction holds long while momentum is positive. || broker fill 3.624519144 qty 542.102381455, slippage -110.5 bps vs signal close, order bot-UNIUSDT-1784073600000",alpaca-paper,win,2.1011
2026-07-15T23:55:44.104Z,YFIUSDT,BUY,2107.00,0.930785921,"[tsmom28-1d-state-long] Trailing 28-candle return is positive (6.36%) — state construction holds long while momentum is positive. || broker fill 2121.607311299 qty 0.930785921, slippage +69.3 bps vs signal close, order bot-YFIUSDT-1784073600000",alpaca-paper,loss,-7.5615
2026-07-16T00:41:08.352Z,BTCUSDT,BUY,64756.28,0.030394667,"[tsmom28-1d-state-long] Trailing 28-candle return is positive (0.38%) — state construction holds long while momentum is positive. || broker fill 64514.809 qty 0.030394667, slippage -37.3 bps vs signal close, order bot-BTCUSDT-1784160000000",alpaca-paper,loss,-2.2709
2026-07-16T00:41:32.805Z,LTCUSDT,BUY,45.18,43.476370592,"[tsmom28-1d-state-long] Trailing 28-candle return is positive (0.58%) — state construction holds long while momentum is positive. || broker fill 45.02 qty 43.476370592, slippage -35.4 bps vs signal close, order bot-LTCUSDT-1784160000000",alpaca-paper,loss,-0.9419
2026-07-16T01:58:29.364Z,ETHUSDT,BUY,1923.83,0,"[bullish-cross-9/21-5m] Memory blocked this entry (counterfactual): Ledger shows 7 real prior losses vs 7 wins on bullish-cross-9/21-5m (net -0.79%) and learnings.md warns about it — this signal repeats a known bad trade, so SKIP.",scan-filtered,loss,-0.2506
2026-07-16T02:03:31.510Z,BTCUSDT,BUY,64730.01,0,"[bullish-cross-9/21-5m] Memory blocked this entry (counterfactual): Ledger shows 12 real prior losses vs 6 wins on bullish-cross-9/21-5m (net -1.23%) and learnings.md warns about it — this signal repeats a known bad trade, so SKIP.",scan-filtered,loss,-0.4359
2026-07-16T02:08:34.144Z,SOLUSDT,BUY,77.04,0,"[bullish-cross-9/21-5m] Memory blocked this entry (counterfactual): Ledger shows 10 real prior losses vs 7 wins on bullish-cross-9/21-5m (net -0.69%) and learnings.md warns about it — this signal repeats a known bad trade, so SKIP.",scan-filtered,loss,-0.2221
2026-07-16T02:58:56.680Z,BTCUSDT,SELL,64612.12,0,"[bearish-cross-9/21-5m] Memory blocked this entry (counterfactual): Ledger shows 16 real prior losses vs 3 wins on bearish-cross-9/21-5m (net -5.87%) and learnings.md warns about it — this signal repeats a known bad trade, so SKIP.",scan-filtered,loss,-0.3050
2026-07-16T03:44:17.941Z,BTCUSDT,BUY,64686.00,0,"[bullish-cross-9/21-5m] Memory blocked this entry (counterfactual): Ledger shows 13 real prior losses vs 6 wins on bullish-cross-9/21-5m (net -1.67%) and learnings.md warns about it — this signal repeats a known bad trade, so SKIP.",scan-filtered,loss,-0.4149
2026-07-16T03:54:23.030Z,SOLUSDT,SELL,76.82,0,"[bearish-cross-9/21-5m] Memory blocked this entry (counterfactual): Ledger shows 9 real prior losses vs 8 wins on bearish-cross-9/21-5m (net -2.83%) and learnings.md warns about it — this signal repeats a known bad trade, so SKIP.",scan-filtered,loss,-0.2609
2026-07-16T04:04:27.700Z,ETHUSDT,SELL,1918.70,0,"[bearish-cross-9/21-5m] Memory blocked this entry (counterfactual): Ledger shows 10 real prior losses vs 6 wins on bearish-cross-9/21-5m (net -3.57%) and learnings.md warns about it — this signal repeats a known bad trade, so SKIP.",scan-filtered,loss,-0.2797
2026-07-16T04:24:36.313Z,BTCUSDT,SELL,64567.74,0,"[bearish-cross-9/21-5m] Memory blocked this entry (counterfactual): Ledger shows 17 real prior losses vs 3 wins on bearish-cross-9/21-5m (net -6.18%) and learnings.md warns about it — this signal repeats a known bad trade, so SKIP.",scan-filtered,loss,-0.6305
2026-07-16T05:10:13.412Z,BTCUSDT,BUY,64668.18,0,"[bullish-cross-9/21-5m] Memory blocked this entry (counterfactual): Ledger shows 14 real prior losses vs 6 wins on bullish-cross-9/21-5m (net -2.08%) and learnings.md warns about it — this signal repeats a known bad trade, so SKIP.",scan-filtered,win,0.1173
2026-07-16T05:20:18.290Z,ETHUSDT,BUY,1921.82,0,"[bullish-cross-9/21-5m] Memory blocked this entry (counterfactual): Ledger shows 8 real prior losses vs 7 wins on bullish-cross-9/21-5m (net -1.04%) and learnings.md warns about it — this signal repeats a known bad trade, so SKIP.",scan-filtered,loss,-0.0976
2026-07-16T05:25:20.735Z,SOLUSDT,BUY,77.31,0,"[bullish-cross-9/21-5m] Memory blocked this entry (counterfactual): Ledger shows 11 real prior losses vs 7 wins on bullish-cross-9/21-5m (net -0.92%) and learnings.md warns about it — this signal repeats a known bad trade, so SKIP.",scan-filtered,loss,-0.2224
2026-07-16T06:49:57.597Z,BTCUSDT,SELL,64729.16,0,"[bearish-cross-9/21-5m] Memory blocked this entry (counterfactual): Ledger shows 18 real prior losses vs 3 wins on bearish-cross-9/21-5m (net -6.81%) and learnings.md warns about it — this signal repeats a known bad trade, so SKIP.",scan-filtered,win,0.4646
2026-07-16T06:49:57.792Z,ETHUSDT,SELL,1919.37,0,"[bearish-cross-9/21-5m] Memory blocked this entry (counterfactual): Ledger shows 11 real prior losses vs 6 wins on bearish-cross-9/21-5m (net -3.85%) and learnings.md warns about it — this signal repeats a known bad trade, so SKIP.",scan-filtered,win,0.3403
2026-07-16T07:00:05.895Z,SOLUSDT,SELL,77.35,0,"[bearish-cross-9/21-5m] Memory blocked this entry (counterfactual): Ledger shows 10 real prior losses vs 8 wins on bearish-cross-9/21-5m (net -3.09%) and learnings.md warns about it — this signal repeats a known bad trade, so SKIP.",scan-filtered,win,0.9153
2026-07-16T09:21:10.804Z,BTCUSDT,BUY,64122.00,0,"[bullish-cross-9/21-5m] Memory blocked this entry (counterfactual): Ledger shows 14 real prior losses vs 7 wins on bullish-cross-9/21-5m (net -1.96%) and learnings.md warns about it — this signal repeats a known bad trade, so SKIP.",scan-filtered,loss,-0.1347
2026-07-16T09:26:13.036Z,BTCUSDT,SELL,64069.94,0,"[bearish-cross-9/21-5m] Memory blocked this entry (counterfactual): Ledger shows 18 real prior losses vs 4 wins on bearish-cross-9/21-5m (net -6.34%) and learnings.md warns about it — this signal repeats a known bad trade, so SKIP.",scan-filtered,loss,-0.5150
2026-07-16T10:26:41.659Z,BTCUSDT,BUY,64207.71,0,"[bullish-cross-9/21-5m] Memory blocked this entry (counterfactual): Ledger shows 15 real prior losses vs 7 wins on bullish-cross-9/21-5m (net -2.10%) and learnings.md warns about it — this signal repeats a known bad trade, so SKIP.",scan-filtered,loss,-0.2235
2026-07-16T10:26:41.858Z,ETHUSDT,BUY,1888.19,0,"[bullish-cross-9/21-5m] Memory blocked this entry (counterfactual): Ledger shows 9 real prior losses vs 7 wins on bullish-cross-9/21-5m (net -1.14%) and learnings.md warns about it — this signal repeats a known bad trade, so SKIP.",scan-filtered,loss,-0.2952
2026-07-16T10:26:42.140Z,SOLUSDT,BUY,76.22,0,"[bullish-cross-9/21-5m] Memory blocked this entry (counterfactual): Ledger shows 12 real prior losses vs 7 wins on bullish-cross-9/21-5m (net -1.14%) and learnings.md warns about it — this signal repeats a known bad trade, so SKIP.",scan-filtered,loss,-0.2606
2026-07-16T11:27:10.488Z,SOLUSDT,SELL,76.25,0,"[bearish-cross-9/21-5m] Memory blocked this entry (counterfactual): Ledger shows 10 real prior losses vs 9 wins on bearish-cross-9/21-5m (net -2.18%) and learnings.md warns about it — this signal repeats a known bad trade, so SKIP.",scan-filtered,loss,-0.1164
2026-07-16T11:32:12.971Z,ETHUSDT,SELL,1883.21,0,"[bearish-cross-9/21-5m] Memory blocked this entry (counterfactual): Ledger shows 11 real prior losses vs 7 wins on bearish-cross-9/21-5m (net -3.51%) and learnings.md warns about it — this signal repeats a known bad trade, so SKIP.",scan-filtered,loss,-0.2650
2026-07-16T11:47:19.772Z,BTCUSDT,SELL,64263.16,0,"[bearish-cross-9/21-5m] Memory blocked this entry (counterfactual): Ledger shows 19 real prior losses vs 4 wins on bearish-cross-9/21-5m (net -6.86%) and learnings.md warns about it — this signal repeats a known bad trade, so SKIP.",scan-filtered,win,0.2838
2026-07-16T12:02:26.746Z,BTCUSDT,BUY,64256.53,0,"[bullish-cross-9/21-5m] Memory blocked this entry (counterfactual): Ledger shows 16 real prior losses vs 7 wins on bullish-cross-9/21-5m (net -2.32%) and learnings.md warns about it — this signal repeats a known bad trade, so SKIP.",scan-filtered,loss,-0.7521
2026-07-16T12:22:36.674Z,SOLUSDT,BUY,76.09,0,"[bullish-cross-9/21-5m] Memory blocked this entry (counterfactual): Ledger shows 13 real prior losses vs 7 wins on bullish-cross-9/21-5m (net -1.40%) and learnings.md warns about it — this signal repeats a known bad trade, so SKIP.",scan-filtered,loss,-0.1554
2026-07-16T12:27:39.056Z,BTCUSDT,SELL,64125.17,0,"[bearish-cross-9/21-5m] Memory blocked this entry (counterfactual): Ledger shows 19 real prior losses vs 4 wins on bearish-cross-9/21-5m (net -6.86%) and learnings.md warns about it — this signal repeats a known bad trade, so SKIP.",scan-filtered,loss,-0.4391
2026-07-16T17:35:38.053Z,SPY,BUY,752.11,1,[bullish-cross-9/21-5m] Fast 9MA (752.46) crossed above slow 21MA (752.44) — momentum turning up.,scan,loss,-0.4888
2026-07-16T21:22:32.843Z,ETHUSDT,BUY,1878.17,0,"[bullish-cross-9/21-5m] Memory blocked this entry (counterfactual): Ledger shows 10 real prior losses vs 7 wins on bullish-cross-9/21-5m (net -1.43%) and learnings.md warns about it — this signal repeats a known bad trade, so SKIP.",scan-filtered,loss,-0.2409
2026-07-16T21:47:43.922Z,BTCUSDT,BUY,64214.00,0,"[bullish-cross-9/21-5m] Memory blocked this entry (counterfactual): Ledger shows 17 real prior losses vs 7 wins on bullish-cross-9/21-5m (net -3.07%) and learnings.md warns about it — this signal repeats a known bad trade, so SKIP.",scan-filtered,loss,-0.5016
2026-07-16T22:33:05.417Z,BTCUSDT,SELL,64019.99,0,"[bearish-cross-9/21-5m] Memory blocked this entry (counterfactual): Ledger shows 20 real prior losses vs 5 wins on bearish-cross-9/21-5m (net -7.01%) and learnings.md warns about it — this signal repeats a known bad trade, so SKIP.",scan-filtered,win,0.0236
2026-07-16T22:33:05.885Z,SOLUSDT,SELL,75.59,0,"[bearish-cross-9/21-5m] Memory blocked this entry (counterfactual): Ledger shows 11 real prior losses vs 9 wins on bearish-cross-9/21-5m (net -2.30%) and learnings.md warns about it — this signal repeats a known bad trade, so SKIP.",scan-filtered,win,0.2556
2026-07-16T22:48:12.514Z,ETHUSDT,SELL,1871.76,0,"[bearish-cross-9/21-5m] Memory blocked this entry (counterfactual): Ledger shows 12 real prior losses vs 7 wins on bearish-cross-9/21-5m (net -3.77%) and learnings.md warns about it — this signal repeats a known bad trade, so SKIP.",scan-filtered,win,0.1573
2026-07-17T01:08:32.566Z,BTCUSDT,BUY,63940.01,0,"[bullish-cross-9/21-5m] Memory blocked this entry (counterfactual): Ledger shows 18 real prior losses vs 7 wins on bullish-cross-9/21-5m (net -3.58%) and learnings.md warns about it — this signal repeats a known bad trade, so SKIP.",scan-filtered,loss,-0.8694
2026-07-17T01:20:06.452Z,AVAXUSDT,BUY,6.51400,306.300759779,"[tsmom28-1d-state-long] Trailing 28-candle return is positive (3.10%) — state construction holds long while momentum is positive. || broker fill 6.512952028 qty 306.300759779, slippage +4.5 bps vs decision mark 6.51000, signal-drift -1.6 bps vs signal close, order bot-AVAXUSDT-1784246400000",alpaca-paper,loss,-1.1750
2026-07-17T01:23:39.256Z,ETHUSDT,BUY,1863.00,0,"[bullish-cross-9/21-5m] Memory blocked this entry (counterfactual): Ledger shows 11 real prior losses vs 7 wins on bullish-cross-9/21-5m (net -1.67%) and learnings.md warns about it — this signal repeats a known bad trade, so SKIP.",scan-filtered,loss,-0.8266
2026-07-17T01:53:51.901Z,ETHUSDT,SELL,1854.60,0,"[bearish-cross-9/21-5m] Memory blocked this entry (counterfactual): Ledger shows 12 real prior losses vs 8 wins on bearish-cross-9/21-5m (net -3.62%) and learnings.md warns about it — this signal repeats a known bad trade, so SKIP.",scan-filtered,win,0.1669
2026-07-17T01:58:54.134Z,BTCUSDT,SELL,63509.99,0,"[bearish-cross-9/21-5m] Memory blocked this entry (counterfactual): Ledger shows 20 real prior losses vs 6 wins on bearish-cross-9/21-5m (net -6.99%) and learnings.md warns about it — this signal repeats a known bad trade, so SKIP.",scan-filtered,loss,-0.0960
2026-07-17T02:03:56.511Z,SOLUSDT,SELL,75.10,0,"[bearish-cross-9/21-5m] Memory blocked this entry (counterfactual): Ledger shows 11 real prior losses vs 10 wins on bearish-cross-9/21-5m (net -2.04%) and learnings.md warns about it — this signal repeats a known bad trade, so SKIP.",scan-filtered,loss,-0.1668
2026-07-17T03:34:40.043Z,BTCUSDT,BUY,63678.93,0,"[bullish-cross-9/21-5m] Memory blocked this entry (counterfactual): Ledger shows 19 real prior losses vs 7 wins on bullish-cross-9/21-5m (net -4.44%) and learnings.md warns about it — this signal repeats a known bad trade, so SKIP.",scan-filtered,loss,-0.7639
2026-07-17T03:34:40.274Z,ETHUSDT,BUY,1857.96,0,"[bullish-cross-9/21-5m] Memory blocked this entry (counterfactual): Ledger shows 12 real prior losses vs 7 wins on bullish-cross-9/21-5m (net -2.50%) and learnings.md warns about it — this signal repeats a known bad trade, so SKIP.",scan-filtered,loss,-0.8748
2026-07-17T03:34:40.505Z,SOLUSDT,BUY,75.38,0,"[bullish-cross-9/21-5m] Memory blocked this entry (counterfactual): Ledger shows 14 real prior losses vs 7 wins on bullish-cross-9/21-5m (net -1.55%) and learnings.md warns about it — this signal repeats a known bad trade, so SKIP.",scan-filtered,loss,-0.8970
2026-07-17T04:20:06.498Z,BTCUSDT,SELL,63340.00,0,"[bearish-cross-9/21-5m] Memory blocked this entry (counterfactual): Ledger shows 21 real prior losses vs 6 wins on bearish-cross-9/21-5m (net -7.08%) and learnings.md warns about it — this signal repeats a known bad trade, so SKIP.",scan-filtered,loss,-0.3797
2026-07-17T04:25:09.216Z,ETHUSDT,SELL,1849.15,0,"[bearish-cross-9/21-5m] Memory blocked this entry (counterfactual): Ledger shows 12 real prior losses vs 9 wins on bearish-cross-9/21-5m (net -3.45%) and learnings.md warns about it — this signal repeats a known bad trade, so SKIP.",scan-filtered,loss,-0.0583
2026-07-17T04:25:09.433Z,SOLUSDT,SELL,74.96,0,"[bearish-cross-9/21-5m] Memory blocked this entry (counterfactual): Ledger shows 12 real prior losses vs 10 wins on bearish-cross-9/21-5m (net -2.21%) and learnings.md warns about it — this signal repeats a known bad trade, so SKIP.",scan-filtered,loss,-0.3667
2026-07-17T08:03:59.644Z,BTCUSDT,SELL,62828.11,0,"[bearish-cross-9/21-5m] Memory blocked this entry (counterfactual): Ledger shows 22 real prior losses vs 6 wins on bearish-cross-9/21-5m (net -7.46%) and learnings.md warns about it — this signal repeats a known bad trade, so SKIP.",scan-filtered,loss,-0.3953
2026-07-17T08:14:04.604Z,SOLUSDT,BUY,74.59,0,"[bullish-cross-9/21-5m] Memory blocked this entry (counterfactual): Ledger shows 15 real prior losses vs 7 wins on bullish-cross-9/21-5m (net -2.45%) and learnings.md warns about it — this signal repeats a known bad trade, so SKIP.",scan-filtered,loss,-0.3938
2026-07-17T08:39:15.740Z,SOLUSDT,SELL,74.36,0,"[bearish-cross-9/21-5m] Memory blocked this entry (counterfactual): Ledger shows 13 real prior losses vs 10 wins on bearish-cross-9/21-5m (net -2.57%) and learnings.md warns about it — this signal repeats a known bad trade, so SKIP.",scan-filtered,loss,-0.6765
2026-07-17T09:19:34.200Z,ETHUSDT,BUY,1832.90,0,"[bullish-cross-9/21-5m] Memory blocked this entry (counterfactual): Ledger shows 13 real prior losses vs 7 wins on bullish-cross-9/21-5m (net -3.37%) and learnings.md warns about it — this signal repeats a known bad trade, so SKIP.",scan-filtered,win,0.0219
2026-07-17T09:24:36.186Z,BTCUSDT,BUY,62868.87,0,"[bullish-cross-9/21-5m] Memory blocked this entry (counterfactual): Ledger shows 20 real prior losses vs 7 wins on bullish-cross-9/21-5m (net -5.21%) and learnings.md warns about it — this signal repeats a known bad trade, so SKIP.",scan-filtered,win,0.0581
2026-07-17T09:29:38.969Z,SOLUSDT,BUY,74.67,0,"[bullish-cross-9/21-5m] Memory blocked this entry (counterfactual): Ledger shows 16 real prior losses vs 7 wins on bullish-cross-9/21-5m (net -2.84%) and learnings.md warns about it — this signal repeats a known bad trade, so SKIP.",scan-filtered,loss,-0.2196
2026-07-17T11:26:03.941Z,ETHUSDT,SELL,1835.10,0,"[bearish-cross-9/21-5m] Memory blocked this entry (counterfactual): Ledger shows 13 real prior losses vs 9 wins on bearish-cross-9/21-5m (net -3.51%) and learnings.md warns about it — this signal repeats a known bad trade, so SKIP.",scan-filtered,loss,-0.3899
2026-07-17T11:56:17.654Z,ETHUSDT,BUY,1840.31,0,"[bullish-cross-9/21-5m] Memory blocked this entry (counterfactual): Ledger shows 13 real prior losses vs 8 wins on bullish-cross-9/21-5m (net -3.35%) and learnings.md warns about it — this signal repeats a known bad trade, so SKIP.",scan-filtered,loss,-0.8521
2026-07-17T15:50:12.361Z,IWM,BUY,295.62,6,"[tsmom28-1d-state-long] Trailing 28-candle return is positive (1.25%) — state construction holds long while momentum is positive. || broker fill 293.7 qty 6, slippage +1.0 bps vs decision mark 293.67, signal-drift -64.9 bps vs signal close, order bot-IWM-1784246400000",alpaca-paper,open,
2026-07-17T15:57:28.085Z,DIA,BUY,524.79,3,"[tsmom28-1d-state-long] Trailing 28-candle return is positive (1.57%) — state construction holds long while momentum is positive. || broker fill 523.9 qty 3, slippage -0.4 bps vs decision mark 523.92, signal-drift -17.0 bps vs signal close, order bot-DIA-1784246400000",alpaca-paper,open,
2026-07-17T15:57:29.576Z,AAPL,BUY,333.23,5,"[tsmom28-1d-state-long] Trailing 28-candle return is positive (7.08%) — state construction holds long while momentum is positive. || broker fill 332.66 qty 5, slippage +1.7 bps vs decision mark 332.61, signal-drift -17.1 bps vs signal close, order bot-AAPL-1784246400000",alpaca-paper,open,
2026-07-17T15:57:31.424Z,META,BUY,664.16,3,"[tsmom28-1d-state-long] Trailing 28-candle return is positive (5.84%) — state construction holds long while momentum is positive. || broker fill 632.81 qty 3, slippage +14.9 bps vs decision mark 631.87, signal-drift -472.0 bps vs signal close, order bot-META-1784246400000",alpaca-paper,open,
2026-07-17T15:57:33.854Z,JPM,BUY,343.09,5,"[tsmom28-1d-state-long] Trailing 28-candle return is positive (10.36%) — state construction holds long while momentum is positive. || broker fill 344.5 qty 5, slippage +3.2 bps vs decision mark 344.39, signal-drift +41.1 bps vs signal close, order bot-JPM-1784246400000",alpaca-paper,open,
2026-07-17T15:57:35.331Z,V,BUY,364.78,5,"[tsmom28-1d-state-long] Trailing 28-candle return is positive (13.89%) — state construction holds long while momentum is positive. || broker fill 358.56 qty 5, slippage +5.9 bps vs decision mark 358.35, signal-drift -170.5 bps vs signal close, order bot-V-1784246400000",alpaca-paper,open,
2026-07-17T15:57:36.331Z,UNH,BUY,423.28,4,"[tsmom28-1d-state-long] Trailing 28-candle return is positive (6.75%) — state construction holds long while momentum is positive. || broker fill 431.27 qty 4, slippage -2.1 bps vs decision mark 431.36, signal-drift +188.8 bps vs signal close, order bot-UNH-1784246400000",alpaca-paper,open,
2026-07-17T15:57:38.102Z,LLY,BUY,1170.00,1,"[tsmom28-1d-state-long] Trailing 28-candle return is positive (3.96%) — state construction holds long while momentum is positive. || broker fill 1180.47 qty 1, slippage +13.0 bps vs decision mark 1178.94, signal-drift +89.5 bps vs signal close, order bot-LLY-1784246400000",alpaca-paper,open,
2026-07-17T16:05:06.209Z,JNJ,BUY,249.54,7,"[tsmom28-1d-state-long] Trailing 28-candle return is positive (9.32%) — state construction holds long while momentum is positive. || broker fill 253.78 qty 7, slippage -4.7 bps vs decision mark 253.90, signal-drift +169.7 bps vs signal close, order bot-JNJ-1784246400000",alpaca-paper,open,
2026-07-17T16:05:08.857Z,PG,BUY,151.49,13,"[tsmom28-1d-state-long] Trailing 28-candle return is positive (7.61%) — state construction holds long while momentum is positive. || broker fill 151.37 qty 13, slippage -4.6 bps vs decision mark 151.44, signal-drift -7.9 bps vs signal close, order bot-PG-1784246400000",alpaca-paper,open,
2026-07-17T16:21:14.653Z,BAC,BUY,61.52,32,"[tsmom28-1d-state-long] Trailing 28-candle return is positive (13.69%) — state construction holds long while momentum is positive. || broker fill 61.6 qty 32, slippage +6.5 bps vs decision mark 61.56, signal-drift +13.8 bps vs signal close, order bot-BAC-1784246400000",alpaca-paper,open,
2026-07-17T23:47:06.403Z,ETHUSDT,BUY,1842.90,0,"[bullish-cross-9/21-5m] Memory blocked this entry (counterfactual): Ledger shows 14 real prior losses vs 8 wins on bullish-cross-9/21-5m (net -4.20%) and learnings.md warns about it — this signal repeats a known bad trade, so SKIP.",scan-filtered,loss,-0.3950
2026-07-18T00:02:12.664Z,BTCUSDT,BUY,63931.67,0,"[bullish-cross-9/21-5m] Memory blocked this entry (counterfactual): Ledger shows 20 real prior losses vs 8 wins on bullish-cross-9/21-5m (net -5.15%) and learnings.md warns about it — this signal repeats a known bad trade, so SKIP.",scan-filtered,loss,-0.3338
2026-07-18T00:08:13.012Z,ADAUSDT,BUY,0.166700,11137.963355443,"[tsmom28-1d-state-long] Trailing 28-candle return is positive (2.84%) — state construction holds long while momentum is positive. || broker fill 0.16707 qty 11137.963355443, slippage +4.2 bps vs decision mark 0.167000, signal-drift +22.2 bps vs signal close, order bot-ADAUSDT-1784332800000",alpaca-paper,win,7.7984
2026-07-18T00:08:15.298Z,CRVUSDT,BUY,0.218400,9197.499751668,"[tsmom28-1d-state-long] Trailing 28-candle return is positive (1.53%) — state construction holds long while momentum is positive. || broker fill 0.217250121 qty 9197.499751668, slippage +20.8 bps vs decision mark 0.216800, signal-drift -52.7 bps vs signal close, order bot-CRVUSDT-1784332800000",alpaca-paper,win,9.0407
2026-07-18T00:09:29.189Z,ADAUSDT,BUY,0.17,0.001,[tsmom28-1d-flip-long] Trailing 28-candle return flipped positive (-1.71% -> 2.84%) — momentum turned up.,scan,win,5.7000
2026-07-18T00:27:23.880Z,BTCUSDT,SELL,63977.96,0,"[bearish-cross-9/21-5m] Memory blocked this entry (counterfactual): Ledger shows 23 real prior losses vs 6 wins on bearish-cross-9/21-5m (net -7.86%) and learnings.md warns about it — this signal repeats a known bad trade, so SKIP.",scan-filtered,loss,-0.3112
2026-07-18T00:37:28.196Z,BTCUSDT,BUY,63947.10,0,"[bullish-cross-9/21-5m] Memory blocked this entry (counterfactual): Ledger shows 20 real prior losses vs 8 wins on bullish-cross-9/21-5m (net -5.15%) and learnings.md warns about it — this signal repeats a known bad trade, so SKIP.",scan-filtered,loss,-0.3330
2026-07-18T00:42:30.506Z,BTCUSDT,SELL,63917.99,0,"[bearish-cross-9/21-5m] Memory blocked this entry (counterfactual): Ledger shows 23 real prior losses vs 6 wins on bearish-cross-9/21-5m (net -7.86%) and learnings.md warns about it — this signal repeats a known bad trade, so SKIP.",scan-filtered,loss,-0.3435
2026-07-18T00:47:33.031Z,BTCUSDT,BUY,63927.13,0,"[bullish-cross-9/21-5m] Memory blocked this entry (counterfactual): Ledger shows 20 real prior losses vs 8 wins on bullish-cross-9/21-5m (net -5.15%) and learnings.md warns about it — this signal repeats a known bad trade, so SKIP.",scan-filtered,loss,-0.2591
2026-07-18T01:02:39.987Z,BTCUSDT,SELL,63910.04,0,"[bearish-cross-9/21-5m] Memory blocked this entry (counterfactual): Ledger shows 23 real prior losses vs 6 wins on bearish-cross-9/21-5m (net -7.86%) and learnings.md warns about it — this signal repeats a known bad trade, so SKIP.",scan-filtered,loss,-0.3672
2026-07-18T01:07:42.594Z,ETHUSDT,SELL,1840.99,0,"[bearish-cross-9/21-5m] Memory blocked this entry (counterfactual): Ledger shows 14 real prior losses vs 9 wins on bearish-cross-9/21-5m (net -3.90%) and learnings.md warns about it — this signal repeats a known bad trade, so SKIP.",scan-filtered,loss,-0.3885
2026-07-18T01:22:49.708Z,SOLUSDT,SELL,75.07,0,"[bearish-cross-9/21-5m] Memory blocked this entry (counterfactual): Ledger shows 14 real prior losses vs 10 wins on bearish-cross-9/21-5m (net -3.25%) and learnings.md warns about it — this signal repeats a known bad trade, so SKIP.",scan-filtered,loss,-0.6064
2026-07-18T01:48:01.157Z,BTCUSDT,BUY,63953.28,0,"[bullish-cross-9/21-5m] Memory blocked this entry (counterfactual): Ledger shows 23 real prior losses vs 8 wins on bullish-cross-9/21-5m (net -6.08%) and learnings.md warns about it — this signal repeats a known bad trade, so SKIP.",scan-filtered,loss,-0.2762
2026-07-18T01:58:06.431Z,SOLUSDT,BUY,75.23,0,"[bullish-cross-9/21-5m] Memory blocked this entry (counterfactual): Ledger shows 17 real prior losses vs 7 wins on bullish-cross-9/21-5m (net -3.06%) and learnings.md warns about it — this signal repeats a known bad trade, so SKIP.",scan-filtered,loss,-0.2601
2026-07-18T02:08:11.161Z,ETHUSDT,BUY,1842.62,0,"[bullish-cross-9/21-5m] Memory blocked this entry (counterfactual): Ledger shows 15 real prior losses vs 8 wins on bullish-cross-9/21-5m (net -4.60%) and learnings.md warns about it — this signal repeats a known bad trade, so SKIP.",scan-filtered,loss,-0.3402
2026-07-18T04:22:02.023Z,BTCUSDT,BUY,64003.00,0,"[bullish-cross-9/21-5m] Memory blocked this entry (counterfactual): Ledger shows 24 real prior losses vs 8 wins on bullish-cross-9/21-5m (net -6.35%) and learnings.md warns about it — this signal repeats a known bad trade, so SKIP.",scan-filtered,loss,-0.4195
2026-07-18T04:22:02.527Z,SOLUSDT,BUY,75.22,0,"[bullish-cross-9/21-5m] Memory blocked this entry (counterfactual): Ledger shows 18 real prior losses vs 7 wins on bullish-cross-9/21-5m (net -3.32%) and learnings.md warns about it — this signal repeats a known bad trade, so SKIP.",scan-filtered,loss,-0.6457
2026-07-18T04:47:16.115Z,SOLUSDT,SELL,75.09,0,"[bearish-cross-9/21-5m] Memory blocked this entry (counterfactual): Ledger shows 15 real prior losses vs 10 wins on bearish-cross-9/21-5m (net -3.86%) and learnings.md warns about it — this signal repeats a known bad trade, so SKIP.",scan-filtered,loss,-0.1136
2026-07-18T05:02:22.265Z,BTCUSDT,SELL,63967.99,0,"[bearish-cross-9/21-5m] Memory blocked this entry (counterfactual): Ledger shows 26 real prior losses vs 6 wins on bearish-cross-9/21-5m (net -8.88%) and learnings.md warns about it — this signal repeats a known bad trade, so SKIP.",scan-filtered,loss,-0.2999
2026-07-18T05:02:22.485Z,ETHUSDT,SELL,1844.70,0,"[bearish-cross-9/21-5m] Memory blocked this entry (counterfactual): Ledger shows 15 real prior losses vs 9 wins on bearish-cross-9/21-5m (net -4.29%) and learnings.md warns about it — this signal repeats a known bad trade, so SKIP.",scan-filtered,loss,-0.3629
2026-07-18T05:12:27.011Z,ETHUSDT,BUY,1844.03,0,"[bullish-cross-9/21-5m] Memory blocked this entry (counterfactual): Ledger shows 16 real prior losses vs 8 wins on bullish-cross-9/21-5m (net -4.94%) and learnings.md warns about it — this signal repeats a known bad trade, so SKIP.",scan-filtered,loss,-0.2127
2026-07-18T05:17:29.213Z,ETHUSDT,SELL,1843.43,0,"[bearish-cross-9/21-5m] Memory blocked this entry (counterfactual): Ledger shows 15 real prior losses vs 9 wins on bearish-cross-9/21-5m (net -4.29%) and learnings.md warns about it — this signal repeats a known bad trade, so SKIP.",scan-filtered,loss,-0.3711
2026-07-18T05:27:35.019Z,ETHUSDT,BUY,1845.62,0,"[bullish-cross-9/21-5m] Memory blocked this entry (counterfactual): Ledger shows 16 real prior losses vs 8 wins on bullish-cross-9/21-5m (net -4.94%) and learnings.md warns about it — this signal repeats a known bad trade, so SKIP.",scan-filtered,loss,-0.2610
2026-07-18T06:02:50.874Z,BTCUSDT,BUY,63967.95,0,"[bullish-cross-9/21-5m] Memory blocked this entry (counterfactual): Ledger shows 25 real prior losses vs 8 wins on bullish-cross-9/21-5m (net -6.77%) and learnings.md warns about it — this signal repeats a known bad trade, so SKIP.",scan-filtered,loss,-0.2817
2026-07-18T06:48:11.733Z,SOLUSDT,BUY,75.04,0,"[bullish-cross-9/21-5m] Memory blocked this entry (counterfactual): Ledger shows 19 real prior losses vs 7 wins on bullish-cross-9/21-5m (net -3.97%) and learnings.md warns about it — this signal repeats a known bad trade, so SKIP.",scan-filtered,loss,-0.3000
2026-07-18T06:53:13.686Z,ETHUSDT,SELL,1844.97,0,"[bearish-cross-9/21-5m] Memory blocked this entry (counterfactual): Ledger shows 17 real prior losses vs 9 wins on bearish-cross-9/21-5m (net -5.02%) and learnings.md warns about it — this signal repeats a known bad trade, so SKIP.",scan-filtered,loss,-0.2561
2026-07-18T07:33:32.064Z,SOLUSDT,SELL,74.96,0,"[bearish-cross-9/21-5m] Memory blocked this entry (counterfactual): Ledger shows 16 real prior losses vs 10 wins on bearish-cross-9/21-5m (net -3.97%) and learnings.md warns about it — this signal repeats a known bad trade, so SKIP.",scan-filtered,loss,-0.3534
2026-07-18T08:28:57.530Z,BTCUSDT,SELL,63997.06,0,"[bearish-cross-9/21-5m] Memory blocked this entry (counterfactual): Ledger shows 27 real prior losses vs 6 wins on bearish-cross-9/21-5m (net -9.18%) and learnings.md warns about it — this signal repeats a known bad trade, so SKIP.",scan-filtered,loss,-0.2492
2026-07-18T08:39:02.431Z,ETHUSDT,BUY,1848.76,0,"[bullish-cross-9/21-5m] Memory blocked this entry (counterfactual): Ledger shows 18 real prior losses vs 8 wins on bullish-cross-9/21-5m (net -5.41%) and learnings.md warns about it — this signal repeats a known bad trade, so SKIP.",scan-filtered,loss,-0.5304
2026-07-18T08:54:09.487Z,SOLUSDT,BUY,74.99,0,"[bullish-cross-9/21-5m] Memory blocked this entry (counterfactual): Ledger shows 20 real prior losses vs 7 wins on bullish-cross-9/21-5m (net -4.27%) and learnings.md warns about it — this signal repeats a known bad trade, so SKIP.",scan-filtered,loss,-0.5934
2026-07-18T09:24:23.019Z,SOLUSDT,SELL,74.81,0,"[bearish-cross-9/21-5m] Memory blocked this entry (counterfactual): Ledger shows 17 real prior losses vs 10 wins on bearish-cross-9/21-5m (net -4.32%) and learnings.md warns about it — this signal repeats a known bad trade, so SKIP.",scan-filtered,loss,-0.3134
2026-07-18T09:44:32.065Z,ETHUSDT,SELL,1845.20,0,"[bearish-cross-9/21-5m] Memory blocked this entry (counterfactual): Ledger shows 18 real prior losses vs 9 wins on bearish-cross-9/21-5m (net -5.28%) and learnings.md warns about it — this signal repeats a known bad trade, so SKIP.",scan-filtered,loss,-0.2805
2026-07-18T10:24:50.084Z,BTCUSDT,BUY,63995.00,0,"[bullish-cross-9/21-5m] Memory blocked this entry (counterfactual): Ledger shows 26 real prior losses vs 8 wins on bullish-cross-9/21-5m (net -7.05%) and learnings.md warns about it — this signal repeats a known bad trade, so SKIP.",scan-filtered,loss,-0.2530
2026-07-18T10:34:55.033Z,SOLUSDT,BUY,74.92,0,"[bullish-cross-9/21-5m] Memory blocked this entry (counterfactual): Ledger shows 21 real prior losses vs 7 wins on bullish-cross-9/21-5m (net -4.86%) and learnings.md warns about it — this signal repeats a known bad trade, so SKIP.",scan-filtered,loss,-0.1799
2026-07-18T10:44:59.476Z,ETHUSDT,BUY,1844.84,0,"[bullish-cross-9/21-5m] Memory blocked this entry (counterfactual): Ledger shows 19 real prior losses vs 8 wins on bullish-cross-9/21-5m (net -5.94%) and learnings.md warns about it — this signal repeats a known bad trade, so SKIP.",scan-filtered,loss,-0.3065
2026-07-18T11:20:16.368Z,ETHUSDT,SELL,1845.03,0,"[bearish-cross-9/21-5m] Memory blocked this entry (counterfactual): Ledger shows 19 real prior losses vs 9 wins on bearish-cross-9/21-5m (net -5.56%) and learnings.md warns about it — this signal repeats a known bad trade, so SKIP.",scan-filtered,loss,-0.2469
2026-07-18T11:30:21.100Z,ETHUSDT,BUY,1845.53,0,"[bullish-cross-9/21-5m] Memory blocked this entry (counterfactual): Ledger shows 19 real prior losses vs 8 wins on bullish-cross-9/21-5m (net -5.94%) and learnings.md warns about it — this signal repeats a known bad trade, so SKIP.",scan-filtered,loss,-0.5270
2026-07-18T11:40:25.746Z,ETHUSDT,SELL,1844.72,0,"[bearish-cross-9/21-5m] Memory blocked this entry (counterfactual): Ledger shows 19 real prior losses vs 9 wins on bearish-cross-9/21-5m (net -5.56%) and learnings.md warns about it — this signal repeats a known bad trade, so SKIP.",scan-filtered,loss,-0.3103
2026-07-18T19:53:35.536Z,SOLUSDT,BUY,75.38,0,"[bullish-cross-9/21-5m] Memory blocked this entry (counterfactual): Ledger shows 22 real prior losses vs 7 wins on bullish-cross-9/21-5m (net -5.04%) and learnings.md warns about it — this signal repeats a known bad trade, so SKIP.",scan-filtered,loss,-0.3265
2026-07-18T23:21:21.376Z,SOLUSDT,BUY,75.53,0,"[bullish-cross-9/21-5m] Memory blocked this entry (counterfactual): Ledger shows 23 real prior losses vs 7 wins on bullish-cross-9/21-5m (net -5.37%) and learnings.md warns about it — this signal repeats a known bad trade, so SKIP.",scan-filtered,loss,-0.3397
2026-07-18T23:46:34.396Z,ETHUSDT,SELL,1861.92,0,"[bearish-cross-9/21-5m] Memory blocked this entry (counterfactual): Ledger shows 21 real prior losses vs 9 wins on bearish-cross-9/21-5m (net -6.12%) and learnings.md warns about it — this signal repeats a known bad trade, so SKIP.",scan-filtered,loss,-0.1910
2026-07-19T00:06:43.363Z,ETHUSDT,BUY,1862.32,0,"[bullish-cross-9/21-5m] Memory blocked this entry (counterfactual): Ledger shows 21 real prior losses vs 8 wins on bullish-cross-9/21-5m (net -6.78%) and learnings.md warns about it — this signal repeats a known bad trade, so SKIP.",scan-filtered,loss,-0.3918
2026-07-19T00:16:49.259Z,ETHUSDT,SELL,1862.40,0,"[bearish-cross-9/21-5m] Memory blocked this entry (counterfactual): Ledger shows 21 real prior losses vs 9 wins on bearish-cross-9/21-5m (net -6.12%) and learnings.md warns about it — this signal repeats a known bad trade, so SKIP.",scan-filtered,loss,-0.1974
2026-07-19T00:26:49.279Z,CRVUSDT,SELL,0.211977,9174.506002288,"[actual:tsmom28-1d-state-long] Exit: momentum flipped non-positive (-1.30%) — state exit; entry fill 0.217250121; ACTUAL round-trip P&L from real paper fills, gross of Alpaca fees (~50 bps RT taker at this tier).",alpaca-paper-exit,loss,-2.4272
2026-07-19T00:26:54.129Z,SOLUSDT,SELL,75.50,0,"[bearish-cross-9/21-5m] Memory blocked this entry (counterfactual): Ledger shows 18 real prior losses vs 10 wins on bearish-cross-9/21-5m (net -4.64%) and learnings.md warns about it — this signal repeats a known bad trade, so SKIP.",scan-filtered,loss,-0.4589
2026-07-19T00:52:07.045Z,SOLUSDT,BUY,75.56,0,"[bullish-cross-9/21-5m] Memory blocked this entry (counterfactual): Ledger shows 24 real prior losses vs 7 wins on bullish-cross-9/21-5m (net -5.71%) and learnings.md warns about it — this signal repeats a known bad trade, so SKIP.",scan-filtered,loss,-0.2074
2026-07-19T00:57:08.768Z,BTCUSDT,SELL,64790.51,0,"[bearish-cross-9/21-5m] Memory blocked this entry (counterfactual): Ledger shows 28 real prior losses vs 6 wins on bearish-cross-9/21-5m (net -9.43%) and learnings.md warns about it — this signal repeats a known bad trade, so SKIP.",scan-filtered,loss,-0.2637
2026-07-19T03:22:48.004Z,BTCUSDT,SELL,64673.99,0,"[bearish-cross-9/21-5m] Memory blocked this entry (counterfactual): Ledger shows 29 real prior losses vs 6 wins on bearish-cross-9/21-5m (net -9.69%) and learnings.md warns about it — this signal repeats a known bad trade, so SKIP.",scan-filtered,loss,-0.2808
2026-07-19T03:37:55.021Z,SOLUSDT,SELL,75.90,0,"[bearish-cross-9/21-5m] Memory blocked this entry (counterfactual): Ledger shows 19 real prior losses vs 10 wins on bearish-cross-9/21-5m (net -5.10%) and learnings.md warns about it — this signal repeats a known bad trade, so SKIP.",scan-filtered,loss,-0.3527
2026-07-19T03:42:56.964Z,ETHUSDT,SELL,1865.55,0,"[bearish-cross-9/21-5m] Memory blocked this entry (counterfactual): Ledger shows 23 real prior losses vs 9 wins on bearish-cross-9/21-5m (net -6.50%) and learnings.md warns about it — this signal repeats a known bad trade, so SKIP.",scan-filtered,loss,-0.5042
2026-07-19T04:48:31.483Z,BTCUSDT,BUY,64762.01,0,"[bullish-cross-9/21-5m] Memory blocked this entry (counterfactual): Ledger shows 27 real prior losses vs 8 wins on bullish-cross-9/21-5m (net -7.31%) and learnings.md warns about it — this signal repeats a known bad trade, so SKIP.",scan-filtered,loss,-0.3958
2026-07-19T04:48:31.719Z,ETHUSDT,BUY,1868.42,0,"[bullish-cross-9/21-5m] Memory blocked this entry (counterfactual): Ledger shows 22 real prior losses vs 8 wins on bullish-cross-9/21-5m (net -7.17%) and learnings.md warns about it — this signal repeats a known bad trade, so SKIP.",scan-filtered,loss,-0.3407
2026-07-19T04:58:36.498Z,SOLUSDT,BUY,75.96,0,"[bullish-cross-9/21-5m] Memory blocked this entry (counterfactual): Ledger shows 25 real prior losses vs 7 wins on bullish-cross-9/21-5m (net -5.92%) and learnings.md warns about it — this signal repeats a known bad trade, so SKIP.",scan-filtered,loss,-0.1947
2026-07-19T06:04:15.367Z,BTCUSDT,SELL,64724.01,0,"[bearish-cross-9/21-5m] Memory blocked this entry (counterfactual): Ledger shows 30 real prior losses vs 6 wins on bearish-cross-9/21-5m (net -9.98%) and learnings.md warns about it — this signal repeats a known bad trade, so SKIP.",scan-filtered,loss,-0.2810
2026-07-19T06:55:30.083Z,BTCUSDT,BUY,64710.37,0,"[bullish-cross-9/21-5m] Memory blocked this entry (counterfactual): Ledger shows 28 real prior losses vs 8 wins on bullish-cross-9/21-5m (net -7.70%) and learnings.md warns about it — this signal repeats a known bad trade, so SKIP.",scan-filtered,loss,-0.3006
2026-07-19T07:15:39.758Z,BTCUSDT,SELL,64693.88,0,"[bearish-cross-9/21-5m] Memory blocked this entry (counterfactual): Ledger shows 31 real prior losses vs 6 wins on bearish-cross-9/21-5m (net -10.26%) and learnings.md warns about it — this signal repeats a known bad trade, so SKIP.",scan-filtered,loss,-0.3174
2026-07-19T07:25:44.627Z,ETHUSDT,SELL,1869.05,0,"[bearish-cross-9/21-5m] Memory blocked this entry (counterfactual): Ledger shows 24 real prior losses vs 9 wins on bearish-cross-9/21-5m (net -7.01%) and learnings.md warns about it — this signal repeats a known bad trade, so SKIP.",scan-filtered,loss,-0.2850
2026-07-19T08:50:50.075Z,ETHUSDT,BUY,1872.84,0,"[bullish-cross-9/21-5m] Memory blocked this entry (counterfactual): Ledger shows 23 real prior losses vs 8 wins on bullish-cross-9/21-5m (net -7.51%) and learnings.md warns about it — this signal repeats a known bad trade, so SKIP.",scan-filtered,loss,-0.5835
2026-07-19T09:25:02.891Z,SOLUSDT,SELL,76.02,0,"[bearish-cross-9/21-5m] Memory blocked this entry (counterfactual): Ledger shows 20 real prior losses vs 10 wins on bearish-cross-9/21-5m (net -5.45%) and learnings.md warns about it — this signal repeats a known bad trade, so SKIP.",scan-filtered,loss,-0.2605
2026-07-19T10:50:44.705Z,ETHUSDT,BUY,1873.61,0,"[bullish-cross-9/21-5m] Memory blocked this entry (counterfactual): Ledger shows 24 real prior losses vs 8 wins on bullish-cross-9/21-5m (net -8.09%) and learnings.md warns about it — this signal repeats a known bad trade, so SKIP.",scan-filtered,loss,-0.3395
2026-07-19T23:43:30.382Z,BTCUSDT,SELL,64648.07,0,"[bearish-cross-9/21-5m] Memory blocked this entry (counterfactual): Ledger shows 32 real prior losses vs 6 wins on bearish-cross-9/21-5m (net -10.57%) and learnings.md warns about it — this signal repeats a known bad trade, so SKIP.",scan-filtered,loss,-0.6959
2026-07-19T23:43:30.628Z,ETHUSDT,SELL,1868.55,0,"[bearish-cross-9/21-5m] Memory blocked this entry (counterfactual): Ledger shows 25 real prior losses vs 9 wins on bearish-cross-9/21-5m (net -7.29%) and learnings.md warns about it — this signal repeats a known bad trade, so SKIP.",scan-filtered,loss,-1.0444
2026-07-20T00:08:42.285Z,ETHUSDT,BUY,1869.62,0,"[bullish-cross-9/21-5m] Memory blocked this entry (counterfactual): Ledger shows 25 real prior losses vs 8 wins on bullish-cross-9/21-5m (net -8.43%) and learnings.md warns about it — this signal repeats a known bad trade, so SKIP.",scan-filtered,loss,-0.0647
2026-07-20T00:18:46.795Z,BTCUSDT,BUY,65020.00,0,"[bullish-cross-9/21-5m] Memory blocked this entry (counterfactual): Ledger shows 29 real prior losses vs 8 wins on bullish-cross-9/21-5m (net -8.00%) and learnings.md warns about it — this signal repeats a known bad trade, so SKIP.",scan-filtered,loss,-0.6261
2026-07-20T00:24:36.404Z,PEPEUSDT,BUY,0.00000284000,697209072.084445953,"[tsmom28-1d-state-long] Trailing 28-candle return is positive (2.16%) — state construction holds long while momentum is positive. || broker fill 0.000002901 qty 697209072.084445953, slippage +143.4 bps vs decision mark 0.00000286000, signal-drift +214.8 bps vs signal close, order bot-PEPEUSDT-1784505600000",alpaca-paper,loss,-9.8070
2026-07-20T01:09:10.765Z,BTCUSDT,SELL,64606.00,0,"[bearish-cross-9/21-5m] Memory blocked this entry (counterfactual): Ledger shows 33 real prior losses vs 6 wins on bearish-cross-9/21-5m (net -11.27%) and learnings.md warns about it — this signal repeats a known bad trade, so SKIP.",scan-filtered,loss,-0.7798
2026-07-20T01:29:20.513Z,ETHUSDT,SELL,1880.53,0,"[bearish-cross-9/21-5m] Memory blocked this entry (counterfactual): Ledger shows 26 real prior losses vs 9 wins on bearish-cross-9/21-5m (net -8.34%) and learnings.md warns about it — this signal repeats a known bad trade, so SKIP.",scan-filtered,win,0.1956
2026-07-20T01:44:27.614Z,ETHUSDT,BUY,1878.49,0,"[bullish-cross-9/21-5m] Memory blocked this entry (counterfactual): Ledger shows 26 real prior losses vs 8 wins on bullish-cross-9/21-5m (net -8.50%) and learnings.md warns about it — this signal repeats a known bad trade, so SKIP.",scan-filtered,loss,-0.5119
2026-07-20T01:49:29.760Z,BTCUSDT,BUY,64763.99,0,"[bullish-cross-9/21-5m] Memory blocked this entry (counterfactual): Ledger shows 30 real prior losses vs 8 wins on bullish-cross-9/21-5m (net -8.63%) and learnings.md warns about it — this signal repeats a known bad trade, so SKIP.",scan-filtered,loss,-0.1888
2026-07-20T01:54:32.205Z,ETHUSDT,SELL,1874.70,0,"[bearish-cross-9/21-5m] Memory blocked this entry (counterfactual): Ledger shows 26 real prior losses vs 9 wins on bearish-cross-9/21-5m (net -8.34%) and learnings.md warns about it — this signal repeats a known bad trade, so SKIP.",scan-filtered,loss,-0.6814
2026-07-20T01:59:34.301Z,BTCUSDT,SELL,64526.01,0,"[bearish-cross-9/21-5m] Memory blocked this entry (counterfactual): Ledger shows 33 real prior losses vs 6 wins on bearish-cross-9/21-5m (net -11.27%) and learnings.md warns about it — this signal repeats a known bad trade, so SKIP.",scan-filtered,loss,-0.8362
2026-07-20T01:59:34.779Z,SOLUSDT,SELL,76.34,0,"[bearish-cross-9/21-5m] Memory blocked this entry (counterfactual): Ledger shows 21 real prior losses vs 10 wins on bearish-cross-9/21-5m (net -5.71%) and learnings.md warns about it — this signal repeats a known bad trade, so SKIP.",scan-filtered,loss,-1.2562
2026-07-20T02:09:39.329Z,BTCUSDT,BUY,64916.01,0,"[bullish-cross-9/21-5m] Memory blocked this entry (counterfactual): Ledger shows 30 real prior losses vs 8 wins on bullish-cross-9/21-5m (net -8.63%) and learnings.md warns about it — this signal repeats a known bad trade, so SKIP.",scan-filtered,loss,-0.3647
2026-07-20T02:24:46.038Z,BTCUSDT,SELL,64652.00,0,"[bearish-cross-9/21-5m] Memory blocked this entry (counterfactual): Ledger shows 34 real prior losses vs 6 wins on bearish-cross-9/21-5m (net -12.05%) and learnings.md warns about it — this signal repeats a known bad trade, so SKIP.",scan-filtered,loss,-0.5165
2026-07-20T02:49:58.085Z,BTCUSDT,BUY,64836.00,0,"[bullish-cross-9/21-5m] Memory blocked this entry (counterfactual): Ledger shows 31 real prior losses vs 8 wins on bullish-cross-9/21-5m (net -8.82%) and learnings.md warns about it — this signal repeats a known bad trade, so SKIP.",scan-filtered,loss,-0.1972
2026-07-20T03:05:10.023Z,BTCUSDT,BUY,64874.00,0,"[bullish-cross-9/21-5m] Memory blocked this entry (counterfactual): Ledger shows 32 real prior losses vs 8 wins on bullish-cross-9/21-5m (net -9.18%) and learnings.md warns about it — this signal repeats a known bad trade, so SKIP.",scan-filtered,loss,-0.4048
2026-07-20T03:05:10.238Z,ETHUSDT,BUY,1880.47,0,"[bullish-cross-9/21-5m] Memory blocked this entry (counterfactual): Ledger shows 27 real prior losses vs 8 wins on bullish-cross-9/21-5m (net -9.01%) and learnings.md warns about it — this signal repeats a known bad trade, so SKIP.",scan-filtered,loss,-0.4377
2026-07-20T03:05:10.470Z,SOLUSDT,BUY,77.03,0,"[bullish-cross-9/21-5m] Memory blocked this entry (counterfactual): Ledger shows 26 real prior losses vs 7 wins on bullish-cross-9/21-5m (net -6.11%) and learnings.md warns about it — this signal repeats a known bad trade, so SKIP.",scan-filtered,loss,-0.8063
2026-07-20T03:45:28.403Z,BTCUSDT,SELL,64902.63,0,"[bearish-cross-9/21-5m] Memory blocked this entry (counterfactual): Ledger shows 36 real prior losses vs 6 wins on bearish-cross-9/21-5m (net -13.40%) and learnings.md warns about it — this signal repeats a known bad trade, so SKIP.",scan-filtered,loss,-0.0401
2026-07-20T03:50:30.741Z,BTCUSDT,BUY,64880.00,0,"[bullish-cross-9/21-5m] Memory blocked this entry (counterfactual): Ledger shows 33 real prior losses vs 8 wins on bullish-cross-9/21-5m (net -9.38%) and learnings.md warns about it — this signal repeats a known bad trade, so SKIP.",scan-filtered,loss,-0.6545
2026-07-20T03:50:31.221Z,SOLUSDT,SELL,76.79,0,"[bearish-cross-9/21-5m] Memory blocked this entry (counterfactual): Ledger shows 22 real prior losses vs 10 wins on bearish-cross-9/21-5m (net -6.97%) and learnings.md warns about it — this signal repeats a known bad trade, so SKIP.",scan-filtered,loss,-0.1958
2026-07-20T04:05:38.713Z,ETHUSDT,SELL,1877.88,0,"[bearish-cross-9/21-5m] Memory blocked this entry (counterfactual): Ledger shows 27 real prior losses vs 10 wins on bearish-cross-9/21-5m (net -8.82%) and learnings.md warns about it — this signal repeats a known bad trade, so SKIP.",scan-filtered,win,0.2954
2026-07-20T04:20:46.392Z,BTCUSDT,SELL,64682.00,0,"[bearish-cross-9/21-5m] Memory blocked this entry (counterfactual): Ledger shows 36 real prior losses vs 6 wins on bearish-cross-9/21-5m (net -13.40%) and learnings.md warns about it — this signal repeats a known bad trade, so SKIP.",scan-filtered,win,0.1855
2026-07-20T09:09:55.641Z,ETHUSDT,SELL,1858.92,0,"[bearish-cross-9/21-5m] Memory blocked this entry (counterfactual): Ledger shows 27 real prior losses vs 11 wins on bearish-cross-9/21-5m (net -8.53%) and learnings.md warns about it — this signal repeats a known bad trade, so SKIP.",scan-filtered,loss,-0.6749
2026-07-20T09:48:49.683Z,ETHUSDT,BUY,1865.51,0,"[bullish-cross-9/21-5m] Memory blocked this entry (counterfactual): Ledger shows 28 real prior losses vs 8 wins on bullish-cross-9/21-5m (net -9.45%) and learnings.md warns about it — this signal repeats a known bad trade, so SKIP.",scan-filtered,loss,-0.0330
2026-07-20T09:53:51.955Z,BTCUSDT,BUY,64226.00,0,"[bullish-cross-9/21-5m] Memory blocked this entry (counterfactual): Ledger shows 35 real prior losses vs 8 wins on bullish-cross-9/21-5m (net -10.44%) and learnings.md warns about it — this signal repeats a known bad trade, so SKIP.",scan-filtered,loss,-0.1225
2026-07-20T15:44:00.240Z,SPY,BUY,745.46,1,[bullish-cross-9/21-5m] Fast 9MA (745.24) crossed above slow 21MA (745.20) — momentum turning up.,scan,loss,-0.1846
2026-07-20T19:15:39.897Z,SOLUSDT,SELL,77.39,0,"[bearish-cross-9/21-5m] Memory blocked this entry (counterfactual): Ledger shows 23 real prior losses vs 10 wins on bearish-cross-9/21-5m (net -7.16%) and learnings.md warns about it — this signal repeats a known bad trade, so SKIP.",scan-filtered,loss,-0.7135
2026-07-20T19:51:00.468Z,SPY,BUY,743.28,2,"[tsmom28-1d-state-long] Trailing 28-candle return is positive (0.79%) — state construction holds long while momentum is positive. || broker fill 742.505 qty 2, slippage -7.5 bps vs decision mark 743.06, signal-drift -10.4 bps vs signal close, order bot-SPY-1784332800000",alpaca-paper,open,
2026-07-20T19:51:02.817Z,AMZN,BUY,247.15,7,"[tsmom28-1d-state-long] Trailing 28-candle return is positive (0.41%) — state construction holds long while momentum is positive. || broker fill 249.4 qty 7, slippage +2.4 bps vs decision mark 249.34, signal-drift +91.0 bps vs signal close, order bot-AMZN-1784332800000",alpaca-paper,open,
2026-07-20T19:51:05.975Z,AMD,BUY,495.17,3,"[tsmom28-1d-state-long] Trailing 28-candle return is positive (6.15%) — state construction holds long while momentum is positive. || broker fill 507.106667 qty 3, slippage +1.6 bps vs decision mark 507.02, signal-drift +241.1 bps vs signal close, order bot-AMD-1784332800000",alpaca-paper,open,
2026-07-20T20:21:11.293Z,ETHUSDT,BUY,1901.21,0,"[bullish-cross-9/21-5m] Memory blocked this entry (counterfactual): Ledger shows 29 real prior losses vs 8 wins on bullish-cross-9/21-5m (net -9.48%) and learnings.md warns about it — this signal repeats a known bad trade, so SKIP.",scan-filtered,loss,-0.0449
2026-07-20T20:26:13.729Z,SOLUSDT,BUY,77.78,0,"[bullish-cross-9/21-5m] Memory blocked this entry (counterfactual): Ledger shows 27 real prior losses vs 7 wins on bullish-cross-9/21-5m (net -6.92%) and learnings.md warns about it — this signal repeats a known bad trade, so SKIP.",scan-filtered,loss,-0.0300
2026-07-20T20:31:15.573Z,BTCUSDT,BUY,65291.42,0,"[bullish-cross-9/21-5m] Memory blocked this entry (counterfactual): Ledger shows 36 real prior losses vs 8 wins on bullish-cross-9/21-5m (net -10.56%) and learnings.md warns about it — this signal repeats a known bad trade, so SKIP.",scan-filtered,loss,-0.2737
2026-07-20T22:07:03.255Z,BTCUSDT,SELL,65170.20,0,"[bearish-cross-9/21-5m] Memory blocked this entry (counterfactual): Ledger shows 37 real prior losses vs 7 wins on bearish-cross-9/21-5m (net -13.26%) and learnings.md warns about it — this signal repeats a known bad trade, so SKIP.",scan-filtered,loss,-0.2936
2026-07-20T22:07:03.455Z,ETHUSDT,SELL,1900.22,0,"[bearish-cross-9/21-5m] Memory blocked this entry (counterfactual): Ledger shows 28 real prior losses vs 11 wins on bearish-cross-9/21-5m (net -9.20%) and learnings.md warns about it — this signal repeats a known bad trade, so SKIP.",scan-filtered,loss,-0.1184
2026-07-20T22:07:03.688Z,SOLUSDT,SELL,77.67,0,"[bearish-cross-9/21-5m] Memory blocked this entry (counterfactual): Ledger shows 24 real prior losses vs 10 wins on bearish-cross-9/21-5m (net -7.87%) and learnings.md warns about it — this signal repeats a known bad trade, so SKIP.",scan-filtered,loss,-0.1069
2026-07-21T04:51:46.538Z,ETHUSDT,SELL,1924.56,0,"[bearish-cross-9/21-5m] Memory blocked this entry (counterfactual): Ledger shows 29 real prior losses vs 11 wins on bearish-cross-9/21-5m (net -9.32%) and learnings.md warns about it — this signal repeats a known bad trade, so SKIP.",scan-filtered,loss,-0.6918
2026-07-21T05:01:50.467Z,BTCUSDT,SELL,65522.01,0,"[bearish-cross-9/21-5m] Memory blocked this entry (counterfactual): Ledger shows 38 real prior losses vs 7 wins on bearish-cross-9/21-5m (net -13.55%) and learnings.md warns about it — this signal repeats a known bad trade, so SKIP.",scan-filtered,loss,-0.6503
2026-07-21T05:27:02.296Z,SOLUSDT,BUY,78.30,0,"[bullish-cross-9/21-5m] Memory blocked this entry (counterfactual): Ledger shows 28 real prior losses vs 7 wins on bullish-cross-9/21-5m (net -6.95%) and learnings.md warns about it — this signal repeats a known bad trade, so SKIP.",scan-filtered,loss,-0.0701
2026-07-21T05:47:11.068Z,BTCUSDT,BUY,65646.74,0,"[bullish-cross-9/21-5m] Memory blocked this entry (counterfactual): Ledger shows 37 real prior losses vs 8 wins on bullish-cross-9/21-5m (net -10.84%) and learnings.md warns about it — this signal repeats a known bad trade, so SKIP.",scan-filtered,win,0.1818
2026-07-21T05:52:13.980Z,ETHUSDT,BUY,1932.10,0,"[bullish-cross-9/21-5m] Memory blocked this entry (counterfactual): Ledger shows 30 real prior losses vs 8 wins on bullish-cross-9/21-5m (net -9.52%) and learnings.md warns about it — this signal repeats a known bad trade, so SKIP.",scan-filtered,loss,-0.1121
2026-07-21T09:33:12.600Z,BTCUSDT,SELL,66240.02,0,"[bearish-cross-9/21-5m] Memory blocked this entry (counterfactual): Ledger shows 39 real prior losses vs 7 wins on bearish-cross-9/21-5m (net -14.20%) and learnings.md warns about it — this signal repeats a known bad trade, so SKIP.",scan-filtered,loss,-0.5717
2026-07-21T09:43:16.610Z,ETHUSDT,SELL,1939.78,0,"[bearish-cross-9/21-5m] Memory blocked this entry (counterfactual): Ledger shows 30 real prior losses vs 11 wins on bearish-cross-9/21-5m (net -10.01%) and learnings.md warns about it — this signal repeats a known bad trade, so SKIP.",scan-filtered,loss,-0.3778
2026-07-21T09:53:20.283Z,BTCUSDT,BUY,66317.07,0,"[bullish-cross-9/21-5m] Memory blocked this entry (counterfactual): Ledger shows 37 real prior losses vs 9 wins on bullish-cross-9/21-5m (net -10.65%) and learnings.md warns about it — this signal repeats a known bad trade, so SKIP.",scan-filtered,loss,-0.3091
2026-07-21T10:08:26.332Z,ETHUSDT,BUY,1943.30,0,"[bullish-cross-9/21-5m] Memory blocked this entry (counterfactual): Ledger shows 31 real prior losses vs 8 wins on bullish-cross-9/21-5m (net -9.64%) and learnings.md warns about it — this signal repeats a known bad trade, so SKIP.",scan-filtered,loss,-0.8774
2026-07-21T10:08:26.532Z,SOLUSDT,BUY,78.42,0,"[bullish-cross-9/21-5m] Memory blocked this entry (counterfactual): Ledger shows 29 real prior losses vs 7 wins on bullish-cross-9/21-5m (net -7.02%) and learnings.md warns about it — this signal repeats a known bad trade, so SKIP.",scan-filtered,loss,-0.6188
2026-07-21T10:58:48.299Z,SOLUSDT,SELL,78.15,0,"[bearish-cross-9/21-5m] Memory blocked this entry (counterfactual): Ledger shows 25 real prior losses vs 10 wins on bearish-cross-9/21-5m (net -7.98%) and learnings.md warns about it — this signal repeats a known bad trade, so SKIP.",scan-filtered,loss,-0.5943
2026-07-21T11:03:50.023Z,ETHUSDT,SELL,1934.18,0,"[bearish-cross-9/21-5m] Memory blocked this entry (counterfactual): Ledger shows 31 real prior losses vs 11 wins on bearish-cross-9/21-5m (net -10.39%) and learnings.md warns about it — this signal repeats a known bad trade, so SKIP.",scan-filtered,loss,-0.3781
2026-07-21T11:13:54.093Z,BTCUSDT,SELL,66154.24,0,"[bearish-cross-9/21-5m] Memory blocked this entry (counterfactual): Ledger shows 40 real prior losses vs 7 wins on bearish-cross-9/21-5m (net -14.77%) and learnings.md warns about it — this signal repeats a known bad trade, so SKIP.",scan-filtered,loss,-0.6304
2026-07-21T12:04:19.994Z,SOLUSDT,BUY,78.36,0,"[bullish-cross-9/21-5m] Memory blocked this entry (counterfactual): Ledger shows 30 real prior losses vs 7 wins on bullish-cross-9/21-5m (net -7.64%) and learnings.md warns about it — this signal repeats a known bad trade, so SKIP.",scan-filtered,loss,-0.0958
2026-07-21T12:09:21.546Z,BTCUSDT,BUY,66275.99,0,"[bullish-cross-9/21-5m] Memory blocked this entry (counterfactual): Ledger shows 38 real prior losses vs 9 wins on bullish-cross-9/21-5m (net -10.96%) and learnings.md warns about it — this signal repeats a known bad trade, so SKIP.",scan-filtered,win,0.0956
2026-07-21T12:19:25.971Z,ETHUSDT,BUY,1936.10,0,"[bullish-cross-9/21-5m] Memory blocked this entry (counterfactual): Ledger shows 32 real prior losses vs 8 wins on bullish-cross-9/21-5m (net -10.51%) and learnings.md warns about it — this signal repeats a known bad trade, so SKIP.",scan-filtered,win,0.0161
2026-07-21T15:58:27.483Z,LLY,SELL,1161.04,1,"[actual:tsmom28-1d-state-long] Exit: momentum flipped non-positive (-0.30%) — state exit; entry fill 1180.47; ACTUAL round-trip P&L from real paper fills, gross of Alpaca fees (~50 bps RT taker at this tier).",alpaca-paper-exit,loss,-1.6460
2026-07-21T19:45:22.910Z,SPY,BUY,748.53,0,"[bullish-cross-9/21-5m] Memory blocked this entry (counterfactual): Ledger shows 2 real prior losses vs 1 wins on bullish-cross-9/21-5m (net -0.47%) and learnings.md warns about it — this signal repeats a known bad trade, so SKIP.",scan-filtered,loss,-0.3521
2026-07-21T20:10:49.448Z,SOLUSDT,BUY,77.94,0,"[bullish-cross-9/21-5m] Memory blocked this entry (counterfactual): Ledger shows 31 real prior losses vs 7 wins on bullish-cross-9/21-5m (net -7.73%) and learnings.md warns about it — this signal repeats a known bad trade, so SKIP.",scan-filtered,loss,-0.2872
2026-07-21T20:20:55.818Z,SOLUSDT,SELL,77.89,0,"[bearish-cross-9/21-5m] Memory blocked this entry (counterfactual): Ledger shows 26 real prior losses vs 10 wins on bearish-cross-9/21-5m (net -8.58%) and learnings.md warns about it — this signal repeats a known bad trade, so SKIP.",scan-filtered,loss,-0.4284
2026-07-21T20:36:04.297Z,SOLUSDT,BUY,77.99,0,"[bullish-cross-9/21-5m] Memory blocked this entry (counterfactual): Ledger shows 31 real prior losses vs 7 wins on bullish-cross-9/21-5m (net -7.73%) and learnings.md warns about it — this signal repeats a known bad trade, so SKIP.",scan-filtered,loss,-0.1974
2026-07-21T21:01:19.049Z,BTCUSDT,SELL,66406.57,0,"[bearish-cross-9/21-5m] Memory blocked this entry (counterfactual): Ledger shows 41 real prior losses vs 7 wins on bearish-cross-9/21-5m (net -15.40%) and learnings.md warns about it — this signal repeats a known bad trade, so SKIP.",scan-filtered,loss,-0.2675
2026-07-21T21:21:30.982Z,ETHUSDT,SELL,1923.13,0,"[bearish-cross-9/21-5m] Memory blocked this entry (counterfactual): Ledger shows 32 real prior losses vs 11 wins on bearish-cross-9/21-5m (net -10.77%) and learnings.md warns about it — this signal repeats a known bad trade, so SKIP.",scan-filtered,loss,-0.1856
2026-07-21T21:41:42.785Z,ETHUSDT,BUY,1926.27,0,"[bullish-cross-9/21-5m] Memory blocked this entry (counterfactual): Ledger shows 32 real prior losses vs 9 wins on bullish-cross-9/21-5m (net -10.50%) and learnings.md warns about it — this signal repeats a known bad trade, so SKIP.",scan-filtered,loss,-0.5128
2026-07-21T22:27:07.849Z,ETHUSDT,SELL,1920.18,0,"[bearish-cross-9/21-5m] Memory blocked this entry (counterfactual): Ledger shows 33 real prior losses vs 11 wins on bearish-cross-9/21-5m (net -10.95%) and learnings.md warns about it — this signal repeats a known bad trade, so SKIP.",scan-filtered,loss,-0.2938
2026-07-21T23:36:12.932Z,BTCUSDT,BUY,66422.79,0,"[bullish-cross-9/21-5m] Memory blocked this entry (counterfactual): Ledger shows 38 real prior losses vs 10 wins on bullish-cross-9/21-5m (net -10.87%) and learnings.md warns about it — this signal repeats a known bad trade, so SKIP.",scan-filtered,win,0.1504
2026-07-21T23:51:21.070Z,ETHUSDT,BUY,1924.86,0,"[bullish-cross-9/21-5m] Memory blocked this entry (counterfactual): Ledger shows 33 real prior losses vs 9 wins on bullish-cross-9/21-5m (net -11.01%) and learnings.md warns about it — this signal repeats a known bad trade, so SKIP.",scan-filtered,win,0.5530
2026-07-21T23:56:23.858Z,SOLUSDT,BUY,78.16,0,"[bullish-cross-9/21-5m] Memory blocked this entry (counterfactual): Ledger shows 33 real prior losses vs 7 wins on bullish-cross-9/21-5m (net -8.22%) and learnings.md warns about it — this signal repeats a known bad trade, so SKIP.",scan-filtered,win,0.1222
2026-07-22T00:34:09.557Z,SUSHIUSDT,BUY,0.169100,11750.253071076,"[tsmom28-1d-state-long] Trailing 28-candle return is positive (1.74%) — state construction holds long while momentum is positive. || broker fill 0.17016064 qty 11750.253071076, slippage +27.1 bps vs decision mark 0.169700, signal-drift +62.7 bps vs signal close, order bot-SUSHIUSDT-1784678400000",alpaca-paper,loss,-5.0901
2026-07-22T00:34:10.874Z,XRPUSDT,BUY,1.14360,1740.436367427,"[tsmom28-1d-state-long] Trailing 28-candle return is positive (3.00%) — state construction holds long while momentum is positive. || broker fill 1.146604442 qty 1740.436367427, slippage +7.9 bps vs decision mark 1.14570, signal-drift +26.3 bps vs signal close, order bot-XRPUSDT-1784678400000",alpaca-paper,loss,-12.6907
2026-07-22T00:39:00.864Z,XTZUSDT,BUY,0.228800,7990.333461558,"[tsmom28-1d-state-long] Trailing 28-candle return is positive (3.39%) — state construction holds long while momentum is positive. || broker fill 0.229286 qty 7990.333461558, slippage +30.0 bps vs decision mark 0.228600, signal-drift +21.2 bps vs signal close, order bot-XTZUSDT-1784678400000",alpaca-paper,loss,-12.8000
2026-07-22T01:27:15.861Z,BTCUSDT,SELL,66357.75,0,"[bearish-cross-9/21-5m] Memory blocked this entry (counterfactual): Ledger shows 42 real prior losses vs 7 wins on bearish-cross-9/21-5m (net -15.67%) and learnings.md warns about it — this signal repeats a known bad trade, so SKIP.",scan-filtered,loss,-0.4479
2026-07-22T01:37:22.395Z,ETHUSDT,SELL,1933.95,0,"[bearish-cross-9/21-5m] Memory blocked this entry (counterfactual): Ledger shows 34 real prior losses vs 11 wins on bearish-cross-9/21-5m (net -11.25%) and learnings.md warns about it — this signal repeats a known bad trade, so SKIP.",scan-filtered,loss,-0.1154
2026-07-22T01:37:22.621Z,SOLUSDT,SELL,78.30,0,"[bearish-cross-9/21-5m] Memory blocked this entry (counterfactual): Ledger shows 27 real prior losses vs 10 wins on bearish-cross-9/21-5m (net -9.00%) and learnings.md warns about it — this signal repeats a known bad trade, so SKIP.",scan-filtered,loss,-0.3383
2026-07-22T02:32:58.649Z,SOLUSDT,BUY,78.42,0,"[bullish-cross-9/21-5m] Memory blocked this entry (counterfactual): Ledger shows 33 real prior losses vs 8 wins on bullish-cross-9/21-5m (net -8.09%) and learnings.md warns about it — this signal repeats a known bad trade, so SKIP.",scan-filtered,loss,-0.6571
2026-07-22T02:43:05.241Z,SOLUSDT,SELL,78.21,0,"[bearish-cross-9/21-5m] Memory blocked this entry (counterfactual): Ledger shows 28 real prior losses vs 10 wins on bearish-cross-9/21-5m (net -9.34%) and learnings.md warns about it — this signal repeats a known bad trade, so SKIP.",scan-filtered,loss,-0.0443
2026-07-22T03:58:52.481Z,ETHUSDT,BUY,1932.47,0,"[bullish-cross-9/21-5m] Memory blocked this entry (counterfactual): Ledger shows 33 real prior losses vs 10 wins on bullish-cross-9/21-5m (net -10.46%) and learnings.md warns about it — this signal repeats a known bad trade, so SKIP.",scan-filtered,loss,-0.0811
2026-07-22T05:28:10.380Z,BTCUSDT,SELL,66074.42,0,"[bearish-cross-9/21-5m] Memory blocked this entry (counterfactual): Ledger shows 43 real prior losses vs 7 wins on bearish-cross-9/21-5m (net -16.12%) and learnings.md warns about it — this signal repeats a known bad trade, so SKIP.",scan-filtered,win,0.0066
2026-07-22T05:28:10.687Z,ETHUSDT,SELL,1923.75,0,"[bearish-cross-9/21-5m] Memory blocked this entry (counterfactual): Ledger shows 35 real prior losses vs 11 wins on bearish-cross-9/21-5m (net -11.36%) and learnings.md warns about it — this signal repeats a known bad trade, so SKIP.",scan-filtered,win,0.0977
2026-07-22T08:29:55.989Z,BTCUSDT,BUY,66078.69,0,"[bullish-cross-9/21-5m] Memory blocked this entry (counterfactual): Ledger shows 38 real prior losses vs 11 wins on bullish-cross-9/21-5m (net -10.72%) and learnings.md warns about it — this signal repeats a known bad trade, so SKIP.",scan-filtered,loss,-0.3675
2026-07-22T08:29:56.241Z,ETHUSDT,BUY,1922.70,0,"[bullish-cross-9/21-5m] Memory blocked this entry (counterfactual): Ledger shows 34 real prior losses vs 10 wins on bullish-cross-9/21-5m (net -10.54%) and learnings.md warns about it — this signal repeats a known bad trade, so SKIP.",scan-filtered,loss,-0.1882
2026-07-22T08:34:59.048Z,SOLUSDT,BUY,77.37,0,"[bullish-cross-9/21-5m] Memory blocked this entry (counterfactual): Ledger shows 34 real prior losses vs 8 wins on bullish-cross-9/21-5m (net -8.75%) and learnings.md warns about it — this signal repeats a known bad trade, so SKIP.",scan-filtered,loss,-0.2225
2026-07-22T09:41:30.810Z,BTCUSDT,SELL,65879.71,0,"[bearish-cross-9/21-5m] Memory blocked this entry (counterfactual): Ledger shows 43 real prior losses vs 8 wins on bearish-cross-9/21-5m (net -16.11%) and learnings.md warns about it — this signal repeats a known bad trade, so SKIP.",scan-filtered,loss,-0.4559
2026-07-22T10:16:52.457Z,ETHUSDT,SELL,1924.40,0,"[bearish-cross-9/21-5m] Memory blocked this entry (counterfactual): Ledger shows 35 real prior losses vs 12 wins on bearish-cross-9/21-5m (net -11.27%) and learnings.md warns about it — this signal repeats a known bad trade, so SKIP.",scan-filtered,loss,-0.5406
2026-07-22T10:21:55.295Z,ETHUSDT,BUY,1924.42,0,"[bullish-cross-9/21-5m] Memory blocked this entry (counterfactual): Ledger shows 35 real prior losses vs 10 wins on bullish-cross-9/21-5m (net -10.73%) and learnings.md warns about it — this signal repeats a known bad trade, so SKIP.",scan-filtered,loss,-0.1451
2026-07-22T10:52:13.151Z,BTCUSDT,BUY,66094.51,0,"[bullish-cross-9/21-5m] Memory blocked this entry (counterfactual): Ledger shows 39 real prior losses vs 11 wins on bullish-cross-9/21-5m (net -11.08%) and learnings.md warns about it — this signal repeats a known bad trade, so SKIP.",scan-filtered,loss,-0.3825
2026-07-22T13:41:04.663Z,SOLUSDT,BUY,77.69,0,"[bullish-cross-9/21-5m] Memory blocked this entry (counterfactual): Ledger shows 35 real prior losses vs 8 wins on bullish-cross-9/21-5m (net -8.97%) and learnings.md warns about it — this signal repeats a known bad trade, so SKIP.",scan-filtered,loss,-0.2228
2026-07-22T13:46:07.448Z,ETHUSDT,BUY,1937.15,0,"[bullish-cross-9/21-5m] Memory blocked this entry (counterfactual): Ledger shows 36 real prior losses vs 10 wins on bullish-cross-9/21-5m (net -10.87%) and learnings.md warns about it — this signal repeats a known bad trade, so SKIP.",scan-filtered,loss,-0.7971
2026-07-22T17:29:41.063Z,SPY,SELL,749.13,1,[bearish-cross-9/21-5m] Fast 9MA (749.50) crossed below slow 21MA (749.59) — momentum turning down.,scan,loss,-0.1812
2026-07-22T17:34:42.560Z,ETHUSDT,SELL,1936.76,0,"[bearish-cross-9/21-5m] Memory blocked this entry (counterfactual): Ledger shows 36 real prior losses vs 12 wins on bearish-cross-9/21-5m (net -11.81%) and learnings.md warns about it — this signal repeats a known bad trade, so SKIP.",scan-filtered,loss,-0.1275
2026-07-22T17:34:42.727Z,SOLUSDT,SELL,78.28,0,"[bearish-cross-9/21-5m] Memory blocked this entry (counterfactual): Ledger shows 29 real prior losses vs 10 wins on bearish-cross-9/21-5m (net -9.39%) and learnings.md warns about it — this signal repeats a known bad trade, so SKIP.",scan-filtered,win,0.2749
2026-07-22T17:35:07.654Z,PG,SELL,149.78,13,"[actual:tsmom28-1d-state-long] Exit: momentum flipped non-positive (-0.26%) — state exit; entry fill 151.37; ACTUAL round-trip P&L from real paper fills, gross of Alpaca fees (~50 bps RT taker at this tier).",alpaca-paper-exit,loss,-1.0514
2026-07-22T17:35:17.121Z,QQQ,BUY,708.78,2,"[tsmom28-1d-state-long] Trailing 28-candle return is positive (0.13%) — state construction holds long while momentum is positive. || broker fill 708.3 qty 2, slippage +1.1 bps vs decision mark 708.22, signal-drift -6.8 bps vs signal close, order bot-QQQ-1784678400000",alpaca-paper,open,
2026-07-22T17:35:21.934Z,XOM,BUY,151.70,12,"[tsmom28-1d-state-long] Trailing 28-candle return is positive (1.93%) — state construction holds long while momentum is positive. || broker fill 154.19 qty 12, slippage -5.8 bps vs decision mark 154.28, signal-drift +164.1 bps vs signal close, order bot-XOM-1784678400000",alpaca-paper,open,
2026-07-22T17:35:23.608Z,LLY,BUY,1174.94,1,"[tsmom28-1d-state-long] Trailing 28-candle return is positive (2.71%) — state construction holds long while momentum is positive. || broker fill 1161.54 qty 1, slippage -0.9 bps vs decision mark 1161.64, signal-drift -114.0 bps vs signal close, order bot-LLY-1784678400000",alpaca-paper,open,
2026-07-22T17:39:44.193Z,BTCUSDT,SELL,66053.51,0,"[bearish-cross-9/21-5m] Memory blocked this entry (counterfactual): Ledger shows 44 real prior losses vs 8 wins on bearish-cross-9/21-5m (net -16.57%) and learnings.md warns about it — this signal repeats a known bad trade, so SKIP.",scan-filtered,win,0.1595
2026-07-22T22:50:30.548Z,BTCUSDT,SELL,66029.97,0,"[bearish-cross-9/21-5m] Memory blocked this entry (counterfactual): Ledger shows 44 real prior losses vs 9 wins on bearish-cross-9/21-5m (net -16.41%) and learnings.md warns about it — this signal repeats a known bad trade, so SKIP.",scan-filtered,loss,-0.2903
2026-07-22T23:00:35.357Z,SOLUSDT,SELL,78.01,0,"[bearish-cross-9/21-5m] Memory blocked this entry (counterfactual): Ledger shows 29 real prior losses vs 11 wins on bearish-cross-9/21-5m (net -9.11%) and learnings.md warns about it — this signal repeats a known bad trade, so SKIP.",scan-filtered,loss,-0.2487
2026-07-22T23:15:42.487Z,ETHUSDT,SELL,1925.64,0,"[bearish-cross-9/21-5m] Memory blocked this entry (counterfactual): Ledger shows 37 real prior losses vs 12 wins on bearish-cross-9/21-5m (net -11.93%) and learnings.md warns about it — this signal repeats a known bad trade, so SKIP.",scan-filtered,loss,-0.7928
2026-07-23T00:06:06.755Z,BTCUSDT,BUY,66138.21,0,"[bullish-cross-9/21-5m] Memory blocked this entry (counterfactual): Ledger shows 40 real prior losses vs 11 wins on bullish-cross-9/21-5m (net -11.47%) and learnings.md warns about it — this signal repeats a known bad trade, so SKIP.",scan-filtered,loss,-0.2852
2026-07-23T00:11:10.369Z,SOLUSDT,BUY,78.28,0,"[bullish-cross-9/21-5m] Memory blocked this entry (counterfactual): Ledger shows 36 real prior losses vs 8 wins on bullish-cross-9/21-5m (net -9.20%) and learnings.md warns about it — this signal repeats a known bad trade, so SKIP.",scan-filtered,loss,-0.4405
2026-07-23T00:16:13.152Z,ETHUSDT,BUY,1935.13,0,"[bullish-cross-9/21-5m] Memory blocked this entry (counterfactual): Ledger shows 37 real prior losses vs 10 wins on bullish-cross-9/21-5m (net -11.67%) and learnings.md warns about it — this signal repeats a known bad trade, so SKIP.",scan-filtered,loss,-0.4059
2026-07-23T00:46:44.531Z,FILUSDT,BUY,0.762400,2611.33832656,"[tsmom28-1d-state-long] Trailing 28-candle return is positive (1.79%) — state construction holds long while momentum is positive. || broker fill 0.7642 qty 2611.33832656, slippage +7.9 bps vs decision mark 0.763600, signal-drift +23.6 bps vs signal close, order bot-FILUSDT-1784764800000",alpaca-paper,loss,-11.8818
2026-07-23T00:48:40.433Z,BNBUSDT,BUY,571.08,0.001,[tsmom28-1d-flip-long] Trailing 28-candle return flipped positive (-0.71% -> 1.14%) — momentum turned up.,scan,win,9.5813
2026-07-23T01:21:51.207Z,BTCUSDT,SELL,65915.91,0,"[bearish-cross-9/21-5m] Memory blocked this entry (counterfactual): Ledger shows 45 real prior losses vs 9 wins on bearish-cross-9/21-5m (net -16.70%) and learnings.md warns about it — this signal repeats a known bad trade, so SKIP.",scan-filtered,loss,-0.0601
2026-07-23T01:21:51.435Z,ETHUSDT,SELL,1929.04,0,"[bearish-cross-9/21-5m] Memory blocked this entry (counterfactual): Ledger shows 38 real prior losses vs 12 wins on bearish-cross-9/21-5m (net -12.73%) and learnings.md warns about it — this signal repeats a known bad trade, so SKIP.",scan-filtered,loss,-0.1580
2026-07-23T01:31:55.874Z,SOLUSDT,SELL,78.08,0,"[bearish-cross-9/21-5m] Memory blocked this entry (counterfactual): Ledger shows 30 real prior losses vs 11 wins on bearish-cross-9/21-5m (net -9.36%) and learnings.md warns about it — this signal repeats a known bad trade, so SKIP.",scan-filtered,win,0.4428
2026-07-23T04:33:28.930Z,SOLUSDT,BUY,77.79,0,"[bullish-cross-9/21-5m] Memory blocked this entry (counterfactual): Ledger shows 37 real prior losses vs 8 wins on bullish-cross-9/21-5m (net -9.64%) and learnings.md warns about it — this signal repeats a known bad trade, so SKIP.",scan-filtered,loss,-0.4671
2026-07-23T04:48:39.183Z,ETHUSDT,BUY,1922.59,0,"[bullish-cross-9/21-5m] Memory blocked this entry (counterfactual): Ledger shows 38 real prior losses vs 10 wins on bullish-cross-9/21-5m (net -12.07%) and learnings.md warns about it — this signal repeats a known bad trade, so SKIP.",scan-filtered,loss,-0.1538
2026-07-23T04:58:43.848Z,BTCUSDT,BUY,65608.37,0,"[bullish-cross-9/21-5m] Memory blocked this entry (counterfactual): Ledger shows 41 real prior losses vs 11 wins on bullish-cross-9/21-5m (net -11.75%) and learnings.md warns about it — this signal repeats a known bad trade, so SKIP.",scan-filtered,loss,-0.2355
2026-07-23T05:03:46.717Z,BTCUSDT,SELL,65616.48,0,"[bearish-cross-9/21-5m] Memory blocked this entry (counterfactual): Ledger shows 46 real prior losses vs 9 wins on bearish-cross-9/21-5m (net -16.76%) and learnings.md warns about it — this signal repeats a known bad trade, so SKIP.",scan-filtered,loss,-0.4136
2026-07-23T05:13:51.207Z,ETHUSDT,SELL,1921.12,0,"[bearish-cross-9/21-5m] Memory blocked this entry (counterfactual): Ledger shows 39 real prior losses vs 12 wins on bearish-cross-9/21-5m (net -12.88%) and learnings.md warns about it — this signal repeats a known bad trade, so SKIP.",scan-filtered,loss,-0.3333
2026-07-23T05:13:51.450Z,SOLUSDT,SELL,77.55,0,"[bearish-cross-9/21-5m] Memory blocked this entry (counterfactual): Ledger shows 30 real prior losses vs 12 wins on bearish-cross-9/21-5m (net -8.92%) and learnings.md warns about it — this signal repeats a known bad trade, so SKIP.",scan-filtered,loss,-0.1582
2026-07-23T05:44:06.553Z,BTCUSDT,BUY,65712.37,0,"[bullish-cross-9/21-5m] Memory blocked this entry (counterfactual): Ledger shows 41 real prior losses vs 11 wins on bullish-cross-9/21-5m (net -11.75%) and learnings.md warns about it — this signal repeats a known bad trade, so SKIP.",scan-filtered,loss,-0.2555
2026-07-23T05:49:09.317Z,ETHUSDT,BUY,1925.40,0,"[bullish-cross-9/21-5m] Memory blocked this entry (counterfactual): Ledger shows 39 real prior losses vs 10 wins on bullish-cross-9/21-5m (net -12.23%) and learnings.md warns about it — this signal repeats a known bad trade, so SKIP.",scan-filtered,loss,-0.2714
2026-07-23T07:24:49.980Z,BTCUSDT,SELL,65456.00,0,"[bearish-cross-9/21-5m] Memory blocked this entry (counterfactual): Ledger shows 47 real prior losses vs 9 wins on bearish-cross-9/21-5m (net -17.17%) and learnings.md warns about it — this signal repeats a known bad trade, so SKIP.",scan-filtered,loss,-0.4894
2026-07-23T07:24:50.203Z,ETHUSDT,SELL,1915.80,0,"[bearish-cross-9/21-5m] Memory blocked this entry (counterfactual): Ledger shows 40 real prior losses vs 12 wins on bearish-cross-9/21-5m (net -13.22%) and learnings.md warns about it — this signal repeats a known bad trade, so SKIP.",scan-filtered,loss,-0.6268
2026-07-23T08:35:28.887Z,ETHUSDT,BUY,1923.77,0,"[bullish-cross-9/21-5m] Memory blocked this entry (counterfactual): Ledger shows 40 real prior losses vs 10 wins on bullish-cross-9/21-5m (net -12.50%) and learnings.md warns about it — this signal repeats a known bad trade, so SKIP.",scan-filtered,loss,-0.0682
2026-07-23T08:35:29.813Z,SOLUSDT,BUY,77.41,0,"[bullish-cross-9/21-5m] Memory blocked this entry (counterfactual): Ledger shows 38 real prior losses vs 8 wins on bullish-cross-9/21-5m (net -10.10%) and learnings.md warns about it — this signal repeats a known bad trade, so SKIP.",scan-filtered,loss,-0.1191
2026-07-23T08:40:31.437Z,BTCUSDT,BUY,65612.90,0,"[bullish-cross-9/21-5m] Memory blocked this entry (counterfactual): Ledger shows 43 real prior losses vs 11 wins on bullish-cross-9/21-5m (net -12.24%) and learnings.md warns about it — this signal repeats a known bad trade, so SKIP.",scan-filtered,loss,-0.1520
2026-07-23T10:16:17.296Z,ETHUSDT,SELL,1926.52,0,"[bearish-cross-9/21-5m] Memory blocked this entry (counterfactual): Ledger shows 41 real prior losses vs 12 wins on bearish-cross-9/21-5m (net -13.84%) and learnings.md warns about it — this signal repeats a known bad trade, so SKIP.",scan-filtered,loss,-0.4028
2026-07-23T10:56:41.681Z,ETHUSDT,BUY,1928.03,0,"[bullish-cross-9/21-5m] Memory blocked this entry (counterfactual): Ledger shows 41 real prior losses vs 10 wins on bullish-cross-9/21-5m (net -12.57%) and learnings.md warns about it — this signal repeats a known bad trade, so SKIP.",scan-filtered,loss,-0.4390
2026-07-24T01:29:33.568Z,BTCUSDT,BUY,65039.99,0,"[bullish-cross-9/21-5m] Memory blocked this entry (counterfactual): Ledger shows 44 real prior losses vs 11 wins on bullish-cross-9/21-5m (net -12.40%) and learnings.md warns about it — this signal repeats a known bad trade, so SKIP.",scan-filtered,loss,-0.1232
2026-07-24T01:29:36.451Z,SOLUSDT,BUY,75.98,0,"[bullish-cross-9/21-5m] Memory blocked this entry (counterfactual): Ledger shows 39 real prior losses vs 8 wins on bullish-cross-9/21-5m (net -10.22%) and learnings.md warns about it — this signal repeats a known bad trade, so SKIP.",scan-filtered,loss,-0.4843
2026-07-24T01:39:40.834Z,ETHUSDT,BUY,1875.62,0,"[bullish-cross-9/21-5m] Memory blocked this entry (counterfactual): Ledger shows 42 real prior losses vs 10 wins on bullish-cross-9/21-5m (net -13.01%) and learnings.md warns about it — this signal repeats a known bad trade, so SKIP.",scan-filtered,loss,-0.6828
2026-07-24T02:04:44.988Z,FILUSDT,SELL,0.726200,2604.809980743,"[actual:tsmom28-1d-state-long] Exit: momentum flipped non-positive (-1.19%) — state exit; entry fill 0.7642; ACTUAL round-trip P&L from real paper fills, gross of Alpaca fees (~50 bps RT taker at this tier).",alpaca-paper-exit,loss,-4.9725
2026-07-24T02:19:59.858Z,SOLUSDT,SELL,75.90,0,"[bearish-cross-9/21-5m] Memory blocked this entry (counterfactual): Ledger shows 31 real prior losses vs 12 wins on bearish-cross-9/21-5m (net -9.08%) and learnings.md warns about it — this signal repeats a known bad trade, so SKIP.",scan-filtered,loss,-0.1551
2026-07-24T02:40:10.828Z,ETHUSDT,SELL,1868.76,0,"[bearish-cross-9/21-5m] Memory blocked this entry (counterfactual): Ledger shows 42 real prior losses vs 12 wins on bearish-cross-9/21-5m (net -14.25%) and learnings.md warns about it — this signal repeats a known bad trade, so SKIP.",scan-filtered,loss,-0.8373
2026-07-24T02:55:22.265Z,BTCUSDT,SELL,65012.00,0,"[bearish-cross-9/21-5m] Memory blocked this entry (counterfactual): Ledger shows 48 real prior losses vs 9 wins on bearish-cross-9/21-5m (net -17.66%) and learnings.md warns about it — this signal repeats a known bad trade, so SKIP.",scan-filtered,loss,-0.9163
2026-07-24T03:20:37.970Z,BTCUSDT,BUY,65360.69,0,"[bullish-cross-9/21-5m] Memory blocked this entry (counterfactual): Ledger shows 45 real prior losses vs 11 wins on bullish-cross-9/21-5m (net -12.52%) and learnings.md warns about it — this signal repeats a known bad trade, so SKIP.",scan-filtered,loss,-0.2679
2026-07-24T03:35:49.754Z,ETHUSDT,BUY,1878.55,0,"[bullish-cross-9/21-5m] Memory blocked this entry (counterfactual): Ledger shows 43 real prior losses vs 10 wins on bullish-cross-9/21-5m (net -13.69%) and learnings.md warns about it — this signal repeats a known bad trade, so SKIP.",scan-filtered,loss,-0.2367
2026-07-24T03:35:49.997Z,SOLUSDT,BUY,75.83,0,"[bullish-cross-9/21-5m] Memory blocked this entry (counterfactual): Ledger shows 40 real prior losses vs 8 wins on bullish-cross-9/21-5m (net -10.71%) and learnings.md warns about it — this signal repeats a known bad trade, so SKIP.",scan-filtered,loss,-0.3659
2026-07-24T04:41:19.367Z,SOLUSDT,SELL,75.72,0,"[bearish-cross-9/21-5m] Memory blocked this entry (counterfactual): Ledger shows 32 real prior losses vs 12 wins on bearish-cross-9/21-5m (net -9.23%) and learnings.md warns about it — this signal repeats a known bad trade, so SKIP.",scan-filtered,loss,-0.3132
2026-07-24T04:51:23.194Z,ETHUSDT,SELL,1876.35,0,"[bearish-cross-9/21-5m] Memory blocked this entry (counterfactual): Ledger shows 43 real prior losses vs 12 wins on bearish-cross-9/21-5m (net -15.08%) and learnings.md warns about it — this signal repeats a known bad trade, so SKIP.",scan-filtered,loss,-0.5137
2026-07-24T04:56:25.070Z,BTCUSDT,SELL,65308.14,0,"[bearish-cross-9/21-5m] Memory blocked this entry (counterfactual): Ledger shows 49 real prior losses vs 9 wins on bearish-cross-9/21-5m (net -18.58%) and learnings.md warns about it — this signal repeats a known bad trade, so SKIP.",scan-filtered,loss,-0.3136
2026-07-24T05:36:45.134Z,SOLUSDT,BUY,75.80,0,"[bullish-cross-9/21-5m] Memory blocked this entry (counterfactual): Ledger shows 41 real prior losses vs 8 wins on bullish-cross-9/21-5m (net -11.07%) and learnings.md warns about it — this signal repeats a known bad trade, so SKIP.",scan-filtered,loss,-0.1945
2026-07-24T05:41:50.986Z,ETHUSDT,BUY,1879.76,0,"[bullish-cross-9/21-5m] Memory blocked this entry (counterfactual): Ledger shows 44 real prior losses vs 10 wins on bullish-cross-9/21-5m (net -13.93%) and learnings.md warns about it — this signal repeats a known bad trade, so SKIP.",scan-filtered,win,0.1096
2026-07-24T06:22:33.699Z,BTCUSDT,BUY,65491.68,0,"[bullish-cross-9/21-5m] Memory blocked this entry (counterfactual): Ledger shows 46 real prior losses vs 11 wins on bullish-cross-9/21-5m (net -12.79%) and learnings.md warns about it — this signal repeats a known bad trade, so SKIP.",scan-filtered,win,0.0503
2026-07-24T08:08:28.552Z,BTCUSDT,SELL,65436.13,0,"[bearish-cross-9/21-5m] Memory blocked this entry (counterfactual): Ledger shows 50 real prior losses vs 9 wins on bearish-cross-9/21-5m (net -18.89%) and learnings.md warns about it — this signal repeats a known bad trade, so SKIP.",scan-filtered,win,0.0608
2026-07-24T08:23:40.835Z,SOLUSDT,SELL,75.97,0,"[bearish-cross-9/21-5m] Memory blocked this entry (counterfactual): Ledger shows 33 real prior losses vs 12 wins on bearish-cross-9/21-5m (net -9.54%) and learnings.md warns about it — this signal repeats a known bad trade, so SKIP.",scan-filtered,win,0.4108
2026-07-24T08:28:42.600Z,ETHUSDT,SELL,1888.19,0,"[bearish-cross-9/21-5m] Memory blocked this entry (counterfactual): Ledger shows 44 real prior losses vs 12 wins on bearish-cross-9/21-5m (net -15.60%) and learnings.md warns about it — this signal repeats a known bad trade, so SKIP.",scan-filtered,win,0.0543
2026-07-24T18:44:07.054Z,SOLUSDT,SELL,73.98,0,"[bearish-cross-9/21-5m] Memory blocked this entry (counterfactual): Ledger shows 33 real prior losses vs 13 wins on bearish-cross-9/21-5m (net -9.13%) and learnings.md warns about it — this signal repeats a known bad trade, so SKIP.",scan-filtered,loss,-0.3270
2026-07-24T18:54:12.257Z,ETHUSDT,SELL,1862.02,0,"[bearish-cross-9/21-5m] Memory blocked this entry (counterfactual): Ledger shows 44 real prior losses vs 13 wins on bearish-cross-9/21-5m (net -15.54%) and learnings.md warns about it — this signal repeats a known bad trade, so SKIP.",scan-filtered,loss,-0.3671
2026-07-24T19:21:58.592Z,AMZN,SELL,232.01,7,"[actual:tsmom28-1d-state-long] Exit: momentum flipped non-positive (-3.24%) — state exit; entry fill 249.4; ACTUAL round-trip P&L from real paper fills, gross of Alpaca fees (~50 bps RT taker at this tier).",alpaca-paper-exit,loss,-6.9727
2026-07-24T19:22:04.124Z,QQQ,SELL,683.35,2,"[actual:tsmom28-1d-state-long] Exit: momentum flipped non-positive (-3.44%) — state exit; entry fill 708.3; ACTUAL round-trip P&L from real paper fills, gross of Alpaca fees (~50 bps RT taker at this tier).",alpaca-paper-exit,loss,-3.5225
2026-07-24T19:22:16.843Z,NVDA,BUY,208.76,9,"[tsmom28-1d-state-long] Trailing 28-candle return is positive (1.90%) — state construction holds long while momentum is positive. || broker fill 205.37 qty 9, slippage +4.6 bps vs decision mark 205.28, signal-drift -162.4 bps vs signal close, order bot-NVDA-1784851200000",alpaca-paper,open,
2026-07-24T19:22:18.769Z,AVGO,BUY,392.61,5,"[tsmom28-1d-state-long] Trailing 28-candle return is positive (1.97%) — state construction holds long while momentum is positive. || broker fill 379.65 qty 5, slippage +5.0 bps vs decision mark 379.46, signal-drift -330.1 bps vs signal close, order bot-AVGO-1784851200000",alpaca-paper,open,
2026-07-25T05:39:34.036Z,SOLUSDT,SELL,74.14,0,"[bearish-cross-9/21-5m] Memory blocked this entry (counterfactual): Ledger shows 34 real prior losses vs 13 wins on bearish-cross-9/21-5m (net -9.46%) and learnings.md warns about it — this signal repeats a known bad trade, so SKIP.",scan-filtered,win,0.1181
2026-07-25T05:49:38.046Z,BTCUSDT,SELL,64036.89,0,"[bearish-cross-9/21-5m] Memory blocked this entry (counterfactual): Ledger shows 50 real prior losses vs 10 wins on bearish-cross-9/21-5m (net -18.83%) and learnings.md warns about it — this signal repeats a known bad trade, so SKIP.",scan-filtered,loss,-0.2290
2026-07-25T05:49:38.285Z,ETHUSDT,SELL,1858.15,0,"[bearish-cross-9/21-5m] Memory blocked this entry (counterfactual): Ledger shows 45 real prior losses vs 13 wins on bearish-cross-9/21-5m (net -15.91%) and learnings.md warns about it — this signal repeats a known bad trade, so SKIP.",scan-filtered,loss,-0.1622
2026-07-25T06:07:08.472Z,AAVEUSDT,SELL,91.36,20.379336369,"[actual:tsmom28-1d-state-long] Exit: momentum flipped non-positive (-2.16%) — state exit; entry fill 96.037; ACTUAL round-trip P&L from real paper fills, gross of Alpaca fees (~50 bps RT taker at this tier).",alpaca-paper-exit,loss,-4.8746
2026-07-25T06:07:09.463Z,AVAXUSDT,SELL,6.24808,305.535007879,"[actual:tsmom28-1d-state-long] Exit: momentum flipped non-positive (-4.96%) — state exit; entry fill 6.512952028; ACTUAL round-trip P&L from real paper fills, gross of Alpaca fees (~50 bps RT taker at this tier).",alpaca-paper-exit,loss,-4.0668
2026-07-25T07:30:28.106Z,SOLUSDT,BUY,73.88,0,"[bullish-cross-9/21-5m] Memory blocked this entry (counterfactual): Ledger shows 42 real prior losses vs 8 wins on bullish-cross-9/21-5m (net -11.27%) and learnings.md warns about it — this signal repeats a known bad trade, so SKIP.",scan-filtered,loss,-0.3271
2026-07-25T07:35:31.077Z,ETHUSDT,BUY,1857.14,0,"[bullish-cross-9/21-5m] Memory blocked this entry (counterfactual): Ledger shows 44 real prior losses vs 11 wins on bullish-cross-9/21-5m (net -13.82%) and learnings.md warns about it — this signal repeats a known bad trade, so SKIP.",scan-filtered,loss,-0.3894
2026-07-25T07:40:33.120Z,BTCUSDT,BUY,64038.39,0,"[bullish-cross-9/21-5m] Memory blocked this entry (counterfactual): Ledger shows 46 real prior losses vs 12 wins on bullish-cross-9/21-5m (net -12.74%) and learnings.md warns about it — this signal repeats a known bad trade, so SKIP.",scan-filtered,loss,-0.4214
2026-07-25T07:45:35.871Z,SOLUSDT,SELL,73.87,0,"[bearish-cross-9/21-5m] Memory blocked this entry (counterfactual): Ledger shows 34 real prior losses vs 14 wins on bearish-cross-9/21-5m (net -9.34%) and learnings.md warns about it — this signal repeats a known bad trade, so SKIP.",scan-filtered,loss,-0.2188
2026-07-25T07:50:37.931Z,ETHUSDT,SELL,1856.55,0,"[bearish-cross-9/21-5m] Memory blocked this entry (counterfactual): Ledger shows 46 real prior losses vs 13 wins on bearish-cross-9/21-5m (net -16.07%) and learnings.md warns about it — this signal repeats a known bad trade, so SKIP.",scan-filtered,loss,-0.1341
2026-07-25T08:15:49.333Z,BTCUSDT,SELL,63961.68,0,"[bearish-cross-9/21-5m] Memory blocked this entry (counterfactual): Ledger shows 51 real prior losses vs 10 wins on bearish-cross-9/21-5m (net -19.06%) and learnings.md warns about it — this signal repeats a known bad trade, so SKIP.",scan-filtered,loss,-0.1616
2026-07-25T09:21:23.554Z,SOLUSDT,BUY,73.92,0,"[bullish-cross-9/21-5m] Memory blocked this entry (counterfactual): Ledger shows 43 real prior losses vs 8 wins on bullish-cross-9/21-5m (net -11.60%) and learnings.md warns about it — this signal repeats a known bad trade, so SKIP.",scan-filtered,loss,-0.1377
2026-07-25T09:46:34.428Z,ETHUSDT,BUY,1856.40,0,"[bullish-cross-9/21-5m] Memory blocked this entry (counterfactual): Ledger shows 45 real prior losses vs 11 wins on bullish-cross-9/21-5m (net -14.21%) and learnings.md warns about it — this signal repeats a known bad trade, so SKIP.",scan-filtered,loss,-0.2601
2026-07-25T09:56:38.444Z,BTCUSDT,BUY,64000.01,0,"[bullish-cross-9/21-5m] Memory blocked this entry (counterfactual): Ledger shows 47 real prior losses vs 12 wins on bullish-cross-9/21-5m (net -13.16%) and learnings.md warns about it — this signal repeats a known bad trade, so SKIP.",scan-filtered,loss,-0.2357
2026-07-25T11:02:10.592Z,SOLUSDT,SELL,73.98,0,"[bearish-cross-9/21-5m] Memory blocked this entry (counterfactual): Ledger shows 35 real prior losses vs 14 wins on bearish-cross-9/21-5m (net -9.56%) and learnings.md warns about it — this signal repeats a known bad trade, so SKIP.",scan-filtered,loss,-0.2189
2026-07-25T12:07:40.170Z,ETHUSDT,SELL,1858.42,0,"[bearish-cross-9/21-5m] Memory blocked this entry (counterfactual): Ledger shows 47 real prior losses vs 13 wins on bearish-cross-9/21-5m (net -16.21%) and learnings.md warns about it — this signal repeats a known bad trade, so SKIP.",scan-filtered,loss,-0.4899
2026-07-25T12:27:49.226Z,BTCUSDT,SELL,64044.33,0,"[bearish-cross-9/21-5m] Memory blocked this entry (counterfactual): Ledger shows 52 real prior losses vs 10 wins on bearish-cross-9/21-5m (net -19.22%) and learnings.md warns about it — this signal repeats a known bad trade, so SKIP.",scan-filtered,loss,-0.4314
2026-07-25T12:58:02.935Z,BTCUSDT,BUY,64104.99,0,"[bullish-cross-9/21-5m] Memory blocked this entry (counterfactual): Ledger shows 48 real prior losses vs 12 wins on bullish-cross-9/21-5m (net -13.39%) and learnings.md warns about it — this signal repeats a known bad trade, so SKIP.",scan-filtered,loss,-0.1735
2026-07-25T13:03:05.620Z,ETHUSDT,BUY,1860.32,0,"[bullish-cross-9/21-5m] Memory blocked this entry (counterfactual): Ledger shows 46 real prior losses vs 11 wins on bullish-cross-9/21-5m (net -14.47%) and learnings.md warns about it — this signal repeats a known bad trade, so SKIP.",scan-filtered,win,0.0720
2026-07-25T13:08:08.528Z,SOLUSDT,BUY,74.00,0,"[bullish-cross-9/21-5m] Memory blocked this entry (counterfactual): Ledger shows 44 real prior losses vs 8 wins on bullish-cross-9/21-5m (net -11.73%) and learnings.md warns about it — this signal repeats a known bad trade, so SKIP.",scan-filtered,loss,-0.5162
2026-07-25T20:03:00.006Z,BTCUSDT,SELL,64388.38,0,"[bearish-cross-9/21-5m] Memory blocked this entry (counterfactual): Ledger shows 53 real prior losses vs 10 wins on bearish-cross-9/21-5m (net -19.65%) and learnings.md warns about it — this signal repeats a known bad trade, so SKIP.",scan-filtered,loss,-0.2245
2026-07-25T20:03:00.445Z,SOLUSDT,SELL,74.57,0,"[bearish-cross-9/21-5m] Memory blocked this entry (counterfactual): Ledger shows 36 real prior losses vs 14 wins on bearish-cross-9/21-5m (net -9.78%) and learnings.md warns about it — this signal repeats a known bad trade, so SKIP.",scan-filtered,loss,-0.1391
2026-07-25T20:18:06.599Z,ETHUSDT,SELL,1874.10,0,"[bearish-cross-9/21-5m] Memory blocked this entry (counterfactual): Ledger shows 48 real prior losses vs 13 wins on bearish-cross-9/21-5m (net -16.70%) and learnings.md warns about it — this signal repeats a known bad trade, so SKIP.",scan-filtered,loss,-0.1010
2026-07-25T21:58:53.994Z,SOLUSDT,BUY,74.47,0,"[bullish-cross-9/21-5m] Memory blocked this entry (counterfactual): Ledger shows 45 real prior losses vs 8 wins on bullish-cross-9/21-5m (net -12.25%) and learnings.md warns about it — this signal repeats a known bad trade, so SKIP.",scan-filtered,loss,-0.2731
2026-07-25T22:03:55.995Z,ETHUSDT,BUY,1872.65,0,"[bullish-cross-9/21-5m] Memory blocked this entry (counterfactual): Ledger shows 46 real prior losses vs 12 wins on bullish-cross-9/21-5m (net -14.39%) and learnings.md warns about it — this signal repeats a known bad trade, so SKIP.",scan-filtered,loss,-0.1307
2026-07-25T22:08:57.925Z,BTCUSDT,BUY,64379.50,0,"[bullish-cross-9/21-5m] Memory blocked this entry (counterfactual): Ledger shows 49 real prior losses vs 12 wins on bullish-cross-9/21-5m (net -13.57%) and learnings.md warns about it — this signal repeats a known bad trade, so SKIP.",scan-filtered,loss,-0.2638
2026-07-25T22:54:17.937Z,SOLUSDT,SELL,74.48,0,"[bearish-cross-9/21-5m] Memory blocked this entry (counterfactual): Ledger shows 37 real prior losses vs 14 wins on bearish-cross-9/21-5m (net -9.92%) and learnings.md warns about it — this signal repeats a known bad trade, so SKIP.",scan-filtered,loss,-0.3134
2026-07-25T23:24:32.737Z,SOLUSDT,BUY,74.42,0,"[bullish-cross-9/21-5m] Memory blocked this entry (counterfactual): Ledger shows 46 real prior losses vs 8 wins on bullish-cross-9/21-5m (net -12.52%) and learnings.md warns about it — this signal repeats a known bad trade, so SKIP.",scan-filtered,win,0.1031
2026-07-25T23:44:42.289Z,ETHUSDT,SELL,1874.50,0,"[bearish-cross-9/21-5m] Memory blocked this entry (counterfactual): Ledger shows 49 real prior losses vs 13 wins on bearish-cross-9/21-5m (net -16.80%) and learnings.md warns about it — this signal repeats a known bad trade, so SKIP.",scan-filtered,loss,-0.4152
2026-07-25T23:54:46.781Z,BTCUSDT,SELL,64379.97,0,"[bearish-cross-9/21-5m] Memory blocked this entry (counterfactual): Ledger shows 54 real prior losses vs 10 wins on bearish-cross-9/21-5m (net -19.88%) and learnings.md warns about it — this signal repeats a known bad trade, so SKIP.",scan-filtered,loss,-0.3722
2026-07-26T00:19:58.914Z,ETHUSDT,BUY,1877.49,0,"[bullish-cross-9/21-5m] Memory blocked this entry (counterfactual): Ledger shows 47 real prior losses vs 12 wins on bullish-cross-9/21-5m (net -14.53%) and learnings.md warns about it — this signal repeats a known bad trade, so SKIP.",scan-filtered,loss,-0.1471
2026-07-26T00:30:05.559Z,BTCUSDT,BUY,64474.87,0,"[bullish-cross-9/21-5m] Memory blocked this entry (counterfactual): Ledger shows 50 real prior losses vs 12 wins on bullish-cross-9/21-5m (net -13.83%) and learnings.md warns about it — this signal repeats a known bad trade, so SKIP.",scan-filtered,loss,-0.3013
2026-07-26T01:56:10.961Z,AVAXUSDT,BUY,6.77700,293.669800613,"[tsmom28-1d-state-long] Trailing 28-candle return is positive (5.35%) — state construction holds long while momentum is positive. || broker fill 6.794087506 qty 293.669800613, slippage +6.0 bps vs decision mark 6.79000, signal-drift +25.2 bps vs signal close, order bot-AVAXUSDT-1785024000000",alpaca-paper,win,10.2799
2026-07-26T01:56:13.577Z,FILUSDT,BUY,0.736300,2712.211569861,"[tsmom28-1d-state-long] Trailing 28-candle return is positive (1.14%) — state construction holds long while momentum is positive. || broker fill 0.735895 qty 2712.211569861, slippage +9.5 bps vs decision mark 0.735200, signal-drift -5.5 bps vs signal close, order bot-FILUSDT-1785024000000",alpaca-paper,win,3.1497
2026-07-26T01:57:48.116Z,BNBUSDT,BUY,568.94,0.001,[tsmom28-1d-flip-long] Trailing 28-candle return flipped positive (-0.48% -> 2.11%) — momentum turned up.,scan,win,21.9062
2026-07-26T02:00:32.899Z,SOLUSDT,SELL,74.82,0,"[bearish-cross-9/21-5m] Memory blocked this entry (counterfactual): Ledger shows 38 real prior losses vs 14 wins on bearish-cross-9/21-5m (net -10.23%) and learnings.md warns about it — this signal repeats a known bad trade, so SKIP.",scan-filtered,loss,-0.4069
2026-07-26T02:05:35.043Z,SOLUSDT,BUY,74.87,0,"[bullish-cross-9/21-5m] Memory blocked this entry (counterfactual): Ledger shows 46 real prior losses vs 9 wins on bullish-cross-9/21-5m (net -12.42%) and learnings.md warns about it — this signal repeats a known bad trade, so SKIP.",scan-filtered,loss,-0.2866
2026-07-26T02:20:41.421Z,BTCUSDT,SELL,64468.01,0,"[bearish-cross-9/21-5m] Memory blocked this entry (counterfactual): Ledger shows 55 real prior losses vs 10 wins on bearish-cross-9/21-5m (net -20.25%) and learnings.md warns about it — this signal repeats a known bad trade, so SKIP.",scan-filtered,loss,-0.4117
2026-07-26T02:25:43.661Z,ETHUSDT,SELL,1878.24,0,"[bearish-cross-9/21-5m] Memory blocked this entry (counterfactual): Ledger shows 50 real prior losses vs 13 wins on bearish-cross-9/21-5m (net -17.21%) and learnings.md warns about it — this signal repeats a known bad trade, so SKIP.",scan-filtered,loss,-0.4885
2026-07-26T03:06:11.140Z,BTCUSDT,BUY,64500.01,0,"[bullish-cross-9/21-5m] Memory blocked this entry (counterfactual): Ledger shows 51 real prior losses vs 12 wins on bullish-cross-9/21-5m (net -14.13%) and learnings.md warns about it — this signal repeats a known bad trade, so SKIP.",scan-filtered,loss,-0.2428
2026-07-26T03:06:11.403Z,ETHUSDT,BUY,1879.51,0,"[bullish-cross-9/21-5m] Memory blocked this entry (counterfactual): Ledger shows 48 real prior losses vs 12 wins on bullish-cross-9/21-5m (net -14.67%) and learnings.md warns about it — this signal repeats a known bad trade, so SKIP.",scan-filtered,loss,-0.1361
2026-07-26T04:32:07.806Z,BTCUSDT,SELL,64549.22,0,"[bearish-cross-9/21-5m] Memory blocked this entry (counterfactual): Ledger shows 56 real prior losses vs 10 wins on bearish-cross-9/21-5m (net -20.66%) and learnings.md warns about it — this signal repeats a known bad trade, so SKIP.",scan-filtered,loss,-0.2129
2026-07-26T05:07:26.082Z,BTCUSDT,BUY,64507.96,0,"[bullish-cross-9/21-5m] Memory blocked this entry (counterfactual): Ledger shows 52 real prior losses vs 12 wins on bullish-cross-9/21-5m (net -14.37%) and learnings.md warns about it — this signal repeats a known bad trade, so SKIP.",scan-filtered,loss,-0.4643
2026-07-26T05:17:30.184Z,BTCUSDT,SELL,64520.00,0,"[bearish-cross-9/21-5m] Memory blocked this entry (counterfactual): Ledger shows 56 real prior losses vs 10 wins on bearish-cross-9/21-5m (net -20.66%) and learnings.md warns about it — this signal repeats a known bad trade, so SKIP.",scan-filtered,loss,-0.0365
2026-07-26T05:57:48.556Z,SOLUSDT,SELL,75.03,0,"[bearish-cross-9/21-5m] Memory blocked this entry (counterfactual): Ledger shows 39 real prior losses vs 14 wins on bearish-cross-9/21-5m (net -10.64%) and learnings.md warns about it — this signal repeats a known bad trade, so SKIP.",scan-filtered,loss,-0.3133
2026-07-26T06:02:50.534Z,ETHUSDT,SELL,1883.40,0,"[bearish-cross-9/21-5m] Memory blocked this entry (counterfactual): Ledger shows 51 real prior losses vs 13 wins on bearish-cross-9/21-5m (net -17.70%) and learnings.md warns about it — this signal repeats a known bad trade, so SKIP.",scan-filtered,loss,-0.3823
2026-07-26T07:18:28.528Z,BTCUSDT,BUY,64428.01,0,"[bullish-cross-9/21-5m] Memory blocked this entry (counterfactual): Ledger shows 53 real prior losses vs 12 wins on bullish-cross-9/21-5m (net -14.84%) and learnings.md warns about it — this signal repeats a known bad trade, so SKIP.",scan-filtered,loss,-0.3548
2026-07-26T07:18:28.756Z,ETHUSDT,BUY,1884.77,0,"[bullish-cross-9/21-5m] Memory blocked this entry (counterfactual): Ledger shows 49 real prior losses vs 12 wins on bullish-cross-9/21-5m (net -14.81%) and learnings.md warns about it — this signal repeats a known bad trade, so SKIP.",scan-filtered,loss,-0.5356
2026-07-26T07:18:29.015Z,SOLUSDT,BUY,75.03,0,"[bullish-cross-9/21-5m] Memory blocked this entry (counterfactual): Ledger shows 47 real prior losses vs 9 wins on bullish-cross-9/21-5m (net -12.71%) and learnings.md warns about it — this signal repeats a known bad trade, so SKIP.",scan-filtered,loss,-0.4333
2026-07-26T07:58:51.132Z,BTCUSDT,SELL,64368.00,0,"[bearish-cross-9/21-5m] Memory blocked this entry (counterfactual): Ledger shows 58 real prior losses vs 10 wins on bearish-cross-9/21-5m (net -20.91%) and learnings.md warns about it — this signal repeats a known bad trade, so SKIP.",scan-filtered,loss,-0.4917
2026-07-26T08:03:53.924Z,ETHUSDT,SELL,1881.56,0,"[bearish-cross-9/21-5m] Memory blocked this entry (counterfactual): Ledger shows 52 real prior losses vs 13 wins on bearish-cross-9/21-5m (net -18.08%) and learnings.md warns about it — this signal repeats a known bad trade, so SKIP.",scan-filtered,loss,-0.2926
2026-07-26T08:03:54.144Z,SOLUSDT,SELL,74.87,0,"[bearish-cross-9/21-5m] Memory blocked this entry (counterfactual): Ledger shows 40 real prior losses vs 14 wins on bearish-cross-9/21-5m (net -10.95%) and learnings.md warns about it — this signal repeats a known bad trade, so SKIP.",scan-filtered,loss,-0.4469
2026-07-26T08:49:13.096Z,BTCUSDT,BUY,64442.19,0,"[bullish-cross-9/21-5m] Memory blocked this entry (counterfactual): Ledger shows 54 real prior losses vs 12 wins on bullish-cross-9/21-5m (net -15.19%) and learnings.md warns about it — this signal repeats a known bad trade, so SKIP.",scan-filtered,loss,-0.1434
2026-07-26T09:04:20.180Z,SOLUSDT,BUY,74.98,0,"[bullish-cross-9/21-5m] Memory blocked this entry (counterfactual): Ledger shows 48 real prior losses vs 9 wins on bullish-cross-9/21-5m (net -13.14%) and learnings.md warns about it — this signal repeats a known bad trade, so SKIP.",scan-filtered,loss,-0.1800
2026-07-26T09:09:22.001Z,ETHUSDT,BUY,1882.48,0,"[bullish-cross-9/21-5m] Memory blocked this entry (counterfactual): Ledger shows 50 real prior losses vs 12 wins on bullish-cross-9/21-5m (net -15.34%) and learnings.md warns about it — this signal repeats a known bad trade, so SKIP.",scan-filtered,loss,-0.1938
2026-07-26T10:40:00.222Z,BTCUSDT,SELL,64548.00,0,"[bearish-cross-9/21-5m] Memory blocked this entry (counterfactual): Ledger shows 59 real prior losses vs 10 wins on bearish-cross-9/21-5m (net -21.40%) and learnings.md warns about it — this signal repeats a known bad trade, so SKIP.",scan-filtered,loss,-0.2182
2026-07-26T11:05:11.298Z,BTCUSDT,BUY,64524.00,0,"[bullish-cross-9/21-5m] Memory blocked this entry (counterfactual): Ledger shows 55 real prior losses vs 12 wins on bullish-cross-9/21-5m (net -15.34%) and learnings.md warns about it — this signal repeats a known bad trade, so SKIP.",scan-filtered,loss,-0.2504
2026-07-26T11:20:21.750Z,BTCUSDT,SELL,64521.99,0,"[bearish-cross-9/21-5m] Memory blocked this entry (counterfactual): Ledger shows 59 real prior losses vs 10 wins on bearish-cross-9/21-5m (net -21.40%) and learnings.md warns about it — this signal repeats a known bad trade, so SKIP.",scan-filtered,loss,-0.3372
2026-07-26T11:20:22.610Z,SOLUSDT,SELL,75.11,0,"[bearish-cross-9/21-5m] Memory blocked this entry (counterfactual): Ledger shows 41 real prior losses vs 14 wins on bearish-cross-9/21-5m (net -11.40%) and learnings.md warns about it — this signal repeats a known bad trade, so SKIP.",scan-filtered,loss,-0.0470
2026-07-26T12:15:53.506Z,BTCUSDT,BUY,64609.01,0,"[bullish-cross-9/21-5m] Memory blocked this entry (counterfactual): Ledger shows 56 real prior losses vs 12 wins on bullish-cross-9/21-5m (net -15.59%) and learnings.md warns about it — this signal repeats a known bad trade, so SKIP.",scan-filtered,loss,-0.5870
2026-07-26T13:01:15.900Z,BTCUSDT,SELL,64466.67,0,"[bearish-cross-9/21-5m] Memory blocked this entry (counterfactual): Ledger shows 61 real prior losses vs 10 wins on bearish-cross-9/21-5m (net -21.96%) and learnings.md warns about it — this signal repeats a known bad trade, so SKIP.",scan-filtered,loss,-0.3796
2026-07-26T13:11:20.261Z,ETHUSDT,SELL,1882.98,0,"[bearish-cross-9/21-5m] Memory blocked this entry (counterfactual): Ledger shows 53 real prior losses vs 13 wins on bearish-cross-9/21-5m (net -18.38%) and learnings.md warns about it — this signal repeats a known bad trade, so SKIP.",scan-filtered,loss,-0.9192
2026-07-26T14:01:41.799Z,BTCUSDT,BUY,64518.00,0,"[bullish-cross-9/21-5m] Memory blocked this entry (counterfactual): Ledger shows 57 real prior losses vs 12 wins on bullish-cross-9/21-5m (net -16.17%) and learnings.md warns about it — this signal repeats a known bad trade, so SKIP.",scan-filtered,win,0.0022
2026-07-26T14:01:42.908Z,SOLUSDT,BUY,74.94,0,"[bullish-cross-9/21-5m] Memory blocked this entry (counterfactual): Ledger shows 49 real prior losses vs 9 wins on bullish-cross-9/21-5m (net -13.32%) and learnings.md warns about it — this signal repeats a known bad trade, so SKIP.",scan-filtered,loss,-0.1399
2026-07-26T14:06:46.258Z,ETHUSDT,BUY,1890.57,0,"[bullish-cross-9/21-5m] Memory blocked this entry (counterfactual): Ledger shows 51 real prior losses vs 12 wins on bullish-cross-9/21-5m (net -15.54%) and learnings.md warns about it — this signal repeats a known bad trade, so SKIP.",scan-filtered,win,0.1866
2026-07-26T17:29:15.587Z,BTCUSDT,SELL,64726.43,0,"[bearish-cross-9/21-5m] Memory blocked this entry (counterfactual): Ledger shows 62 real prior losses vs 10 wins on bearish-cross-9/21-5m (net -22.34%) and learnings.md warns about it — this signal repeats a known bad trade, so SKIP.",scan-filtered,loss,-0.2448
2026-07-26T17:34:21.966Z,SOLUSDT,SELL,75.33,0,"[bearish-cross-9/21-5m] Memory blocked this entry (counterfactual): Ledger shows 42 real prior losses vs 14 wins on bearish-cross-9/21-5m (net -11.45%) and learnings.md warns about it — this signal repeats a known bad trade, so SKIP.",scan-filtered,loss,-0.3133
2026-07-26T17:39:29.631Z,ETHUSDT,SELL,1915.49,0,"[bearish-cross-9/21-5m] Memory blocked this entry (counterfactual): Ledger shows 54 real prior losses vs 13 wins on bearish-cross-9/21-5m (net -19.30%) and learnings.md warns about it — this signal repeats a known bad trade, so SKIP.",scan-filtered,loss,-0.1945
2026-07-26T18:55:20.177Z,ETHUSDT,BUY,1915.24,0,"[bullish-cross-9/21-5m] Memory blocked this entry (counterfactual): Ledger shows 51 real prior losses vs 13 wins on bullish-cross-9/21-5m (net -15.35%) and learnings.md warns about it — this signal repeats a known bad trade, so SKIP.",scan-filtered,loss,-0.3350
2026-07-26T19:00:22.019Z,BTCUSDT,BUY,64734.38,0,"[bullish-cross-9/21-5m] Memory blocked this entry (counterfactual): Ledger shows 57 real prior losses vs 13 wins on bullish-cross-9/21-5m (net -16.17%) and learnings.md warns about it — this signal repeats a known bad trade, so SKIP.",scan-filtered,loss,-0.3600
2026-07-26T19:05:24.634Z,SOLUSDT,BUY,75.37,0,"[bullish-cross-9/21-5m] Memory blocked this entry (counterfactual): Ledger shows 50 real prior losses vs 9 wins on bullish-cross-9/21-5m (net -13.46%) and learnings.md warns about it — this signal repeats a known bad trade, so SKIP.",scan-filtered,loss,-0.3133
2026-07-26T19:20:30.566Z,SOLUSDT,SELL,75.29,0,"[bearish-cross-9/21-5m] Memory blocked this entry (counterfactual): Ledger shows 43 real prior losses vs 14 wins on bearish-cross-9/21-5m (net -11.76%) and learnings.md warns about it — this signal repeats a known bad trade, so SKIP.",scan-filtered,loss,-0.3930
2026-07-26T20:15:53.718Z,BTCUSDT,SELL,64691.71,0,"[bearish-cross-9/21-5m] Memory blocked this entry (counterfactual): Ledger shows 63 real prior losses vs 10 wins on bearish-cross-9/21-5m (net -22.58%) and learnings.md warns about it — this signal repeats a known bad trade, so SKIP.",scan-filtered,loss,-0.3099
2026-07-27T00:04:48.079Z,BTCUSDT,SELL,65399.99,0,"[bearish-cross-9/21-5m] Memory blocked this entry (counterfactual): Ledger shows 64 real prior losses vs 10 wins on bearish-cross-9/21-5m (net -22.89%) and learnings.md warns about it — this signal repeats a known bad trade, so SKIP.",scan-filtered,win,0.1098
2026-07-27T00:14:47.482Z,AAVEUSDT,BUY,101.47,19.670690995,"[tsmom28-1d-state-long] Trailing 28-candle return is positive (10.65%) — state construction holds long while momentum is positive. || broker fill 101.6 qty 19.670690995, slippage +22.7 bps vs decision mark 101.37, signal-drift +12.8 bps vs signal close, order bot-AAVEUSDT-1785110400000",alpaca-paper,win,39.1599
2026-07-27T00:14:49.655Z,DOGEUSDT,BUY,0.0733800,27196.098556485,"[tsmom28-1d-state-long] Trailing 28-candle return is positive (0.25%) — state construction holds long while momentum is positive. || broker fill 0.073361 qty 27196.098556485, slippage +5.6 bps vs decision mark 0.0733200, signal-drift -2.6 bps vs signal close, order bot-DOGEUSDT-1785110400000",alpaca-paper,win,27.0099
2026-07-27T00:14:51.347Z,DOTUSDT,BUY,0.828000,2416.991449893,"[tsmom28-1d-state-long] Trailing 28-candle return is positive (2.22%) — state construction holds long while momentum is positive. || broker fill 0.826630478 qty 2416.991449893, slippage +19.8 bps vs decision mark 0.825000, signal-drift -16.5 bps vs signal close, order bot-DOTUSDT-1785110400000",alpaca-paper,win,11.7773
2026-07-27T00:14:52.619Z,SOLUSDT,SELL,76.58,0,"[bearish-cross-9/21-5m] Memory blocked this entry (counterfactual): Ledger shows 44 real prior losses vs 14 wins on bearish-cross-9/21-5m (net -12.15%) and learnings.md warns about it — this signal repeats a known bad trade, so SKIP.",scan-filtered,loss,-0.1041
2026-07-27T00:24:56.490Z,ETHUSDT,SELL,1944.49,0,"[bearish-cross-9/21-5m] Memory blocked this entry (counterfactual): Ledger shows 55 real prior losses vs 13 wins on bearish-cross-9/21-5m (net -19.49%) and learnings.md warns about it — this signal repeats a known bad trade, so SKIP.",scan-filtered,loss,-0.3015
2026-07-27T02:01:02.743Z,ETHUSDT,BUY,1948.20,0,"[bullish-cross-9/21-5m] Memory blocked this entry (counterfactual): Ledger shows 52 real prior losses vs 13 wins on bullish-cross-9/21-5m (net -15.69%) and learnings.md warns about it — this signal repeats a known bad trade, so SKIP.",scan-filtered,loss,-0.5618
2026-07-27T02:16:09.256Z,BTCUSDT,BUY,65206.01,0,"[bullish-cross-9/21-5m] Memory blocked this entry (counterfactual): Ledger shows 58 real prior losses vs 13 wins on bullish-cross-9/21-5m (net -16.53%) and learnings.md warns about it — this signal repeats a known bad trade, so SKIP.",scan-filtered,loss,-0.1865
2026-07-27T02:16:09.694Z,SOLUSDT,BUY,76.51,0,"[bullish-cross-9/21-5m] Memory blocked this entry (counterfactual): Ledger shows 51 real prior losses vs 9 wins on bullish-cross-9/21-5m (net -13.77%) and learnings.md warns about it — this signal repeats a known bad trade, so SKIP.",scan-filtered,loss,-0.3915
2026-07-27T03:06:32.476Z,ETHUSDT,SELL,1942.43,0,"[bearish-cross-9/21-5m] Memory blocked this entry (counterfactual): Ledger shows 56 real prior losses vs 13 wins on bearish-cross-9/21-5m (net -19.79%) and learnings.md warns about it — this signal repeats a known bad trade, so SKIP.",scan-filtered,loss,-0.9255
2026-07-27T03:26:48.848Z,SOLUSDT,SELL,76.46,0,"[bearish-cross-9/21-5m] Memory blocked this entry (counterfactual): Ledger shows 45 real prior losses vs 14 wins on bearish-cross-9/21-5m (net -12.26%) and learnings.md warns about it — this signal repeats a known bad trade, so SKIP.",scan-filtered,loss,-0.3000
2026-07-27T03:52:06.873Z,ETHUSDT,BUY,1946.87,0,"[bullish-cross-9/21-5m] Memory blocked this entry (counterfactual): Ledger shows 53 real prior losses vs 13 wins on bullish-cross-9/21-5m (net -16.25%) and learnings.md warns about it — this signal repeats a known bad trade, so SKIP.",scan-filtered,win,0.1361
2026-07-27T05:53:08.185Z,SOLUSDT,BUY,76.35,0,"[bullish-cross-9/21-5m] Memory blocked this entry (counterfactual): Ledger shows 52 real prior losses vs 9 wins on bullish-cross-9/21-5m (net -14.16%) and learnings.md warns about it — this signal repeats a known bad trade, so SKIP.",scan-filtered,win,0.1715
2026-07-27T07:18:43.408Z,BTCUSDT,SELL,65422.00,0,"[bearish-cross-9/21-5m] Memory blocked this entry (counterfactual): Ledger shows 64 real prior losses vs 11 wins on bearish-cross-9/21-5m (net -22.78%) and learnings.md warns about it — this signal repeats a known bad trade, so SKIP.",scan-filtered,win,0.0546
2026-07-27T07:33:49.788Z,SOLUSDT,SELL,76.57,0,"[bearish-cross-9/21-5m] Memory blocked this entry (counterfactual): Ledger shows 46 real prior losses vs 14 wins on bearish-cross-9/21-5m (net -12.56%) and learnings.md warns about it — this signal repeats a known bad trade, so SKIP.",scan-filtered,loss,-0.0649
2026-07-27T07:48:56.969Z,ETHUSDT,SELL,1966.51,0,"[bearish-cross-9/21-5m] Memory blocked this entry (counterfactual): Ledger shows 57 real prior losses vs 13 wins on bearish-cross-9/21-5m (net -20.72%) and learnings.md warns about it — this signal repeats a known bad trade, so SKIP.",scan-filtered,loss,-0.2303
2026-07-27T09:49:59.555Z,BTCUSDT,BUY,65303.99,0,"[bullish-cross-9/21-5m] Memory blocked this entry (counterfactual): Ledger shows 59 real prior losses vs 13 wins on bullish-cross-9/21-5m (net -16.72%) and learnings.md warns about it — this signal repeats a known bad trade, so SKIP.",scan-filtered,loss,-0.1377
2026-07-27T10:05:07.528Z,ETHUSDT,BUY,1965.01,0,"[bullish-cross-9/21-5m] Memory blocked this entry (counterfactual): Ledger shows 53 real prior losses vs 14 wins on bullish-cross-9/21-5m (net -16.11%) and learnings.md warns about it — this signal repeats a known bad trade, so SKIP.",scan-filtered,loss,-0.2980
2026-07-27T11:33:26.013Z,BTCUSDT,SELL,65128.95,0,"[bearish-cross-9/21-5m] Memory blocked this entry (counterfactual): Ledger shows 64 real prior losses vs 12 wins on bearish-cross-9/21-5m (net -22.73%) and learnings.md warns about it — this signal repeats a known bad trade, so SKIP.",scan-filtered,loss,-0.1163
2026-07-27T11:33:26.220Z,ETHUSDT,SELL,1959.61,0,"[bearish-cross-9/21-5m] Memory blocked this entry (counterfactual): Ledger shows 58 real prior losses vs 13 wins on bearish-cross-9/21-5m (net -20.95%) and learnings.md warns about it — this signal repeats a known bad trade, so SKIP.",scan-filtered,win,0.2751
2026-07-27T12:56:30.591Z,SOLUSDT,BUY,76.93,0,"[bullish-cross-9/21-5m] Memory blocked this entry (counterfactual): Ledger shows 52 real prior losses vs 10 wins on bullish-cross-9/21-5m (net -13.99%) and learnings.md warns about it — this signal repeats a known bad trade, so SKIP.",scan-filtered,loss,-0.1180
2026-07-27T13:26:51.269Z,ETHUSDT,BUY,1954.19,0,"[bullish-cross-9/21-5m] Memory blocked this entry (counterfactual): Ledger shows 54 real prior losses vs 14 wins on bullish-cross-9/21-5m (net -16.41%) and learnings.md warns about it — this signal repeats a known bad trade, so SKIP.",scan-filtered,loss,-0.5866
2026-07-27T13:40:15.408Z,AVGO,SELL,385.60,5,"[actual:tsmom28-1d-state-long] Exit: momentum flipped non-positive (-0.03%) — state exit; entry fill 379.65; ACTUAL round-trip P&L from real paper fills, gross of Alpaca fees (~50 bps RT taker at this tier).",alpaca-paper-exit,win,1.5672
2026-07-27T13:40:19.870Z,IWM,SELL,295.31,6,"[actual:tsmom28-1d-state-long] Exit: momentum flipped non-positive (-0.61%) — state exit; entry fill 293.7; ACTUAL round-trip P&L from real paper fills, gross of Alpaca fees (~50 bps RT taker at this tier).",alpaca-paper-exit,win,0.5482
2026-07-27T13:40:24.473Z,SPY,SELL,744.75,2,"[actual:tsmom28-1d-state-long] Exit: momentum flipped non-positive (-0.37%) — state exit; entry fill 742.505; ACTUAL round-trip P&L from real paper fills, gross of Alpaca fees (~50 bps RT taker at this tier).",alpaca-paper-exit,win,0.3030
2026-07-27T13:42:03.335Z,BTCUSDT,BUY,65434.01,0,"[bullish-cross-9/21-5m] Memory blocked this entry (counterfactual): Ledger shows 60 real prior losses vs 13 wins on bullish-cross-9/21-5m (net -16.86%) and learnings.md warns about it — this signal repeats a known bad trade, so SKIP.",scan-filtered,loss,-1.4739
2026-07-27T16:36:36.504Z,BTCUSDT,BUY,64884.16,0,"[bullish-cross-9/21-5m] Memory blocked this entry (counterfactual): Ledger shows 61 real prior losses vs 13 wins on bullish-cross-9/21-5m (net -18.33%) and learnings.md warns about it — this signal repeats a known bad trade, so SKIP.",scan-filtered,loss,-0.0074
2026-07-27T16:36:36.702Z,ETHUSDT,BUY,1943.69,0,"[bullish-cross-9/21-5m] Memory blocked this entry (counterfactual): Ledger shows 55 real prior losses vs 14 wins on bullish-cross-9/21-5m (net -17.00%) and learnings.md warns about it — this signal repeats a known bad trade, so SKIP.",scan-filtered,loss,-0.2331
2026-07-27T16:36:36.908Z,SOLUSDT,BUY,75.86,0,"[bullish-cross-9/21-5m] Memory blocked this entry (counterfactual): Ledger shows 53 real prior losses vs 10 wins on bullish-cross-9/21-5m (net -14.11%) and learnings.md warns about it — this signal repeats a known bad trade, so SKIP.",scan-filtered,win,0.0823
2026-07-27T16:36:37.480Z,QQQ,BUY,680.88,1,[bullish-cross-9/21-5m] Fast 9MA (679.67) crossed above slow 21MA (679.55) — momentum turning up.,scan,loss,-0.6048
2026-07-27T18:17:46.758Z,SOLUSDT,SELL,75.79,0,"[bearish-cross-9/21-5m] Memory blocked this entry (counterfactual): Ledger shows 47 real prior losses vs 14 wins on bearish-cross-9/21-5m (net -12.62%) and learnings.md warns about it — this signal repeats a known bad trade, so SKIP.",scan-filtered,loss,-0.4451
2026-07-27T18:17:47.071Z,SPY,BUY,737.78,0,"[bullish-cross-9/21-5m] Memory blocked this entry (counterfactual): Ledger shows 3 real prior losses vs 1 wins on bullish-cross-9/21-5m (net -0.83%) and learnings.md warns about it — this signal repeats a known bad trade, so SKIP.",scan-filtered,loss,-0.1292
2026-07-27T18:17:47.214Z,QQQ,BUY,679.89,1,[bullish-cross-9/21-5m] Fast 9MA (679.17) crossed above slow 21MA (679.00) — momentum turning up.,scan,win,0.0456
2026-07-27T18:32:54.030Z,ETHUSDT,SELL,1938.94,0,"[bearish-cross-9/21-5m] Memory blocked this entry (counterfactual): Ledger shows 58 real prior losses vs 14 wins on bearish-cross-9/21-5m (net -20.67%) and learnings.md warns about it — this signal repeats a known bad trade, so SKIP.",scan-filtered,loss,-0.9055
2026-07-27T18:37:56.435Z,BTCUSDT,SELL,64811.04,0,"[bearish-cross-9/21-5m] Memory blocked this entry (counterfactual): Ledger shows 65 real prior losses vs 12 wins on bearish-cross-9/21-5m (net -22.84%) and learnings.md warns about it — this signal repeats a known bad trade, so SKIP.",scan-filtered,loss,-0.6481
2026-07-27T19:28:29.165Z,ETHUSDT,BUY,1949.75,0,"[bullish-cross-9/21-5m] Memory blocked this entry (counterfactual): Ledger shows 56 real prior losses vs 14 wins on bullish-cross-9/21-5m (net -17.23%) and learnings.md warns about it — this signal repeats a known bad trade, so SKIP.",scan-filtered,loss,-0.4934
2026-07-27T19:33:40.541Z,SOLUSDT,BUY,75.84,0,"[bullish-cross-9/21-5m] Memory blocked this entry (counterfactual): Ledger shows 53 real prior losses vs 11 wins on bullish-cross-9/21-5m (net -14.03%) and learnings.md warns about it — this signal repeats a known bad trade, so SKIP.",scan-filtered,win,0.0296
2026-07-27T19:38:45.920Z,BTCUSDT,BUY,65036.67,0,"[bullish-cross-9/21-5m] Memory blocked this entry (counterfactual): Ledger shows 62 real prior losses vs 13 wins on bullish-cross-9/21-5m (net -18.34%) and learnings.md warns about it — this signal repeats a known bad trade, so SKIP.",scan-filtered,loss,-0.3564
2026-07-27T20:39:18.025Z,ETHUSDT,SELL,1946.71,0,"[bearish-cross-9/21-5m] Memory blocked this entry (counterfactual): Ledger shows 59 real prior losses vs 14 wins on bearish-cross-9/21-5m (net -21.58%) and learnings.md warns about it — this signal repeats a known bad trade, so SKIP.",scan-filtered,loss,-0.1587
2026-07-27T20:54:26.859Z,BTCUSDT,SELL,64932.00,0,"[bearish-cross-9/21-5m] Memory blocked this entry (counterfactual): Ledger shows 66 real prior losses vs 12 wins on bearish-cross-9/21-5m (net -23.49%) and learnings.md warns about it — this signal repeats a known bad trade, so SKIP.",scan-filtered,loss,-0.1394
2026-07-27T21:24:40.343Z,SOLUSDT,SELL,75.82,0,"[bearish-cross-9/21-5m] Memory blocked this entry (counterfactual): Ledger shows 48 real prior losses vs 14 wins on bearish-cross-9/21-5m (net -13.07%) and learnings.md warns about it — this signal repeats a known bad trade, so SKIP.",scan-filtered,win,0.2671
2026-07-27T21:34:44.188Z,ETHUSDT,BUY,1944.46,0,"[bullish-cross-9/21-5m] Memory blocked this entry (counterfactual): Ledger shows 57 real prior losses vs 14 wins on bullish-cross-9/21-5m (net -17.72%) and learnings.md warns about it — this signal repeats a known bad trade, so SKIP.",scan-filtered,loss,-1.0658
2026-07-27T21:44:49.172Z,ETHUSDT,SELL,1942.08,0,"[bearish-cross-9/21-5m] Memory blocked this entry (counterfactual): Ledger shows 60 real prior losses vs 14 wins on bearish-cross-9/21-5m (net -21.74%) and learnings.md warns about it — this signal repeats a known bad trade, so SKIP.",scan-filtered,win,0.4868
2026-07-28T03:35:38.712Z,ETHUSDT,BUY,1878.65,0,"[bullish-cross-9/21-5m] Memory blocked this entry (counterfactual): Ledger shows 58 real prior losses vs 14 wins on bullish-cross-9/21-5m (net -18.79%) and learnings.md warns about it — this signal repeats a known bad trade, so SKIP.",scan-filtered,loss,-0.3495
2026-07-28T03:37:49.836Z,AVAXUSDT,SELL,6.42465,292.952785912,"[actual:tsmom28-1d-state-long] Exit: momentum flipped non-positive (-4.06%) — state exit; entry fill 6.794087506; ACTUAL round-trip P&L from real paper fills, gross of Alpaca fees (~50 bps RT taker at this tier).",alpaca-paper-exit,loss,-5.4376
2026-07-28T03:37:51.021Z,DOGEUSDT,SELL,0.0699500,27128.108310093,"[actual:tsmom28-1d-state-long] Exit: momentum flipped non-positive (-4.17%) — state exit; entry fill 0.073361; ACTUAL round-trip P&L from real paper fills, gross of Alpaca fees (~50 bps RT taker at this tier).",alpaca-paper-exit,loss,-4.6496
2026-07-28T03:37:52.028Z,DOTUSDT,SELL,0.754711,2412.573262718,"[actual:tsmom28-1d-state-long] Exit: momentum flipped non-positive (-8.11%) — state exit; entry fill 0.826630478; ACTUAL round-trip P&L from real paper fills, gross of Alpaca fees (~50 bps RT taker at this tier).",alpaca-paper-exit,loss,-8.7003
2026-07-28T03:37:52.590Z,FILUSDT,SELL,0.697412,2705.431040936,"[actual:tsmom28-1d-state-long] Exit: momentum flipped non-positive (-5.24%) — state exit; entry fill 0.735895; ACTUAL round-trip P&L from real paper fills, gross of Alpaca fees (~50 bps RT taker at this tier).",alpaca-paper-exit,loss,-5.2294
2026-07-28T03:37:54.441Z,SOLUSDT,SELL,73.15,25.25348422,"[actual:tsmom28-1d-state-long] Exit: momentum flipped non-positive (-1.28%) — state exit; entry fill 77.315299001; ACTUAL round-trip P&L from real paper fills, gross of Alpaca fees (~50 bps RT taker at this tier).",alpaca-paper-exit,loss,-5.3821
2026-07-28T03:37:55.791Z,XTZUSDT,SELL,0.205530,7978.347961365,"[actual:tsmom28-1d-state-long] Exit: momentum flipped non-positive (-1.38%) — state exit; entry fill 0.229286; ACTUAL round-trip P&L from real paper fills, gross of Alpaca fees (~50 bps RT taker at this tier).",alpaca-paper-exit,loss,-10.3610
2026-07-28T03:38:08.360Z,SOLUSDT,SELL,74.20,0.001,[tsmom28-1d-flip-short] Trailing 28-candle return flipped negative (7.54% -> -1.28%) — momentum turned down.,scan,loss,-33.6827
2026-07-28T03:45:42.910Z,SOLUSDT,SELL,73.38,0,"[bearish-cross-9/21-5m] Memory blocked this entry (counterfactual): Ledger shows 48 real prior losses vs 15 wins on bearish-cross-9/21-5m (net -12.80%) and learnings.md warns about it — this signal repeats a known bad trade, so SKIP.",scan-filtered,loss,-0.0002
2026-07-28T04:51:08.673Z,BTCUSDT,SELL,63286.10,0,"[bearish-cross-9/21-5m] Memory blocked this entry (counterfactual): Ledger shows 67 real prior losses vs 12 wins on bearish-cross-9/21-5m (net -23.63%) and learnings.md warns about it — this signal repeats a known bad trade, so SKIP.",scan-filtered,loss,-0.6696
2026-07-28T04:51:08.903Z,ETHUSDT,SELL,1879.62,0,"[bearish-cross-9/21-5m] Memory blocked this entry (counterfactual): Ledger shows 60 real prior losses vs 15 wins on bearish-cross-9/21-5m (net -21.25%) and learnings.md warns about it — this signal repeats a known bad trade, so SKIP.",scan-filtered,loss,-0.7176
2026-07-28T05:16:18.841Z,BTCUSDT,BUY,63450.64,0,"[bullish-cross-9/21-5m] Memory blocked this entry (counterfactual): Ledger shows 63 real prior losses vs 13 wins on bullish-cross-9/21-5m (net -18.69%) and learnings.md warns about it — this signal repeats a known bad trade, so SKIP.",scan-filtered,loss,-0.3416
2026-07-28T05:21:21.189Z,ETHUSDT,BUY,1888.37,0,"[bullish-cross-9/21-5m] Memory blocked this entry (counterfactual): Ledger shows 59 real prior losses vs 14 wins on bullish-cross-9/21-5m (net -19.14%) and learnings.md warns about it — this signal repeats a known bad trade, so SKIP.",scan-filtered,loss,-0.7570
2026-07-28T05:21:21.493Z,SOLUSDT,BUY,73.51,0,"[bullish-cross-9/21-5m] Memory blocked this entry (counterfactual): Ledger shows 53 real prior losses vs 12 wins on bullish-cross-9/21-5m (net -14.00%) and learnings.md warns about it — this signal repeats a known bad trade, so SKIP.",scan-filtered,loss,-0.6673
2026-07-28T06:27:21.747Z,ETHUSDT,SELL,1881.55,0,"[bearish-cross-9/21-5m] Memory blocked this entry (counterfactual): Ledger shows 61 real prior losses vs 15 wins on bearish-cross-9/21-5m (net -21.97%) and learnings.md warns about it — this signal repeats a known bad trade, so SKIP.",scan-filtered,loss,-0.5684
2026-07-28T06:37:26.057Z,BTCUSDT,SELL,63526.00,0,"[bearish-cross-9/21-5m] Memory blocked this entry (counterfactual): Ledger shows 68 real prior losses vs 12 wins on bearish-cross-9/21-5m (net -24.30%) and learnings.md warns about it — this signal repeats a known bad trade, so SKIP.",scan-filtered,loss,-0.3724
2026-07-28T06:52:33.503Z,BTCUSDT,BUY,63550.01,0,"[bullish-cross-9/21-5m] Memory blocked this entry (counterfactual): Ledger shows 64 real prior losses vs 13 wins on bullish-cross-9/21-5m (net -19.04%) and learnings.md warns about it — this signal repeats a known bad trade, so SKIP.",scan-filtered,loss,-0.4102
2026-07-28T06:57:35.932Z,SOLUSDT,BUY,73.47,0,"[bullish-cross-9/21-5m] Memory blocked this entry (counterfactual): Ledger shows 54 real prior losses vs 12 wins on bullish-cross-9/21-5m (net -14.67%) and learnings.md warns about it — this signal repeats a known bad trade, so SKIP.",scan-filtered,loss,-0.5858
2026-07-28T07:07:40.616Z,ETHUSDT,BUY,1887.54,0,"[bullish-cross-9/21-5m] Memory blocked this entry (counterfactual): Ledger shows 60 real prior losses vs 14 wins on bullish-cross-9/21-5m (net -19.90%) and learnings.md warns about it — this signal repeats a known bad trade, so SKIP.",scan-filtered,loss,-0.4902
2026-07-28T07:53:17.363Z,SOLUSDT,SELL,73.20,0,"[bearish-cross-9/21-5m] Memory blocked this entry (counterfactual): Ledger shows 49 real prior losses vs 15 wins on bearish-cross-9/21-5m (net -12.80%) and learnings.md warns about it — this signal repeats a known bad trade, so SKIP.",scan-filtered,loss,-0.5869
2026-07-28T07:58:19.315Z,BTCUSDT,SELL,63503.61,0,"[bearish-cross-9/21-5m] Memory blocked this entry (counterfactual): Ledger shows 69 real prior losses vs 12 wins on bearish-cross-9/21-5m (net -24.67%) and learnings.md warns about it — this signal repeats a known bad trade, so SKIP.",scan-filtered,loss,-0.1763
2026-07-28T08:03:22.687Z,ETHUSDT,SELL,1883.83,0,"[bearish-cross-9/21-5m] Memory blocked this entry (counterfactual): Ledger shows 62 real prior losses vs 15 wins on bearish-cross-9/21-5m (net -22.54%) and learnings.md warns about it — this signal repeats a known bad trade, so SKIP.",scan-filtered,loss,-0.3356
2026-07-28T09:04:00.853Z,SOLUSDT,BUY,73.37,0,"[bullish-cross-9/21-5m] Memory blocked this entry (counterfactual): Ledger shows 55 real prior losses vs 12 wins on bullish-cross-9/21-5m (net -15.25%) and learnings.md warns about it — this signal repeats a known bad trade, so SKIP.",scan-filtered,loss,-0.4499
2026-07-28T09:09:06.840Z,ETHUSDT,BUY,1883.29,0,"[bullish-cross-9/21-5m] Memory blocked this entry (counterfactual): Ledger shows 61 real prior losses vs 14 wins on bullish-cross-9/21-5m (net -20.39%) and learnings.md warns about it — this signal repeats a known bad trade, so SKIP.",scan-filtered,loss,-0.5984
2026-07-28T09:49:23.036Z,BTCUSDT,BUY,63518.91,0,"[bullish-cross-9/21-5m] Memory blocked this entry (counterfactual): Ledger shows 65 real prior losses vs 13 wins on bullish-cross-9/21-5m (net -19.45%) and learnings.md warns about it — this signal repeats a known bad trade, so SKIP.",scan-filtered,loss,-0.2888
2026-07-28T09:49:23.267Z,ETHUSDT,SELL,1882.56,0,"[bearish-cross-9/21-5m] Memory blocked this entry (counterfactual): Ledger shows 63 real prior losses vs 15 wins on bearish-cross-9/21-5m (net -22.87%) and learnings.md warns about it — this signal repeats a known bad trade, so SKIP.",scan-filtered,loss,-0.1624
2026-07-28T10:14:44.541Z,SOLUSDT,SELL,73.22,0,"[bearish-cross-9/21-5m] Memory blocked this entry (counterfactual): Ledger shows 50 real prior losses vs 15 wins on bearish-cross-9/21-5m (net -13.39%) and learnings.md warns about it — this signal repeats a known bad trade, so SKIP.",scan-filtered,loss,-0.0269
2026-07-28T10:19:46.004Z,BTCUSDT,SELL,63344.00,0,"[bearish-cross-9/21-5m] Memory blocked this entry (counterfactual): Ledger shows 70 real prior losses vs 12 wins on bearish-cross-9/21-5m (net -24.85%) and learnings.md warns about it — this signal repeats a known bad trade, so SKIP.",scan-filtered,loss,-0.3348
2026-07-28T11:00:25.990Z,BTCUSDT,BUY,63473.47,0,"[bullish-cross-9/21-5m] Memory blocked this entry (counterfactual): Ledger shows 66 real prior losses vs 13 wins on bullish-cross-9/21-5m (net -19.73%) and learnings.md warns about it — this signal repeats a known bad trade, so SKIP.",scan-filtered,loss,-0.3370
2026-07-28T12:11:12.224Z,SOLUSDT,BUY,73.22,0,"[bullish-cross-9/21-5m] Memory blocked this entry (counterfactual): Ledger shows 56 real prior losses vs 12 wins on bullish-cross-9/21-5m (net -15.70%) and learnings.md warns about it — this signal repeats a known bad trade, so SKIP.",scan-filtered,loss,-0.2181
2026-07-28T12:21:38.233Z,BTCUSDT,SELL,63434.99,0,"[bearish-cross-9/21-5m] Memory blocked this entry (counterfactual): Ledger shows 71 real prior losses vs 12 wins on bearish-cross-9/21-5m (net -25.18%) and learnings.md warns about it — this signal repeats a known bad trade, so SKIP.",scan-filtered,loss,-0.3678
2026-07-28T12:31:42.476Z,ETHUSDT,BUY,1878.97,0,"[bullish-cross-9/21-5m] Memory blocked this entry (counterfactual): Ledger shows 62 real prior losses vs 14 wins on bullish-cross-9/21-5m (net -20.98%) and learnings.md warns about it — this signal repeats a known bad trade, so SKIP.",scan-filtered,loss,-0.0366
2026-07-28T13:02:01.523Z,BTCUSDT,BUY,63546.65,0,"[bullish-cross-9/21-5m] Memory blocked this entry (counterfactual): Ledger shows 67 real prior losses vs 13 wins on bullish-cross-9/21-5m (net -20.07%) and learnings.md warns about it — this signal repeats a known bad trade, so SKIP.",scan-filtered,loss,-0.9966
2026-07-28T13:37:17.582Z,BTCUSDT,SELL,63251.00,0,"[bearish-cross-9/21-5m] Memory blocked this entry (counterfactual): Ledger shows 72 real prior losses vs 12 wins on bearish-cross-9/21-5m (net -25.55%) and learnings.md warns about it — this signal repeats a known bad trade, so SKIP.",scan-filtered,loss,-0.1584
2026-07-28T13:37:17.975Z,SOLUSDT,SELL,72.93,0,"[bearish-cross-9/21-5m] Memory blocked this entry (counterfactual): Ledger shows 51 real prior losses vs 15 wins on bearish-cross-9/21-5m (net -13.41%) and learnings.md warns about it — this signal repeats a known bad trade, so SKIP.",scan-filtered,loss,-0.1766
2026-07-28T13:42:23.549Z,AMD,SELL,455.42,3,"[actual:tsmom28-1d-state-long] Exit: momentum flipped non-positive (-9.56%) — state exit; entry fill 507.106667; ACTUAL round-trip P&L from real paper fills, gross of Alpaca fees (~50 bps RT taker at this tier).",alpaca-paper-exit,loss,-10.1918
2026-07-28T13:42:35.713Z,NVDA,SELL,194.36,9,"[actual:tsmom28-1d-state-long] Exit: momentum flipped non-positive (-7.49%) — state exit; entry fill 205.37; ACTUAL round-trip P&L from real paper fills, gross of Alpaca fees (~50 bps RT taker at this tier).",alpaca-paper-exit,loss,-5.3632
2026-07-28T13:52:30.581Z,ETHUSDT,SELL,1867.88,0,"[bearish-cross-9/21-5m] Memory blocked this entry (counterfactual): Ledger shows 64 real prior losses vs 15 wins on bearish-cross-9/21-5m (net -23.03%) and learnings.md warns about it — this signal repeats a known bad trade, so SKIP.",scan-filtered,loss,-1.5260
2026-07-28T14:58:07.236Z,BTCUSDT,BUY,63462.33,0,"[bullish-cross-9/21-5m] Memory blocked this entry (counterfactual): Ledger shows 68 real prior losses vs 13 wins on bullish-cross-9/21-5m (net -21.07%) and learnings.md warns about it — this signal repeats a known bad trade, so SKIP.",scan-filtered,win,0.3296
2026-07-28T14:58:07.467Z,ETHUSDT,BUY,1889.23,0,"[bullish-cross-9/21-5m] Memory blocked this entry (counterfactual): Ledger shows 63 real prior losses vs 14 wins on bullish-cross-9/21-5m (net -21.02%) and learnings.md warns about it — this signal repeats a known bad trade, so SKIP.",scan-filtered,win,1.0540
2026-07-28T14:58:07.756Z,SOLUSDT,BUY,73.40,0,"[bullish-cross-9/21-5m] Memory blocked this entry (counterfactual): Ledger shows 57 real prior losses vs 12 wins on bullish-cross-9/21-5m (net -15.92%) and learnings.md warns about it — this signal repeats a known bad trade, so SKIP.",scan-filtered,win,0.7627
2026-07-28T15:03:10.636Z,SPY,BUY,738.63,0,"[bullish-cross-9/21-5m] Memory blocked this entry (counterfactual): Ledger shows 4 real prior losses vs 1 wins on bullish-cross-9/21-5m (net -0.95%) and learnings.md warns about it — this signal repeats a known bad trade, so SKIP.",scan-filtered,win,0.1793
2026-07-28T15:13:16.059Z,QQQ,BUY,673.18,1,[bullish-cross-9/21-5m] Fast 9MA (672.09) crossed above slow 21MA (671.57) — momentum turning up.,scan,win,0.3692
2026-07-28T20:55:43.007Z,SOLUSDT,SELL,74.04,0,"[bearish-cross-9/21-5m] Memory blocked this entry (counterfactual): Ledger shows 52 real prior losses vs 15 wins on bearish-cross-9/21-5m (net -13.59%) and learnings.md warns about it — this signal repeats a known bad trade, so SKIP.",scan-filtered,loss,-0.5836
2026-07-28T21:05:46.973Z,ETHUSDT,SELL,1921.74,0,"[bearish-cross-9/21-5m] Memory blocked this entry (counterfactual): Ledger shows 65 real prior losses vs 15 wins on bearish-cross-9/21-5m (net -24.56%) and learnings.md warns about it — this signal repeats a known bad trade, so SKIP.",scan-filtered,loss,-0.5529
2026-07-28T21:25:57.611Z,ETHUSDT,BUY,1920.91,0,"[bullish-cross-9/21-5m] Memory blocked this entry (counterfactual): Ledger shows 63 real prior losses vs 15 wins on bullish-cross-9/21-5m (net -19.97%) and learnings.md warns about it — this signal repeats a known bad trade, so SKIP.",scan-filtered,loss,-0.3083
2026-07-28T21:46:11.692Z,SOLUSDT,BUY,74.32,0,"[bullish-cross-9/21-5m] Memory blocked this entry (counterfactual): Ledger shows 57 real prior losses vs 13 wins on bullish-cross-9/21-5m (net -15.16%) and learnings.md warns about it — this signal repeats a known bad trade, so SKIP.",scan-filtered,loss,-1.0400
2026-07-28T22:36:47.522Z,SOLUSDT,SELL,73.83,0,"[bearish-cross-9/21-5m] Memory blocked this entry (counterfactual): Ledger shows 53 real prior losses vs 15 wins on bearish-cross-9/21-5m (net -14.17%) and learnings.md warns about it — this signal repeats a known bad trade, so SKIP.",scan-filtered,win,0.1876
2026-07-28T22:41:53.675Z,BTCUSDT,SELL,63864.47,0,"[bearish-cross-9/21-5m] Memory blocked this entry (counterfactual): Ledger shows 73 real prior losses vs 12 wins on bearish-cross-9/21-5m (net -25.71%) and learnings.md warns about it — this signal repeats a known bad trade, so SKIP.",scan-filtered,loss,-0.2335
2026-07-28T22:41:53.904Z,ETHUSDT,SELL,1916.53,0,"[bearish-cross-9/21-5m] Memory blocked this entry (counterfactual): Ledger shows 66 real prior losses vs 15 wins on bearish-cross-9/21-5m (net -25.11%) and learnings.md warns about it — this signal repeats a known bad trade, so SKIP.",scan-filtered,loss,-0.3162
2026-07-29T00:03:14.305Z,ETHUSDT,BUY,1922.23,0,"[bullish-cross-9/21-5m] Memory blocked this entry (counterfactual): Ledger shows 64 real prior losses vs 15 wins on bullish-cross-9/21-5m (net -20.27%) and learnings.md warns about it — this signal repeats a known bad trade, so SKIP.",scan-filtered,loss,-0.5580
2026-07-29T00:08:17.365Z,BTCUSDT,BUY,64041.86,0,"[bullish-cross-9/21-5m] Memory blocked this entry (counterfactual): Ledger shows 68 real prior losses vs 14 wins on bullish-cross-9/21-5m (net -20.74%) and learnings.md warns about it — this signal repeats a known bad trade, so SKIP.",scan-filtered,loss,-0.3872
2026-07-29T00:08:17.820Z,SOLUSDT,BUY,74.05,0,"[bullish-cross-9/21-5m] Memory blocked this entry (counterfactual): Ledger shows 58 real prior losses vs 13 wins on bullish-cross-9/21-5m (net -16.20%) and learnings.md warns about it — this signal repeats a known bad trade, so SKIP.",scan-filtered,loss,-0.7051
2026-07-29T00:37:47.527Z,AVAXUSDT,BUY,6.57700,303.180469235,"[tsmom28-1d-state-long] Trailing 28-candle return is positive (0.60%) — state construction holds long while momentum is positive. || broker fill 6.581823038 qty 303.180469235, slippage +7.3 bps vs decision mark 6.57700, signal-drift +7.3 bps vs signal close, order bot-AVAXUSDT-1785283200000",alpaca-paper,win,11.1186
2026-07-29T00:38:56.563Z,SOLUSDT,BUY,73.83,26.975351003,"[tsmom28-1d-state-long] Trailing 28-candle return is positive (0.22%) — state construction holds long while momentum is positive. || broker fill 73.914391436 qty 26.975351003, slippage -0.8 bps vs decision mark 73.92, signal-drift +11.4 bps vs signal close, order bot-SOLUSDT-1785283200000",alpaca-paper,win,30.5411
2026-07-29T00:39:25.074Z,SOLUSDT,BUY,73.83,0.001,[tsmom28-1d-flip-long] Trailing 28-candle return flipped positive (-1.28% -> 0.22%) — momentum turned up.,scan,win,30.5411
2026-07-29T01:13:53.622Z,ETHUSDT,SELL,1914.70,0,"[bearish-cross-9/21-5m] Memory blocked this entry (counterfactual): Ledger shows 67 real prior losses vs 15 wins on bearish-cross-9/21-5m (net -25.43%) and learnings.md warns about it — this signal repeats a known bad trade, so SKIP.",scan-filtered,win,0.0551
2026-07-29T01:18:55.956Z,SOLUSDT,SELL,73.56,0,"[bearish-cross-9/21-5m] Memory blocked this entry (counterfactual): Ledger shows 53 real prior losses vs 16 wins on bearish-cross-9/21-5m (net -13.99%) and learnings.md warns about it — this signal repeats a known bad trade, so SKIP.",scan-filtered,loss,-0.0145
2026-07-29T01:29:01.448Z,BTCUSDT,SELL,63906.01,0,"[bearish-cross-9/21-5m] Memory blocked this entry (counterfactual): Ledger shows 74 real prior losses vs 12 wins on bearish-cross-9/21-5m (net -25.94%) and learnings.md warns about it — this signal repeats a known bad trade, so SKIP.",scan-filtered,loss,-0.2030
2026-07-29T02:49:37.898Z,BTCUSDT,BUY,64030.01,0,"[bullish-cross-9/21-5m] Memory blocked this entry (counterfactual): Ledger shows 69 real prior losses vs 14 wins on bullish-cross-9/21-5m (net -21.13%) and learnings.md warns about it — this signal repeats a known bad trade, so SKIP.",scan-filtered,loss,-0.6974
2026-07-29T02:54:40.513Z,ETHUSDT,BUY,1909.54,0,"[bullish-cross-9/21-5m] Memory blocked this entry (counterfactual): Ledger shows 65 real prior losses vs 15 wins on bullish-cross-9/21-5m (net -20.83%) and learnings.md warns about it — this signal repeats a known bad trade, so SKIP.",scan-filtered,loss,-1.1138
2026-07-29T02:54:40.743Z,SOLUSDT,BUY,73.63,0,"[bullish-cross-9/21-5m] Memory blocked this entry (counterfactual): Ledger shows 59 real prior losses vs 13 wins on bullish-cross-9/21-5m (net -16.90%) and learnings.md warns about it — this signal repeats a known bad trade, so SKIP.",scan-filtered,loss,-0.9383
2026-07-29T03:30:00.371Z,ETHUSDT,SELL,1901.92,0,"[bearish-cross-9/21-5m] Memory blocked this entry (counterfactual): Ledger shows 67 real prior losses vs 16 wins on bearish-cross-9/21-5m (net -25.37%) and learnings.md warns about it — this signal repeats a known bad trade, so SKIP.",scan-filtered,win,0.0423
2026-07-29T03:40:05.416Z,BTCUSDT,SELL,63802.91,0,"[bearish-cross-9/21-5m] Memory blocked this entry (counterfactual): Ledger shows 75 real prior losses vs 12 wins on bearish-cross-9/21-5m (net -26.15%) and learnings.md warns about it — this signal repeats a known bad trade, so SKIP.",scan-filtered,loss,-0.4772
2026-07-29T03:40:05.953Z,SOLUSDT,SELL,73.27,0,"[bearish-cross-9/21-5m] Memory blocked this entry (counterfactual): Ledger shows 54 real prior losses vs 16 wins on bearish-cross-9/21-5m (net -14.00%) and learnings.md warns about it — this signal repeats a known bad trade, so SKIP.",scan-filtered,loss,-0.4774
2026-07-29T04:55:58.846Z,BTCUSDT,BUY,63924.66,0,"[bullish-cross-9/21-5m] Memory blocked this entry (counterfactual): Ledger shows 70 real prior losses vs 14 wins on bullish-cross-9/21-5m (net -21.82%) and learnings.md warns about it — this signal repeats a known bad trade, so SKIP.",scan-filtered,loss,-0.0399
2026-07-29T05:01:04.532Z,ETHUSDT,BUY,1905.52,0,"[bullish-cross-9/21-5m] Memory blocked this entry (counterfactual): Ledger shows 66 real prior losses vs 15 wins on bullish-cross-9/21-5m (net -21.95%) and learnings.md warns about it — this signal repeats a known bad trade, so SKIP.",scan-filtered,win,0.0684
2026-07-29T05:01:04.762Z,SOLUSDT,BUY,73.45,0,"[bullish-cross-9/21-5m] Memory blocked this entry (counterfactual): Ledger shows 60 real prior losses vs 13 wins on bullish-cross-9/21-5m (net -17.84%) and learnings.md warns about it — this signal repeats a known bad trade, so SKIP.",scan-filtered,win,0.0131
2026-07-29T07:58:21.707Z,ETHUSDT,SELL,1914.10,0,"[bearish-cross-9/21-5m] Memory blocked this entry (counterfactual): Ledger shows 67 real prior losses vs 17 wins on bearish-cross-9/21-5m (net -25.33%) and learnings.md warns about it — this signal repeats a known bad trade, so SKIP.",scan-filtered,loss,-0.3434
2026-07-29T08:33:37.413Z,BTCUSDT,SELL,64301.99,0,"[bearish-cross-9/21-5m] Memory blocked this entry (counterfactual): Ledger shows 76 real prior losses vs 12 wins on bearish-cross-9/21-5m (net -26.62%) and learnings.md warns about it — this signal repeats a known bad trade, so SKIP.",scan-filtered,loss,-0.5486
2026-07-29T08:33:39.153Z,SOLUSDT,SELL,73.76,0,"[bearish-cross-9/21-5m] Memory blocked this entry (counterfactual): Ledger shows 55 real prior losses vs 16 wins on bearish-cross-9/21-5m (net -14.48%) and learnings.md warns about it — this signal repeats a known bad trade, so SKIP.",scan-filtered,loss,-0.7203
2026-07-29T09:23:49.824Z,ETHUSDT,BUY,1919.68,0,"[bullish-cross-9/21-5m] Memory blocked this entry (counterfactual): Ledger shows 66 real prior losses vs 16 wins on bullish-cross-9/21-5m (net -21.88%) and learnings.md warns about it — this signal repeats a known bad trade, so SKIP.",scan-filtered,loss,-0.2828
2026-07-29T09:28:51.656Z,BTCUSDT,BUY,64466.30,0,"[bullish-cross-9/21-5m] Memory blocked this entry (counterfactual): Ledger shows 71 real prior losses vs 14 wins on bullish-cross-9/21-5m (net -21.86%) and learnings.md warns about it — this signal repeats a known bad trade, so SKIP.",scan-filtered,loss,-0.0210
2026-07-29T09:28:52.114Z,SOLUSDT,BUY,74.08,0,"[bullish-cross-9/21-5m] Memory blocked this entry (counterfactual): Ledger shows 60 real prior losses vs 14 wins on bullish-cross-9/21-5m (net -17.83%) and learnings.md warns about it — this signal repeats a known bad trade, so SKIP.",scan-filtered,loss,-0.3135
2026-07-29T10:44:46.898Z,SOLUSDT,SELL,73.96,0,"[bearish-cross-9/21-5m] Memory blocked this entry (counterfactual): Ledger shows 56 real prior losses vs 16 wins on bearish-cross-9/21-5m (net -15.20%) and learnings.md warns about it — this signal repeats a known bad trade, so SKIP.",scan-filtered,loss,-0.2054
2026-07-29T10:49:48.720Z,ETHUSDT,SELL,1920.41,0,"[bearish-cross-9/21-5m] Memory blocked this entry (counterfactual): Ledger shows 68 real prior losses vs 17 wins on bearish-cross-9/21-5m (net -25.68%) and learnings.md warns about it — this signal repeats a known bad trade, so SKIP.",scan-filtered,win,0.1509
2026-07-29T11:09:58.079Z,BTCUSDT,SELL,64470.18,0,"[bearish-cross-9/21-5m] Memory blocked this entry (counterfactual): Ledger shows 77 real prior losses vs 12 wins on bearish-cross-9/21-5m (net -27.17%) and learnings.md warns about it — this signal repeats a known bad trade, so SKIP.",scan-filtered,loss,-0.2935
2026-07-29T13:50:15.388Z,SOLUSDT,BUY,73.72,0,"[bullish-cross-9/21-5m] Memory blocked this entry (counterfactual): Ledger shows 61 real prior losses vs 14 wins on bullish-cross-9/21-5m (net -18.14%) and learnings.md warns about it — this signal repeats a known bad trade, so SKIP.",scan-filtered,loss,-0.8697
2026-07-29T13:55:17.174Z,BTCUSDT,BUY,64479.51,0,"[bullish-cross-9/21-5m] Memory blocked this entry (counterfactual): Ledger shows 72 real prior losses vs 14 wins on bullish-cross-9/21-5m (net -21.88%) and learnings.md warns about it — this signal repeats a known bad trade, so SKIP.",scan-filtered,loss,-0.6564
2026-07-29T14:00:20.163Z,ETHUSDT,BUY,1909.24,0,"[bullish-cross-9/21-5m] Memory blocked this entry (counterfactual): Ledger shows 67 real prior losses vs 16 wins on bullish-cross-9/21-5m (net -22.16%) and learnings.md warns about it — this signal repeats a known bad trade, so SKIP.",scan-filtered,loss,-1.0338
2026-07-29T14:14:11.200Z,META,SELL,587.73,3,"[actual:tsmom28-1d-state-long] Exit: momentum flipped non-positive (-1.15%) — state exit; entry fill 632.81; ACTUAL round-trip P&L from real paper fills, gross of Alpaca fees (~50 bps RT taker at this tier).",alpaca-paper-exit,loss,-7.1238
2026-07-29T14:14:23.888Z,IWM,BUY,293.39,6,"[tsmom28-1d-state-long] Trailing 28-candle return is positive (0.42%) — state construction holds long while momentum is positive. || broker fill 290.453333 qty 6, slippage +1.8 bps vs decision mark 290.40, signal-drift -100.1 bps vs signal close, order bot-IWM-1785283200000",alpaca-paper,open,
2026-07-29T14:14:26.091Z,AVGO,BUY,380.46,5,"[tsmom28-1d-state-long] Trailing 28-candle return is positive (1.04%) — state construction holds long while momentum is positive. || broker fill 377.018 qty 5, slippage -1.6 bps vs decision mark 377.08, signal-drift -90.5 bps vs signal close, order bot-AVGO-1785283200000",alpaca-paper,open,
2026-07-29T14:20:30.274Z,ETHUSDT,SELL,1897.91,0,"[bearish-cross-9/21-5m] Memory blocked this entry (counterfactual): Ledger shows 68 real prior losses vs 18 wins on bearish-cross-9/21-5m (net -25.52%) and learnings.md warns about it — this signal repeats a known bad trade, so SKIP.",scan-filtered,win,0.1637
2026-07-29T14:30:35.412Z,SOLUSDT,SELL,73.32,0,"[bearish-cross-9/21-5m] Memory blocked this entry (counterfactual): Ledger shows 57 real prior losses vs 16 wins on bearish-cross-9/21-5m (net -15.40%) and learnings.md warns about it — this signal repeats a known bad trade, so SKIP.",scan-filtered,loss,-0.3136
2026-07-29T14:45:43.236Z,BTCUSDT,SELL,64099.99,0,"[bearish-cross-9/21-5m] Memory blocked this entry (counterfactual): Ledger shows 78 real prior losses vs 12 wins on bearish-cross-9/21-5m (net -27.47%) and learnings.md warns about it — this signal repeats a known bad trade, so SKIP.",scan-filtered,loss,-0.1222
2026-07-29T16:52:09.166Z,ETHUSDT,BUY,1892.37,0,"[bullish-cross-9/21-5m] Memory blocked this entry (counterfactual): Ledger shows 68 real prior losses vs 16 wins on bullish-cross-9/21-5m (net -23.19%) and learnings.md warns about it — this signal repeats a known bad trade, so SKIP.",scan-filtered,win,0.2385
2026-07-29T17:02:14.542Z,QQQ,SKIP,667.80,0,"[bullish-cross-9/21-5m] Buying 1 would push the paper position to 4.00000000, above max position 3 — SKIP.",scan,skipped,
2026-07-29T17:07:17.081Z,SOLUSDT,BUY,73.37,0,"[bullish-cross-9/21-5m] Memory blocked this entry (counterfactual): Ledger shows 62 real prior losses vs 14 wins on bullish-cross-9/21-5m (net -19.01%) and learnings.md warns about it — this signal repeats a known bad trade, so SKIP.",scan-filtered,win,0.5996
2026-07-29T17:07:17.467Z,SPY,BUY,735.85,0,"[bullish-cross-9/21-5m] Memory blocked this entry (counterfactual): Ledger shows 4 real prior losses vs 2 wins on bullish-cross-9/21-5m (net -0.77%) and learnings.md warns about it — this signal repeats a known bad trade, so SKIP.",scan-filtered,win,0.0262
2026-07-29T19:38:07.579Z,ETHUSDT,SELL,1901.33,0,"[bearish-cross-9/21-5m] Memory blocked this entry (counterfactual): Ledger shows 68 real prior losses vs 19 wins on bearish-cross-9/21-5m (net -25.36%) and learnings.md warns about it — this signal repeats a known bad trade, so SKIP.",scan-filtered,win,0.5215
2026-07-29T19:38:07.869Z,SOLUSDT,SELL,73.42,0,"[bearish-cross-9/21-5m] Memory blocked this entry (counterfactual): Ledger shows 58 real prior losses vs 16 wins on bearish-cross-9/21-5m (net -15.72%) and learnings.md warns about it — this signal repeats a known bad trade, so SKIP.",scan-filtered,win,0.3810
2026-07-30T00:48:58.254Z,ETHUSDT,SELL,1896.86,0,"[bearish-cross-9/21-5m] Memory blocked this entry (counterfactual): Ledger shows 68 real prior losses vs 20 wins on bearish-cross-9/21-5m (net -24.84%) and learnings.md warns about it — this signal repeats a known bad trade, so SKIP.",scan-filtered,loss,-1.2695
2026-07-30T18:33:33.534Z,BTCUSDT,SELL,64799.03,0,"[bearish-cross-9/21-5m] Memory blocked this entry (counterfactual): Ledger shows 79 real prior losses vs 12 wins on bearish-cross-9/21-5m (net -27.59%) and learnings.md warns about it — this signal repeats a known bad trade, so SKIP.",scan-filtered,loss,-0.4381
2026-07-30T19:50:27.923Z,SOLUSDT,SELL,73.68,0.001,[tsmom28-1d-flip-short] Trailing 28-candle return flipped negative (0.22% -> -4.88%) — momentum turned down.,scan,loss,-38.8315
2026-07-30T23:46:58.086Z,SOLUSDT,SELL,74.71,0,"[bearish-cross-9/21-5m] Memory blocked this entry (counterfactual): Ledger shows 58 real prior losses vs 17 wins on bearish-cross-9/21-5m (net -15.34%) and learnings.md warns about it — this signal repeats a known bad trade, so SKIP.",scan-filtered,loss,-0.0858
2026-07-30T23:57:02.486Z,ETHUSDT,SELL,1920.54,0,"[bearish-cross-9/21-5m] Memory blocked this entry (counterfactual): Ledger shows 69 real prior losses vs 20 wins on bearish-cross-9/21-5m (net -26.11%) and learnings.md warns about it — this signal repeats a known bad trade, so SKIP.",scan-filtered,loss,-0.0433
2026-07-31T00:07:06.663Z,BTCUSDT,SELL,64873.99,0,"[bearish-cross-9/21-5m] Memory blocked this entry (counterfactual): Ledger shows 80 real prior losses vs 12 wins on bearish-cross-9/21-5m (net -28.03%) and learnings.md warns about it — this signal repeats a known bad trade, so SKIP.",scan-filtered,loss,-0.4260
2026-07-31T00:13:49.946Z,AVAXUSDT,SELL,6.42242,302.450153531,"[actual:tsmom28-1d-state-long] Exit: momentum flipped non-positive (-5.38%) — state exit; entry fill 6.581823038; ACTUAL round-trip P&L from real paper fills, gross of Alpaca fees (~50 bps RT taker at this tier).",alpaca-paper-exit,loss,-2.4218
2026-07-31T00:13:50.576Z,BCHUSDT,SELL,217.30,8.735517431,"[actual:tsmom28-1d-state-long] Exit: momentum flipped non-positive (-1.54%) — state exit; entry fill 223.61; ACTUAL round-trip P&L from real paper fills, gross of Alpaca fees (~50 bps RT taker at this tier).",alpaca-paper-exit,loss,-2.8237
2026-07-31T00:13:54.271Z,SKYUSDT,SELL,0.0573700,31091.154589895,"[actual:tsmom28-1d-state-long] Exit: momentum flipped non-positive (-3.00%) — state exit; entry fill 0.0629048; ACTUAL round-trip P&L from real paper fills, gross of Alpaca fees (~50 bps RT taker at this tier).",alpaca-paper-exit,loss,-8.7987
2026-07-31T00:13:54.633Z,SOLUSDT,SELL,74.46,26.907912625,"[actual:tsmom28-1d-state-long] Exit: momentum flipped non-positive (-7.70%) — state exit; entry fill 73.914391436; ACTUAL round-trip P&L from real paper fills, gross of Alpaca fees (~50 bps RT taker at this tier).",alpaca-paper-exit,win,0.7320
2026-07-31T00:13:55.017Z,SUSHIUSDT,SELL,0.152297,11729.257651469,"[actual:tsmom28-1d-state-long] Exit: momentum flipped non-positive (-4.06%) — state exit; entry fill 0.17016064; ACTUAL round-trip P&L from real paper fills, gross of Alpaca fees (~50 bps RT taker at this tier).",alpaca-paper-exit,loss,-10.4980
2026-07-31T00:13:56.011Z,XRPUSDT,SELL,1.08178,1736.085276508,"[actual:tsmom28-1d-state-long] Exit: momentum flipped non-positive (-0.48%) — state exit; entry fill 1.146604442; ACTUAL round-trip P&L from real paper fills, gross of Alpaca fees (~50 bps RT taker at this tier).",alpaca-paper-exit,loss,-5.6537
2026-07-31T00:13:56.530Z,XTZUSDT,SELL,0.204466,9646.448252142,"[actual:tsmom28-1d-state-long] Exit: momentum flipped non-positive (-4.15%) — state exit; entry fill 0.229286; ACTUAL round-trip P&L from real paper fills, gross of Alpaca fees (~50 bps RT taker at this tier).",alpaca-paper-exit,loss,-10.8251
2026-07-31T01:17:41.072Z,BTCUSDT,BUY,65189.32,0,"[bullish-cross-9/21-5m] Memory blocked this entry (counterfactual): Ledger shows 73 real prior losses vs 14 wins on bullish-cross-9/21-5m (net -22.54%) and learnings.md warns about it — this signal repeats a known bad trade, so SKIP.",scan-filtered,loss,-1.3805
2026-07-31T01:17:41.577Z,SOLUSDT,BUY,75.22,0,"[bullish-cross-9/21-5m] Memory blocked this entry (counterfactual): Ledger shows 62 real prior losses vs 15 wins on bullish-cross-9/21-5m (net -18.41%) and learnings.md warns about it — this signal repeats a known bad trade, so SKIP.",scan-filtered,loss,-1.4566
2026-07-31T01:22:43.664Z,ETHUSDT,BUY,1927.61,0,"[bullish-cross-9/21-5m] Memory blocked this entry (counterfactual): Ledger shows 68 real prior losses vs 17 wins on bullish-cross-9/21-5m (net -22.96%) and learnings.md warns about it — this signal repeats a known bad trade, so SKIP.",scan-filtered,loss,-1.4486
2026-07-31T02:03:03.828Z,ETHUSDT,SELL,1910.36,0,"[bearish-cross-9/21-5m] Memory blocked this entry (counterfactual): Ledger shows 70 real prior losses vs 20 wins on bearish-cross-9/21-5m (net -26.15%) and learnings.md warns about it — this signal repeats a known bad trade, so SKIP.",scan-filtered,win,0.0251
2026-07-31T02:08:09.722Z,BTCUSDT,SELL,64522.98,0,"[bearish-cross-9/21-5m] Memory blocked this entry (counterfactual): Ledger shows 81 real prior losses vs 12 wins on bearish-cross-9/21-5m (net -28.45%) and learnings.md warns about it — this signal repeats a known bad trade, so SKIP.",scan-filtered,win,0.1107
2026-07-31T02:13:12.375Z,SOLUSDT,SELL,74.53,0,"[bearish-cross-9/21-5m] Memory blocked this entry (counterfactual): Ledger shows 59 real prior losses vs 17 wins on bearish-cross-9/21-5m (net -15.42%) and learnings.md warns about it — this signal repeats a known bad trade, so SKIP.",scan-filtered,win,0.3843
2026-07-31T03:49:13.723Z,ETHUSDT,BUY,1908.05,0,"[bullish-cross-9/21-5m] Memory blocked this entry (counterfactual): Ledger shows 69 real prior losses vs 17 wins on bullish-cross-9/21-5m (net -24.41%) and learnings.md warns about it — this signal repeats a known bad trade, so SKIP.",scan-filtered,loss,-0.4242
2026-07-31T03:59:17.925Z,BTCUSDT,BUY,64437.37,0,"[bullish-cross-9/21-5m] Memory blocked this entry (counterfactual): Ledger shows 74 real prior losses vs 14 wins on bullish-cross-9/21-5m (net -23.92%) and learnings.md warns about it — this signal repeats a known bad trade, so SKIP.",scan-filtered,loss,-0.4821
2026-07-31T04:04:20.448Z,SOLUSDT,BUY,74.14,0,"[bullish-cross-9/21-5m] Memory blocked this entry (counterfactual): Ledger shows 63 real prior losses vs 15 wins on bullish-cross-9/21-5m (net -19.87%) and learnings.md warns about it — this signal repeats a known bad trade, so SKIP.",scan-filtered,loss,-0.7181
2026-07-31T04:24:40.531Z,SOLUSDT,SELL,73.93,0,"[bearish-cross-9/21-5m] Memory blocked this entry (counterfactual): Ledger shows 59 real prior losses vs 18 wins on bearish-cross-9/21-5m (net -15.04%) and learnings.md warns about it — this signal repeats a known bad trade, so SKIP.",scan-filtered,loss,-0.5435
2026-07-31T04:49:56.859Z,BTCUSDT,SELL,64307.99,0,"[bearish-cross-9/21-5m] Memory blocked this entry (counterfactual): Ledger shows 81 real prior losses vs 13 wins on bearish-cross-9/21-5m (net -28.34%) and learnings.md warns about it — this signal repeats a known bad trade, so SKIP.",scan-filtered,loss,-0.2780
2026-07-31T04:49:57.107Z,ETHUSDT,SELL,1905.68,0,"[bearish-cross-9/21-5m] Memory blocked this entry (counterfactual): Ledger shows 70 real prior losses vs 21 wins on bearish-cross-9/21-5m (net -26.13%) and learnings.md warns about it — this signal repeats a known bad trade, so SKIP.",scan-filtered,loss,-0.0885
2026-07-31T05:25:24.824Z,BTCUSDT,BUY,64391.95,0,"[bullish-cross-9/21-5m] Memory blocked this entry (counterfactual): Ledger shows 75 real prior losses vs 14 wins on bullish-cross-9/21-5m (net -24.40%) and learnings.md warns about it — this signal repeats a known bad trade, so SKIP.",scan-filtered,loss,-0.3304
2026-07-31T05:30:40.347Z,ETHUSDT,BUY,1904.82,0,"[bullish-cross-9/21-5m] Memory blocked this entry (counterfactual): Ledger shows 70 real prior losses vs 17 wins on bullish-cross-9/21-5m (net -24.83%) and learnings.md warns about it — this signal repeats a known bad trade, so SKIP.",scan-filtered,win,0.0171
2026-07-31T05:30:40.887Z,SOLUSDT,BUY,74.18,0,"[bullish-cross-9/21-5m] Memory blocked this entry (counterfactual): Ledger shows 64 real prior losses vs 15 wins on bullish-cross-9/21-5m (net -20.59%) and learnings.md warns about it — this signal repeats a known bad trade, so SKIP.",scan-filtered,win,0.0640
2026-07-31T05:45:48.222Z,ETHUSDT,SELL,1901.65,0,"[bearish-cross-9/21-5m] Memory blocked this entry (counterfactual): Ledger shows 71 real prior losses vs 21 wins on bearish-cross-9/21-5m (net -26.22%) and learnings.md warns about it — this signal repeats a known bad trade, so SKIP.",scan-filtered,loss,-0.3279
2026-07-31T06:05:57.004Z,BTCUSDT,SELL,64344.00,0,"[bearish-cross-9/21-5m] Memory blocked this entry (counterfactual): Ledger shows 82 real prior losses vs 13 wins on bearish-cross-9/21-5m (net -28.62%) and learnings.md warns about it — this signal repeats a known bad trade, so SKIP.",scan-filtered,win,0.0453
2026-07-31T06:29:36.195Z,BTCUSDT,BUY,64372.39,0,"[bullish-cross-9/21-5m] Memory blocked this entry (counterfactual): Ledger shows 76 real prior losses vs 14 wins on bullish-cross-9/21-5m (net -24.73%) and learnings.md warns about it — this signal repeats a known bad trade, so SKIP.",scan-filtered,loss,-0.8785
2026-07-31T06:34:39.030Z,ETHUSDT,BUY,1910.86,0,"[bullish-cross-9/21-5m] Memory blocked this entry (counterfactual): Ledger shows 70 real prior losses vs 18 wins on bullish-cross-9/21-5m (net -24.81%) and learnings.md warns about it — this signal repeats a known bad trade, so SKIP.",scan-filtered,loss,-1.6486
2026-07-31T07:05:03.071Z,ETHUSDT,SELL,1896.69,0,"[bearish-cross-9/21-5m] Memory blocked this entry (counterfactual): Ledger shows 72 real prior losses vs 21 wins on bearish-cross-9/21-5m (net -26.54%) and learnings.md warns about it — this signal repeats a known bad trade, so SKIP.",scan-filtered,loss,-0.0596
2026-07-31T07:05:04.406Z,SOLUSDT,SELL,73.89,0,"[bearish-cross-9/21-5m] Memory blocked this entry (counterfactual): Ledger shows 60 real prior losses vs 18 wins on bearish-cross-9/21-5m (net -15.58%) and learnings.md warns about it — this signal repeats a known bad trade, so SKIP.",scan-filtered,loss,-0.0429
2026-07-31T08:45:52.115Z,ETHUSDT,BUY,1889.72,0,"[bullish-cross-9/21-5m] Memory blocked this entry (counterfactual): Ledger shows 71 real prior losses vs 18 wins on bullish-cross-9/21-5m (net -26.46%) and learnings.md warns about it — this signal repeats a known bad trade, so SKIP.",scan-filtered,loss,-0.6355
2026-07-31T09:06:01.012Z,SOLUSDT,BUY,73.67,0,"[bullish-cross-9/21-5m] Memory blocked this entry (counterfactual): Ledger shows 64 real prior losses vs 16 wins on bullish-cross-9/21-5m (net -20.52%) and learnings.md warns about it — this signal repeats a known bad trade, so SKIP.",scan-filtered,loss,-0.5986
2026-07-31T09:16:05.318Z,SOLUSDT,SELL,73.65,0,"[bearish-cross-9/21-5m] Memory blocked this entry (counterfactual): Ledger shows 61 real prior losses vs 18 wins on bearish-cross-9/21-5m (net -15.62%) and learnings.md warns about it — this signal repeats a known bad trade, so SKIP.",scan-filtered,loss,-0.1642
2026-07-31T09:21:07.457Z,ETHUSDT,SELL,1885.92,0,"[bearish-cross-9/21-5m] Memory blocked this entry (counterfactual): Ledger shows 73 real prior losses vs 21 wins on bearish-cross-9/21-5m (net -26.60%) and learnings.md warns about it — this signal repeats a known bad trade, so SKIP.",scan-filtered,loss,-0.2157
2026-07-31T10:41:44.245Z,BTCUSDT,BUY,63855.76,0,"[bullish-cross-9/21-5m] Memory blocked this entry (counterfactual): Ledger shows 77 real prior losses vs 14 wins on bullish-cross-9/21-5m (net -25.61%) and learnings.md warns about it — this signal repeats a known bad trade, so SKIP.",scan-filtered,loss,-0.3012
2026-07-31T10:46:46.884Z,SOLUSDT,BUY,73.57,0,"[bullish-cross-9/21-5m] Memory blocked this entry (counterfactual): Ledger shows 65 real prior losses vs 16 wins on bullish-cross-9/21-5m (net -21.12%) and learnings.md warns about it — this signal repeats a known bad trade, so SKIP.",scan-filtered,loss,-0.4087
2026-07-31T10:51:48.821Z,ETHUSDT,BUY,1886.45,0,"[bullish-cross-9/21-5m] Memory blocked this entry (counterfactual): Ledger shows 72 real prior losses vs 18 wins on bullish-cross-9/21-5m (net -27.10%) and learnings.md warns about it — this signal repeats a known bad trade, so SKIP.",scan-filtered,loss,-0.4723
2026-07-31T11:47:12.931Z,ETHUSDT,SELL,1883.61,0,"[bearish-cross-9/21-5m] Memory blocked this entry (counterfactual): Ledger shows 74 real prior losses vs 21 wins on bearish-cross-9/21-5m (net -26.82%) and learnings.md warns about it — this signal repeats a known bad trade, so SKIP.",scan-filtered,win,0.0164
2026-07-31T11:52:15.625Z,SOLUSDT,SELL,73.48,0,"[bearish-cross-9/21-5m] Memory blocked this entry (counterfactual): Ledger shows 62 real prior losses vs 18 wins on bearish-cross-9/21-5m (net -15.79%) and learnings.md warns about it — this signal repeats a known bad trade, so SKIP.",scan-filtered,loss,-0.3272
2026-07-31T12:00:38.159Z,BTCUSDT,SELL,63805.51,0,"[bearish-cross-9/21-5m] Memory blocked this entry (counterfactual): Ledger shows 82 real prior losses vs 14 wins on bearish-cross-9/21-5m (net -28.57%) and learnings.md warns about it — this signal repeats a known bad trade, so SKIP.",scan-filtered,loss,-0.2193
2026-07-31T20:52:40.145Z,SOLUSDT,SELL,72.97,0,"[bearish-cross-9/21-5m] Memory blocked this entry (counterfactual): Ledger shows 63 real prior losses vs 18 wins on bearish-cross-9/21-5m (net -16.12%) and learnings.md warns about it — this signal repeats a known bad trade, so SKIP.",scan-filtered,loss,-0.4370
2026-07-31T21:43:01.028Z,BTCUSDT,BUY,63028.45,0,"[bullish-cross-9/21-5m] Memory blocked this entry (counterfactual): Ledger shows 78 real prior losses vs 14 wins on bullish-cross-9/21-5m (net -25.91%) and learnings.md warns about it — this signal repeats a known bad trade, so SKIP.",scan-filtered,loss,-0.4289
2026-07-31T21:53:10.217Z,SOLUSDT,BUY,73.07,0,"[bullish-cross-9/21-5m] Memory blocked this entry (counterfactual): Ledger shows 66 real prior losses vs 16 wins on bullish-cross-9/21-5m (net -21.53%) and learnings.md warns about it — this signal repeats a known bad trade, so SKIP.",scan-filtered,loss,-0.5327
2026-07-31T22:03:14.664Z,SOLUSDT,SELL,72.73,0,"[bearish-cross-9/21-5m] Memory blocked this entry (counterfactual): Ledger shows 64 real prior losses vs 18 wins on bearish-cross-9/21-5m (net -16.55%) and learnings.md warns about it — this signal repeats a known bad trade, so SKIP.",scan-filtered,loss,-0.4650
2026-07-31T22:38:30.671Z,BTCUSDT,SELL,62980.01,0,"[bearish-cross-9/21-5m] Memory blocked this entry (counterfactual): Ledger shows 83 real prior losses vs 14 wins on bearish-cross-9/21-5m (net -28.79%) and learnings.md warns about it — this signal repeats a known bad trade, so SKIP.",scan-filtered,loss,-0.3123
2026-07-31T22:43:52.817Z,ETHUSDT,BUY,1864.01,0,"[bullish-cross-9/21-5m] Memory blocked this entry (counterfactual): Ledger shows 73 real prior losses vs 18 wins on bullish-cross-9/21-5m (net -27.57%) and learnings.md warns about it — this signal repeats a known bad trade, so SKIP.",scan-filtered,loss,-0.3048
2026-07-31T23:24:14.010Z,ETHUSDT,SELL,1863.69,0,"[bearish-cross-9/21-5m] Memory blocked this entry (counterfactual): Ledger shows 74 real prior losses vs 22 wins on bearish-cross-9/21-5m (net -26.80%) and learnings.md warns about it — this signal repeats a known bad trade, so SKIP.",scan-filtered,loss,-0.4138
2026-07-31T23:24:14.211Z,SOLUSDT,BUY,72.95,0,"[bullish-cross-9/21-5m] Memory blocked this entry (counterfactual): Ledger shows 67 real prior losses vs 16 wins on bullish-cross-9/21-5m (net -22.06%) and learnings.md warns about it — this signal repeats a known bad trade, so SKIP.",scan-filtered,loss,-0.2452
2026-07-31T23:39:21.660Z,BTCUSDT,BUY,62987.73,0,"[bullish-cross-9/21-5m] Memory blocked this entry (counterfactual): Ledger shows 79 real prior losses vs 14 wins on bullish-cross-9/21-5m (net -26.34%) and learnings.md warns about it — this signal repeats a known bad trade, so SKIP.",scan-filtered,loss,-0.3034
2026-07-31T23:44:24.030Z,ETHUSDT,BUY,1863.92,0,"[bullish-cross-9/21-5m] Memory blocked this entry (counterfactual): Ledger shows 74 real prior losses vs 18 wins on bullish-cross-9/21-5m (net -27.87%) and learnings.md warns about it — this signal repeats a known bad trade, so SKIP.",scan-filtered,loss,-0.1578
2026-07-31T23:54:32.663Z,BTCUSDT,SELL,62894.01,0,"[bearish-cross-9/21-5m] Memory blocked this entry (counterfactual): Ledger shows 84 real prior losses vs 14 wins on bearish-cross-9/21-5m (net -29.11%) and learnings.md warns about it — this signal repeats a known bad trade, so SKIP.",scan-filtered,loss,-0.4728
2026-07-31T23:59:42.020Z,SOLUSDT,SELL,72.85,0,"[bearish-cross-9/21-5m] Memory blocked this entry (counterfactual): Ledger shows 65 real prior losses vs 18 wins on bearish-cross-9/21-5m (net -17.02%) and learnings.md warns about it — this signal repeats a known bad trade, so SKIP.",scan-filtered,loss,-0.5608
2026-08-01T00:13:07.143Z,ADAUSDT,SELL,0.168200,11110.118447054,"[actual:tsmom28-1d-state-long] Exit: momentum flipped non-positive (-6.45%) — state exit; entry fill 0.16707; ACTUAL round-trip P&L from real paper fills, gross of Alpaca fees (~50 bps RT taker at this tier).",alpaca-paper-exit,win,0.6764
2026-08-01T00:13:07.502Z,ARBUSDT,SELL,0.0780076,22122.863397139,"[actual:tsmom28-1d-state-long] Exit: momentum flipped non-positive (-3.33%) — state exit; entry fill 0.088397; ACTUAL round-trip P&L from real paper fills, gross of Alpaca fees (~50 bps RT taker at this tier).",alpaca-paper-exit,loss,-11.7531
2026-08-01T00:13:08.353Z,CRVUSDT,SELL,0.207529,9382.784727813,"[actual:tsmom28-1d-state-long] Exit: momentum flipped non-positive (-0.43%) — state exit; entry fill 0.217250121; ACTUAL round-trip P&L from real paper fills, gross of Alpaca fees (~50 bps RT taker at this tier).",alpaca-paper-exit,loss,-4.4747
2026-08-01T00:13:09.802Z,LTCUSDT,SELL,44.15,43.377297691,"[actual:tsmom28-1d-state-long] Exit: momentum flipped non-positive (-1.14%) — state exit; entry fill 45.02; ACTUAL round-trip P&L from real paper fills, gross of Alpaca fees (~50 bps RT taker at this tier).",alpaca-paper-exit,loss,-1.9325
2026-08-01T00:13:10.149Z,PEPEUSDT,SELL,0.00000274400,695466049.404234838,"[actual:tsmom28-1d-state-long] Exit: momentum flipped non-positive (-1.08%) — state exit; entry fill 0.000002901; ACTUAL round-trip P&L from real paper fills, gross of Alpaca fees (~50 bps RT taker at this tier).",alpaca-paper-exit,loss,-5.4119
2026-08-01T00:24:52.570Z,SOLUSDT,BUY,72.99,0,"[bullish-cross-9/21-5m] Memory blocked this entry (counterfactual): Ledger shows 68 real prior losses vs 16 wins on bullish-cross-9/21-5m (net -22.31%) and learnings.md warns about it — this signal repeats a known bad trade, so SKIP.",scan-filtered,loss,-0.1904
2026-08-01T00:45:01.328Z,BTCUSDT,BUY,62995.99,0,"[bullish-cross-9/21-5m] Memory blocked this entry (counterfactual): Ledger shows 80 real prior losses vs 14 wins on bullish-cross-9/21-5m (net -26.65%) and learnings.md warns about it — this signal repeats a known bad trade, so SKIP.",scan-filtered,loss,-0.3325
2026-08-01T01:35:23.718Z,BTCUSDT,SELL,62930.01,0,"[bearish-cross-9/21-5m] Memory blocked this entry (counterfactual): Ledger shows 85 real prior losses vs 14 wins on bearish-cross-9/21-5m (net -29.58%) and learnings.md warns about it — this signal repeats a known bad trade, so SKIP.",scan-filtered,loss,-0.5385
2026-08-01T02:15:40.150Z,BTCUSDT,BUY,63018.00,0,"[bullish-cross-9/21-5m] Memory blocked this entry (counterfactual): Ledger shows 81 real prior losses vs 14 wins on bullish-cross-9/21-5m (net -26.98%) and learnings.md warns about it — this signal repeats a known bad trade, so SKIP.",scan-filtered,loss,-0.3486
2026-08-01T02:15:40.790Z,SOLUSDT,SELL,73.04,0,"[bearish-cross-9/21-5m] Memory blocked this entry (counterfactual): Ledger shows 66 real prior losses vs 18 wins on bearish-cross-9/21-5m (net -17.58%) and learnings.md warns about it — this signal repeats a known bad trade, so SKIP.",scan-filtered,loss,-0.2042
2026-08-01T02:35:49.482Z,SOLUSDT,BUY,73.14,0,"[bullish-cross-9/21-5m] Memory blocked this entry (counterfactual): Ledger shows 69 real prior losses vs 16 wins on bullish-cross-9/21-5m (net -22.50%) and learnings.md warns about it — this signal repeats a known bad trade, so SKIP.",scan-filtered,loss,-0.6555
2026-08-01T03:16:06.103Z,SOLUSDT,SELL,72.97,0,"[bearish-cross-9/21-5m] Memory blocked this entry (counterfactual): Ledger shows 67 real prior losses vs 18 wins on bearish-cross-9/21-5m (net -17.78%) and learnings.md warns about it — this signal repeats a known bad trade, so SKIP.",scan-filtered,loss,-0.4645
2026-08-01T03:36:14.596Z,BTCUSDT,SELL,62991.69,0,"[bearish-cross-9/21-5m] Memory blocked this entry (counterfactual): Ledger shows 86 real prior losses vs 14 wins on bearish-cross-9/21-5m (net -30.12%) and learnings.md warns about it — this signal repeats a known bad trade, so SKIP.",scan-filtered,loss,-0.3862
2026-08-01T03:36:14.827Z,ETHUSDT,SELL,1867.43,0,"[bearish-cross-9/21-5m] Memory blocked this entry (counterfactual): Ledger shows 75 real prior losses vs 22 wins on bearish-cross-9/21-5m (net -27.22%) and learnings.md warns about it — this signal repeats a known bad trade, so SKIP.",scan-filtered,loss,-0.4146
2026-08-01T04:01:25.712Z,ETHUSDT,BUY,1869.88,0,"[bullish-cross-9/21-5m] Memory blocked this entry (counterfactual): Ledger shows 75 real prior losses vs 18 wins on bullish-cross-9/21-5m (net -28.03%) and learnings.md warns about it — this signal repeats a known bad trade, so SKIP.",scan-filtered,loss,-0.3064
2026-08-01T04:21:35.132Z,SOLUSDT,BUY,73.12,0,"[bullish-cross-9/21-5m] Memory blocked this entry (counterfactual): Ledger shows 70 real prior losses vs 16 wins on bullish-cross-9/21-5m (net -23.15%) and learnings.md warns about it — this signal repeats a known bad trade, so SKIP.",scan-filtered,loss,-0.3137
2026-08-01T04:41:44.785Z,BTCUSDT,BUY,63052.11,0,"[bullish-cross-9/21-5m] Memory blocked this entry (counterfactual): Ledger shows 82 real prior losses vs 14 wins on bullish-cross-9/21-5m (net -27.33%) and learnings.md warns about it — this signal repeats a known bad trade, so SKIP.",scan-filtered,loss,-0.3417
2026-08-01T05:42:12.610Z,ETHUSDT,SELL,1866.46,0,"[bearish-cross-9/21-5m] Memory blocked this entry (counterfactual): Ledger shows 76 real prior losses vs 22 wins on bearish-cross-9/21-5m (net -27.63%) and learnings.md warns about it — this signal repeats a known bad trade, so SKIP.",scan-filtered,loss,-0.4843
2026-08-01T05:47:15.171Z,SOLUSDT,SELL,72.94,0,"[bearish-cross-9/21-5m] Memory blocked this entry (counterfactual): Ledger shows 68 real prior losses vs 18 wins on bearish-cross-9/21-5m (net -18.25%) and learnings.md warns about it — this signal repeats a known bad trade, so SKIP.",scan-filtered,loss,-0.3548
2026-08-01T05:57:19.654Z,BTCUSDT,SELL,63029.54,0,"[bearish-cross-9/21-5m] Memory blocked this entry (counterfactual): Ledger shows 87 real prior losses vs 14 wins on bearish-cross-9/21-5m (net -30.50%) and learnings.md warns about it — this signal repeats a known bad trade, so SKIP.",scan-filtered,loss,-0.3832
2026-08-01T06:47:43.074Z,ETHUSDT,BUY,1870.13,0,"[bullish-cross-9/21-5m] Memory blocked this entry (counterfactual): Ledger shows 76 real prior losses vs 18 wins on bullish-cross-9/21-5m (net -28.34%) and learnings.md warns about it — this signal repeats a known bad trade, so SKIP.",scan-filtered,loss,-0.3091
2026-08-01T06:57:46.882Z,BTCUSDT,BUY,63082.00,0,"[bullish-cross-9/21-5m] Memory blocked this entry (counterfactual): Ledger shows 83 real prior losses vs 14 wins on bullish-cross-9/21-5m (net -27.67%) and learnings.md warns about it — this signal repeats a known bad trade, so SKIP.",scan-filtered,loss,-0.3446
2026-08-01T07:02:49.524Z,SOLUSDT,BUY,73.00,0,"[bullish-cross-9/21-5m] Memory blocked this entry (counterfactual): Ledger shows 71 real prior losses vs 16 wins on bullish-cross-9/21-5m (net -23.47%) and learnings.md warns about it — this signal repeats a known bad trade, so SKIP.",scan-filtered,loss,-0.3274
2026-08-01T07:58:12.493Z,BTCUSDT,SELL,63053.87,0,"[bearish-cross-9/21-5m] Memory blocked this entry (counterfactual): Ledger shows 88 real prior losses vs 14 wins on bearish-cross-9/21-5m (net -30.89%) and learnings.md warns about it — this signal repeats a known bad trade, so SKIP.",scan-filtered,loss,-0.4303
2026-08-01T08:03:15.146Z,ETHUSDT,SELL,1869.80,0,"[bearish-cross-9/21-5m] Memory blocked this entry (counterfactual): Ledger shows 77 real prior losses vs 22 wins on bearish-cross-9/21-5m (net -28.12%) and learnings.md warns about it — this signal repeats a known bad trade, so SKIP.",scan-filtered,loss,-0.2834
2026-08-01T08:03:15.367Z,SOLUSDT,SELL,72.98,0,"[bearish-cross-9/21-5m] Memory blocked this entry (counterfactual): Ledger shows 69 real prior losses vs 18 wins on bearish-cross-9/21-5m (net -18.60%) and learnings.md warns about it — this signal repeats a known bad trade, so SKIP.",scan-filtered,loss,-0.3822
2026-08-01T08:28:25.360Z,BTCUSDT,BUY,63102.50,0,"[bullish-cross-9/21-5m] Memory blocked this entry (counterfactual): Ledger shows 84 real prior losses vs 14 wins on bullish-cross-9/21-5m (net -28.01%) and learnings.md warns about it — this signal repeats a known bad trade, so SKIP.",scan-filtered,loss,-0.2913
2026-08-01T08:48:34.933Z,SOLUSDT,BUY,72.99,0,"[bullish-cross-9/21-5m] Memory blocked this entry (counterfactual): Ledger shows 72 real prior losses vs 16 wins on bullish-cross-9/21-5m (net -23.79%) and learnings.md warns about it — this signal repeats a known bad trade, so SKIP.",scan-filtered,loss,-0.3137
2026-08-01T23:31:08.545Z,ETHUSDT,SELL,1843.68,0,"[bearish-cross-9/21-5m] Memory blocked this entry (counterfactual): Ledger shows 78 real prior losses vs 22 wins on bearish-cross-9/21-5m (net -28.40%) and learnings.md warns about it — this signal repeats a known bad trade, so SKIP.",scan-filtered,loss,-0.3906
2026-08-02T02:10:03.080Z,BTCUSDT,SELL,63282.50,0.03031868,"[actual:tsmom28-1d-state-long] Exit: momentum flipped non-positive (-0.51%) — state exit; entry fill 64514.809; ACTUAL round-trip P&L from real paper fills, gross of Alpaca fees (~50 bps RT taker at this tier).",alpaca-paper-exit,loss,-1.9101
2026-08-02T08:30:05.812Z,BTCUSDT,SELL,63390.95,0,"[bearish-cross-9/21-5m] Memory blocked this entry (counterfactual): Ledger shows 89 real prior losses vs 14 wins on bearish-cross-9/21-5m (net -31.32%) and learnings.md warns about it — this signal repeats a known bad trade, so SKIP.",scan-filtered,loss,-0.0556
2026-08-02T09:50:39.918Z,SOLUSDT,BUY,73.36,0,"[bullish-cross-9/21-5m] Memory blocked this entry (counterfactual): Ledger shows 73 real prior losses vs 16 wins on bullish-cross-9/21-5m (net -24.11%) and learnings.md warns about it — this signal repeats a known bad trade, so SKIP.",scan-filtered,loss,-0.3954
2026-08-02T09:55:41.582Z,ETHUSDT,BUY,1871.50,0,"[bullish-cross-9/21-5m] Memory blocked this entry (counterfactual): Ledger shows 77 real prior losses vs 18 wins on bullish-cross-9/21-5m (net -28.65%) and learnings.md warns about it — this signal repeats a known bad trade, so SKIP.",scan-filtered,loss,-0.4272
2026-08-02T10:05:49.263Z,BTCUSDT,BUY,63240.86,0,"[bullish-cross-9/21-5m] Memory blocked this entry (counterfactual): Ledger shows 85 real prior losses vs 14 wins on bullish-cross-9/21-5m (net -28.30%) and learnings.md warns about it — this signal repeats a known bad trade, so SKIP.",scan-filtered,loss,-0.4098
2026-08-02T10:30:59.080Z,BTCUSDT,SELL,63140.00,0,"[bearish-cross-9/21-5m] Memory blocked this entry (counterfactual): Ledger shows 90 real prior losses vs 14 wins on bearish-cross-9/21-5m (net -31.37%) and learnings.md warns about it — this signal repeats a known bad trade, so SKIP.",scan-filtered,loss,-0.3317
2026-08-02T10:36:01.154Z,ETHUSDT,SELL,1868.31,0,"[bearish-cross-9/21-5m] Memory blocked this entry (counterfactual): Ledger shows 79 real prior losses vs 22 wins on bearish-cross-9/21-5m (net -28.79%) and learnings.md warns about it — this signal repeats a known bad trade, so SKIP.",scan-filtered,loss,-0.1036
2026-08-02T10:41:03.713Z,SOLUSDT,SELL,73.27,0,"[bearish-cross-9/21-5m] Memory blocked this entry (counterfactual): Ledger shows 70 real prior losses vs 18 wins on bearish-cross-9/21-5m (net -18.98%) and learnings.md warns about it — this signal repeats a known bad trade, so SKIP.",scan-filtered,loss,-0.2181
2026-08-02T12:41:56.525Z,BTCUSDT,BUY,63138.32,0,"[bullish-cross-9/21-5m] Memory blocked this entry (counterfactual): Ledger shows 86 real prior losses vs 14 wins on bullish-cross-9/21-5m (net -28.71%) and learnings.md warns about it — this signal repeats a known bad trade, so SKIP.",scan-filtered,loss,-0.4938
2026-08-02T20:40:42.600Z,SOLUSDT,SELL,73.60,0,"[bearish-cross-9/21-5m] Memory blocked this entry (counterfactual): Ledger shows 71 real prior losses vs 18 wins on bearish-cross-9/21-5m (net -19.20%) and learnings.md warns about it — this signal repeats a known bad trade, so SKIP.",scan-filtered,loss,-0.5446
2026-08-02T21:10:56.541Z,SOLUSDT,BUY,73.73,0,"[bullish-cross-9/21-5m] Memory blocked this entry (counterfactual): Ledger shows 74 real prior losses vs 16 wins on bullish-cross-9/21-5m (net -24.50%) and learnings.md warns about it — this signal repeats a known bad trade, so SKIP.",scan-filtered,win,0.2154
2026-08-02T22:51:40.868Z,BTCUSDT,SELL,63450.65,0,"[bearish-cross-9/21-5m] Memory blocked this entry (counterfactual): Ledger shows 91 real prior losses vs 14 wins on bearish-cross-9/21-5m (net -31.70%) and learnings.md warns about it — this signal repeats a known bad trade, so SKIP.",scan-filtered,loss,-0.4009
2026-08-02T22:56:43.129Z,ETHUSDT,SELL,1881.76,0,"[bearish-cross-9/21-5m] Memory blocked this entry (counterfactual): Ledger shows 80 real prior losses vs 22 wins on bearish-cross-9/21-5m (net -28.89%) and learnings.md warns about it — this signal repeats a known bad trade, so SKIP.",scan-filtered,loss,-0.4137
2026-08-02T22:56:43.469Z,SOLUSDT,SELL,73.68,0,"[bearish-cross-9/21-5m] Memory blocked this entry (counterfactual): Ledger shows 72 real prior losses vs 18 wins on bearish-cross-9/21-5m (net -19.75%) and learnings.md warns about it — this signal repeats a known bad trade, so SKIP.",scan-filtered,loss,-0.0150
2026-08-03T00:02:12.520Z,BTCUSDT,BUY,63570.00,0,"[bullish-cross-9/21-5m] Memory blocked this entry (counterfactual): Ledger shows 87 real prior losses vs 14 wins on bullish-cross-9/21-5m (net -29.21%) and learnings.md warns about it — this signal repeats a known bad trade, so SKIP.",scan-filtered,loss,-0.6970
2026-08-03T00:12:17.403Z,ETHUSDT,BUY,1879.98,0,"[bullish-cross-9/21-5m] Memory blocked this entry (counterfactual): Ledger shows 78 real prior losses vs 18 wins on bullish-cross-9/21-5m (net -29.07%) and learnings.md warns about it — this signal repeats a known bad trade, so SKIP.",scan-filtered,loss,-0.6527
2026-08-03T00:22:22.085Z,ETHUSDT,SELL,1878.22,0,"[bearish-cross-9/21-5m] Memory blocked this entry (counterfactual): Ledger shows 81 real prior losses vs 22 wins on bearish-cross-9/21-5m (net -29.31%) and learnings.md warns about it — this signal repeats a known bad trade, so SKIP.",scan-filtered,win,0.0812
2026-08-03T00:33:20.091Z,BTCUSDT,SELL,63262.84,0,"[bearish-cross-9/21-5m] Memory blocked this entry (counterfactual): Ledger shows 92 real prior losses vs 14 wins on bearish-cross-9/21-5m (net -32.11%) and learnings.md warns about it — this signal repeats a known bad trade, so SKIP.",scan-filtered,loss,-0.1627
2026-08-03T00:55:04.120Z,ARBUSDT,BUY,0.0816000,24556.871258147,"[tsmom28-1d-state-long] Trailing 28-candle return is positive (1.37%) — state construction holds long while momentum is positive. || broker fill 0.0812879 qty 24556.871258147, slippage +10.8 bps vs decision mark 0.0812000, signal-drift -38.2 bps vs signal close, order bot-ARBUSDT-1785715200000",alpaca-paper,open,
2026-08-03T00:55:58.683Z,PEPEUSDT,BUY,0.00000291000,689971607.668344617,"[tsmom28-1d-state-long] Trailing 28-candle return is positive (5.82%) — state construction holds long while momentum is positive. || broker fill 0.000002922 qty 689971607.668344617, slippage +110.7 bps vs decision mark 0.00000289000, signal-drift +41.2 bps vs signal close, order bot-PEPEUSDT-1785715200000",alpaca-paper,open,
2026-08-03T02:51:01.189Z,SOLUSDT,BUY,73.10,0,"[bullish-cross-9/21-5m] Memory blocked this entry (counterfactual): Ledger shows 74 real prior losses vs 17 wins on bullish-cross-9/21-5m (net -24.29%) and learnings.md warns about it — this signal repeats a known bad trade, so SKIP.",scan-filtered,loss,-0.5736
2026-08-03T03:36:45.863Z,SOLUSDT,SELL,73.00,0,"[bearish-cross-9/21-5m] Memory blocked this entry (counterfactual): Ledger shows 73 real prior losses vs 18 wins on bearish-cross-9/21-5m (net -19.76%) and learnings.md warns about it — this signal repeats a known bad trade, so SKIP.",scan-filtered,loss,-0.3411
2026-08-03T04:52:18.675Z,SOLUSDT,BUY,72.99,0,"[bullish-cross-9/21-5m] Memory blocked this entry (counterfactual): Ledger shows 75 real prior losses vs 17 wins on bullish-cross-9/21-5m (net -24.86%) and learnings.md warns about it — this signal repeats a known bad trade, so SKIP.",scan-filtered,loss,-0.4233
2026-08-03T18:06:47.266Z,AVGO,SELL,392.26,5,"[actual:tsmom28-1d-state-long] Exit: momentum flipped non-positive (-0.76%) — state exit; entry fill 377.018; ACTUAL round-trip P&L from real paper fills, gross of Alpaca fees (~50 bps RT taker at this tier).",alpaca-paper-exit,win,4.0428
2026-08-03T18:06:49.701Z,IWM,SELL,296.12,6,"[actual:tsmom28-1d-state-long] Exit: momentum flipped non-positive (-2.34%) — state exit; entry fill 290.453333; ACTUAL round-trip P&L from real paper fills, gross of Alpaca fees (~50 bps RT taker at this tier).",alpaca-paper-exit,win,1.9510
2026-08-03T18:07:03.286Z,SPY,BUY,746.79,2,"[tsmom28-1d-state-long] Trailing 28-candle return is positive (0.34%) — state construction holds long while momentum is positive. || broker fill 758.28 qty 2, slippage +0.5 bps vs decision mark 758.24, signal-drift +153.9 bps vs signal close, order bot-SPY-1785542400000",alpaca-paper,open,
2026-08-03T18:07:04.786Z,MSFT,BUY,464.70,4,"[tsmom28-1d-state-long] Trailing 28-candle return is positive (26.55%) — state construction holds long while momentum is positive. || broker fill 489.35 qty 4, slippage +1.0 bps vs decision mark 489.30, signal-drift +530.4 bps vs signal close, order bot-MSFT-1785542400000",alpaca-paper,open,
2026-08-03T18:07:07.022Z,AMZN,BUY,271.46,7,"[tsmom28-1d-state-long] Trailing 28-candle return is positive (16.51%) — state construction holds long while momentum is positive. || broker fill 283.84 qty 7, slippage -0.7 bps vs decision mark 283.86, signal-drift +455.9 bps vs signal close, order bot-AMZN-1785542400000",alpaca-paper,open,
2026-08-03T18:07:07.983Z,GOOGL,BUY,356.06,5,"[tsmom28-1d-state-long] Trailing 28-candle return is positive (1.88%) — state construction holds long while momentum is positive. || broker fill 374.18 qty 5, slippage -4.4 bps vs decision mark 374.35, signal-drift +508.9 bps vs signal close, order bot-GOOGL-1785542400000",alpaca-paper,open,
2026-08-03T18:07:12.079Z,COST,BUY,951.61,2,"[tsmom28-1d-state-long] Trailing 28-candle return is positive (0.04%) — state construction holds long while momentum is positive. || broker fill 949.46 qty 2, slippage -0.1 bps vs decision mark 949.47, signal-drift -22.6 bps vs signal close, order bot-COST-1785542400000",alpaca-paper,open,
2026-08-03T18:55:35.372Z,BTCUSDT,SELL,63912.00,0,"[bearish-cross-9/21-5m] Memory blocked this entry (counterfactual): Ledger shows 93 real prior losses vs 14 wins on bearish-cross-9/21-5m (net -32.27%) and learnings.md warns about it — this signal repeats a known bad trade, so SKIP.",scan-filtered,loss,-0.3475
2026-08-03T19:00:38.088Z,ETHUSDT,SELL,1868.96,0,"[bearish-cross-9/21-5m] Memory blocked this entry (counterfactual): Ledger shows 81 real prior losses vs 23 wins on bearish-cross-9/21-5m (net -29.23%) and learnings.md warns about it — this signal repeats a known bad trade, so SKIP.",scan-filtered,loss,-0.3663
2026-08-03T19:10:43.868Z,QQQ,SELL,700.28,1,[bearish-cross-9/21-5m] Fast 9MA (700.25) crossed below slow 21MA (700.28) — momentum turning down.,scan,loss,-0.3757
2026-08-03T19:20:49.141Z,QQQ,BUY,700.59,1,[bullish-cross-9/21-5m] Fast 9MA (700.35) crossed above slow 21MA (700.34) — momentum turning up.,scan,loss,-0.3157
2026-08-03T19:25:51.221Z,ETHUSDT,BUY,1871.78,0,"[bullish-cross-9/21-5m] Memory blocked this entry (counterfactual): Ledger shows 79 real prior losses vs 18 wins on bullish-cross-9/21-5m (net -29.73%) and learnings.md warns about it — this signal repeats a known bad trade, so SKIP.",scan-filtered,loss,-0.2359
2026-08-03T19:30:53.702Z,BTCUSDT,BUY,63967.99,0,"[bullish-cross-9/21-5m] Memory blocked this entry (counterfactual): Ledger shows 88 real prior losses vs 14 wins on bullish-cross-9/21-5m (net -29.90%) and learnings.md warns about it — this signal repeats a known bad trade, so SKIP.",scan-filtered,loss,-0.3141
2026-08-03T19:35:57.379Z,QQQ,SELL,700.35,1,[bearish-cross-9/21-5m] Fast 9MA (700.41) crossed below slow 21MA (700.44) — momentum turning down.,scan,loss,-1.3680
2026-08-03T20:21:19.083Z,BTCUSDT,SELL,63972.01,0,"[bearish-cross-9/21-5m] Memory blocked this entry (counterfactual): Ledger shows 94 real prior losses vs 14 wins on bearish-cross-9/21-5m (net -32.62%) and learnings.md warns about it — this signal repeats a known bad trade, so SKIP.",scan-filtered,win,0.0846
2026-08-03T20:21:19.606Z,SOLUSDT,SELL,74.11,0,"[bearish-cross-9/21-5m] Memory blocked this entry (counterfactual): Ledger shows 74 real prior losses vs 18 wins on bearish-cross-9/21-5m (net -20.10%) and learnings.md warns about it — this signal repeats a known bad trade, so SKIP.",scan-filtered,win,0.1588
2026-08-03T20:26:21.993Z,BTCUSDT,BUY,63945.00,0,"[bullish-cross-9/21-5m] Memory blocked this entry (counterfactual): Ledger shows 88 real prior losses vs 14 wins on bullish-cross-9/21-5m (net -29.90%) and learnings.md warns about it — this signal repeats a known bad trade, so SKIP.",scan-filtered,loss,-0.6583
2026-08-03T20:31:24.915Z,BTCUSDT,SELL,63958.99,0,"[bearish-cross-9/21-5m] Memory blocked this entry (counterfactual): Ledger shows 94 real prior losses vs 14 wins on bearish-cross-9/21-5m (net -32.62%) and learnings.md warns about it — this signal repeats a known bad trade, so SKIP.",scan-filtered,win,0.0580
2026-08-03T20:56:37.726Z,ETHUSDT,SELL,1867.86,0,"[bearish-cross-9/21-5m] Memory blocked this entry (counterfactual): Ledger shows 82 real prior losses vs 23 wins on bearish-cross-9/21-5m (net -29.59%) and learnings.md warns about it — this signal repeats a known bad trade, so SKIP.",scan-filtered,loss,-0.1303
2026-08-04T02:58:46.211Z,AAVEUSDT,SELL,92.34,19.621514267,"[actual:tsmom28-1d-state-long] Exit: momentum flipped non-positive (-1.95%) — state exit; entry fill 101.6; ACTUAL round-trip P&L from real paper fills, gross of Alpaca fees (~50 bps RT taker at this tier).",alpaca-paper-exit,loss,-9.1158
2026-08-04T02:58:48.937Z,YFIUSDT,SELL,2104.17,0.928458955,"[actual:tsmom28-1d-state-long] Exit: momentum flipped non-positive (-21.16%) — state exit; entry fill 2121.607311299; ACTUAL round-trip P&L from real paper fills, gross of Alpaca fees (~50 bps RT taker at this tier).",alpaca-paper-exit,loss,-0.8218
2026-08-04T02:58:59.355Z,BNBUSDT,BUY,589.35,0.001,[tsmom28-1d-flip-long] Trailing 28-candle return flipped positive (-0.24% -> 0.57%) — momentum turned up.,scan,open,
2026-08-04T02:58:59.580Z,ADAUSDT,BUY,0.19,0.001,[tsmom28-1d-flip-long] Trailing 28-candle return flipped positive (0.00% -> 5.16%) — momentum turned up.,scan,open,
2026-08-04T03:22:40.963Z,ETHUSDT,SELL,1859.41,0,"[bearish-cross-9/21-5m] Memory blocked this entry (counterfactual): Ledger shows 83 real prior losses vs 23 wins on bearish-cross-9/21-5m (net -29.72%) and learnings.md warns about it — this signal repeats a known bad trade, so SKIP.",scan-filtered,loss,-0.6861
2026-08-04T03:27:42.883Z,BTCUSDT,SELL,63676.01,0,"[bearish-cross-9/21-5m] Memory blocked this entry (counterfactual): Ledger shows 94 real prior losses vs 16 wins on bearish-cross-9/21-5m (net -32.47%) and learnings.md warns about it — this signal repeats a known bad trade, so SKIP.",scan-filtered,loss,-0.5773
2026-08-04T03:27:43.332Z,SOLUSDT,SELL,73.49,0,"[bearish-cross-9/21-5m] Memory blocked this entry (counterfactual): Ledger shows 74 real prior losses vs 19 wins on bearish-cross-9/21-5m (net -19.94%) and learnings.md warns about it — this signal repeats a known bad trade, so SKIP.",scan-filtered,loss,-0.6266
2026-08-04T04:08:00.223Z,BTCUSDT,BUY,63790.00,0,"[bullish-cross-9/21-5m] Memory blocked this entry (counterfactual): Ledger shows 90 real prior losses vs 14 wins on bullish-cross-9/21-5m (net -30.88%) and learnings.md warns about it — this signal repeats a known bad trade, so SKIP.",scan-filtered,win,0.0155
2026-08-04T04:23:07.187Z,ETHUSDT,BUY,1866.59,0,"[bullish-cross-9/21-5m] Memory blocked this entry (counterfactual): Ledger shows 80 real prior losses vs 18 wins on bullish-cross-9/21-5m (net -29.96%) and learnings.md warns about it — this signal repeats a known bad trade, so SKIP.",scan-filtered,loss,-0.3579
2026-08-04T04:38:14.646Z,SOLUSDT,BUY,73.77,0,"[bullish-cross-9/21-5m] Memory blocked this entry (counterfactual): Ledger shows 76 real prior losses vs 17 wins on bullish-cross-9/21-5m (net -25.28%) and learnings.md warns about it — this signal repeats a known bad trade, so SKIP.",scan-filtered,loss,-0.3000
2026-08-04T05:38:41.385Z,ETHUSDT,SELL,1865.14,0,"[bearish-cross-9/21-5m] Memory blocked this entry (counterfactual): Ledger shows 84 real prior losses vs 23 wins on bearish-cross-9/21-5m (net -30.41%) and learnings.md warns about it — this signal repeats a known bad trade, so SKIP.",scan-filtered,loss,-0.2089
2026-08-04T05:43:43.440Z,BTCUSDT,SELL,63827.92,0,"[bearish-cross-9/21-5m] Memory blocked this entry (counterfactual): Ledger shows 95 real prior losses vs 16 wins on bearish-cross-9/21-5m (net -33.05%) and learnings.md warns about it — this signal repeats a known bad trade, so SKIP.",scan-filtered,loss,-0.0898
2026-08-04T05:43:43.885Z,SOLUSDT,SELL,73.77,0,"[bearish-cross-9/21-5m] Memory blocked this entry (counterfactual): Ledger shows 75 real prior losses vs 19 wins on bearish-cross-9/21-5m (net -20.57%) and learnings.md warns about it — this signal repeats a known bad trade, so SKIP.",scan-filtered,win,0.0389
2026-08-04T08:04:48.564Z,ETHUSDT,BUY,1863.87,0,"[bullish-cross-9/21-5m] Memory blocked this entry (counterfactual): Ledger shows 81 real prior losses vs 18 wins on bullish-cross-9/21-5m (net -30.32%) and learnings.md warns about it — this signal repeats a known bad trade, so SKIP.",scan-filtered,loss,-0.6208
2026-08-04T08:09:51.507Z,SOLUSDT,BUY,73.65,0,"[bullish-cross-9/21-5m] Memory blocked this entry (counterfactual): Ledger shows 77 real prior losses vs 17 wins on bullish-cross-9/21-5m (net -25.58%) and learnings.md warns about it — this signal repeats a known bad trade, so SKIP.",scan-filtered,loss,-0.7752
2026-08-04T08:14:53.275Z,BTCUSDT,BUY,63668.01,0,"[bullish-cross-9/21-5m] Memory blocked this entry (counterfactual): Ledger shows 90 real prior losses vs 15 wins on bullish-cross-9/21-5m (net -30.86%) and learnings.md warns about it — this signal repeats a known bad trade, so SKIP.",scan-filtered,loss,-0.4696
2026-08-04T08:35:02.834Z,BTCUSDT,SELL,63567.14,0,"[bearish-cross-9/21-5m] Memory blocked this entry (counterfactual): Ledger shows 96 real prior losses vs 16 wins on bearish-cross-9/21-5m (net -33.14%) and learnings.md warns about it — this signal repeats a known bad trade, so SKIP.",scan-filtered,loss,-0.2919
2026-08-04T08:45:07.945Z,SOLUSDT,SELL,73.44,0,"[bearish-cross-9/21-5m] Memory blocked this entry (counterfactual): Ledger shows 75 real prior losses vs 20 wins on bearish-cross-9/21-5m (net -20.53%) and learnings.md warns about it — this signal repeats a known bad trade, so SKIP.",scan-filtered,loss,-0.0413
2026-08-04T08:55:12.057Z,ETHUSDT,SELL,1858.31,0,"[bearish-cross-9/21-5m] Memory blocked this entry (counterfactual): Ledger shows 85 real prior losses vs 23 wins on bearish-cross-9/21-5m (net -30.62%) and learnings.md warns about it — this signal repeats a known bad trade, so SKIP.",scan-filtered,loss,-0.2844
2026-08-04T10:30:02.876Z,ETHUSDT,BUY,1855.93,0,"[bullish-cross-9/21-5m] Memory blocked this entry (counterfactual): Ledger shows 82 real prior losses vs 18 wins on bullish-cross-9/21-5m (net -30.94%) and learnings.md warns about it — this signal repeats a known bad trade, so SKIP.",scan-filtered,win,0.4032
2026-08-04T10:55:14.831Z,BTCUSDT,BUY,63735.51,0,"[bullish-cross-9/21-5m] Memory blocked this entry (counterfactual): Ledger shows 91 real prior losses vs 15 wins on bullish-cross-9/21-5m (net -31.33%) and learnings.md warns about it — this signal repeats a known bad trade, so SKIP.",scan-filtered,win,0.0240
2026-08-04T10:55:15.255Z,SOLUSDT,BUY,73.57,0,"[bullish-cross-9/21-5m] Memory blocked this entry (counterfactual): Ledger shows 78 real prior losses vs 17 wins on bullish-cross-9/21-5m (net -26.36%) and learnings.md warns about it — this signal repeats a known bad trade, so SKIP.",scan-filtered,win,0.2165
2026-08-04T18:16:27.113Z,COST,SELL,946.51,2,"[actual:tsmom28-1d-state-long] Exit: momentum flipped non-positive (-0.33%) — state exit; entry fill 949.46; ACTUAL round-trip P&L from real paper fills, gross of Alpaca fees (~50 bps RT taker at this tier).",alpaca-paper-exit,loss,-0.3107
2026-08-04T18:16:40.047Z,IWM,BUY,296.15,6,"[tsmom28-1d-state-long] Trailing 28-candle return is positive (0.30%) — state construction holds long while momentum is positive. || broker fill 301.87 qty 6, slippage -0.7 bps vs decision mark 301.89, signal-drift +193.1 bps vs signal close, order bot-IWM-1785801600000",alpaca-paper,open,
2026-08-04T18:16:42.792Z,NVDA,BUY,206.72,9,"[tsmom28-1d-state-long] Trailing 28-candle return is positive (3.32%) — state construction holds long while momentum is positive. || broker fill 211.82 qty 9, slippage +3.3 bps vs decision mark 211.75, signal-drift +246.7 bps vs signal close, order bot-NVDA-1785801600000",alpaca-paper,open,
2026-08-04T18:16:44.471Z,META,BUY,590.15,3,"[tsmom28-1d-state-long] Trailing 28-candle return is positive (4.93%) — state construction holds long while momentum is positive. || broker fill 589.1 qty 3, slippage +1.7 bps vs decision mark 589.00, signal-drift -17.8 bps vs signal close, order bot-META-1785801600000",alpaca-paper,open,
2026-08-04T18:16:46.512Z,AVGO,BUY,392.32,4,"[tsmom28-1d-state-long] Trailing 28-candle return is positive (3.21%) — state construction holds long while momentum is positive. || broker fill 421.34 qty 4, slippage -0.9 bps vs decision mark 421.38, signal-drift +739.7 bps vs signal close, order bot-AVGO-1785801600000",alpaca-paper,open,
2026-08-04T18:16:48.237Z,NFLX,BUY,73.31,27,"[tsmom28-1d-state-long] Trailing 28-candle return is positive (0.75%) — state construction holds long while momentum is positive. || broker fill 73.06 qty 27, slippage +5.5 bps vs decision mark 73.02, signal-drift -34.1 bps vs signal close, order bot-NFLX-1785801600000",alpaca-paper,open,
2026-08-04T20:07:43.988Z,ETHUSDT,SELL,1872.66,0,"[bearish-cross-9/21-5m] Memory blocked this entry (counterfactual): Ledger shows 86 real prior losses vs 23 wins on bearish-cross-9/21-5m (net -30.90%) and learnings.md warns about it — this signal repeats a known bad trade, so SKIP.",scan-filtered,loss,-0.4335
2026-08-04T20:12:48.149Z,ETHUSDT,BUY,1874.03,0,"[bullish-cross-9/21-5m] Memory blocked this entry (counterfactual): Ledger shows 82 real prior losses vs 19 wins on bullish-cross-9/21-5m (net -30.54%) and learnings.md warns about it — this signal repeats a known bad trade, so SKIP.",scan-filtered,loss,-0.2509
2026-08-04T20:17:50.433Z,SOLUSDT,BUY,74.23,0,"[bullish-cross-9/21-5m] Memory blocked this entry (counterfactual): Ledger shows 78 real prior losses vs 18 wins on bullish-cross-9/21-5m (net -26.14%) and learnings.md warns about it — this signal repeats a known bad trade, so SKIP.",scan-filtered,loss,-0.5425
2026-08-04T20:22:52.113Z,ETHUSDT,SELL,1867.61,0,"[bearish-cross-9/21-5m] Memory blocked this entry (counterfactual): Ledger shows 86 real prior losses vs 23 wins on bearish-cross-9/21-5m (net -30.90%) and learnings.md warns about it — this signal repeats a known bad trade, so SKIP.",scan-filtered,loss,-0.5575
2026-08-04T20:22:52.351Z,SOLUSDT,SELL,73.92,0,"[bearish-cross-9/21-5m] Memory blocked this entry (counterfactual): Ledger shows 76 real prior losses vs 20 wins on bearish-cross-9/21-5m (net -20.57%) and learnings.md warns about it — this signal repeats a known bad trade, so SKIP.",scan-filtered,loss,-0.4623
2026-08-04T21:08:11.867Z,BTCUSDT,BUY,64318.00,0,"[bullish-cross-9/21-5m] Memory blocked this entry (counterfactual): Ledger shows 91 real prior losses vs 16 wins on bullish-cross-9/21-5m (net -31.31%) and learnings.md warns about it — this signal repeats a known bad trade, so SKIP.",scan-filtered,loss,-0.4804
2026-08-04T21:08:12.295Z,SOLUSDT,BUY,74.19,0,"[bullish-cross-9/21-5m] Memory blocked this entry (counterfactual): Ledger shows 78 real prior losses vs 18 wins on bullish-cross-9/21-5m (net -26.14%) and learnings.md warns about it — this signal repeats a known bad trade, so SKIP.",scan-filtered,loss,-0.4617
2026-08-04T21:13:14.269Z,ETHUSDT,BUY,1874.95,0,"[bullish-cross-9/21-5m] Memory blocked this entry (counterfactual): Ledger shows 83 real prior losses vs 19 wins on bullish-cross-9/21-5m (net -30.79%) and learnings.md warns about it — this signal repeats a known bad trade, so SKIP.",scan-filtered,loss,-0.4483
2026-08-04T21:38:25.359Z,SOLUSDT,SELL,74.07,0,"[bearish-cross-9/21-5m] Memory blocked this entry (counterfactual): Ledger shows 77 real prior losses vs 20 wins on bearish-cross-9/21-5m (net -21.04%) and learnings.md warns about it — this signal repeats a known bad trade, so SKIP.",scan-filtered,loss,-0.3945
2026-08-04T21:49:15.235Z,ETHUSDT,SELL,1873.40,0,"[bearish-cross-9/21-5m] Memory blocked this entry (counterfactual): Ledger shows 88 real prior losses vs 23 wins on bearish-cross-9/21-5m (net -31.89%) and learnings.md warns about it — this signal repeats a known bad trade, so SKIP.",scan-filtered,loss,-0.3710
2026-08-04T21:59:19.256Z,BTCUSDT,SELL,64176.80,0,"[bearish-cross-9/21-5m] Memory blocked this entry (counterfactual): Ledger shows 97 real prior losses vs 16 wins on bearish-cross-9/21-5m (net -33.43%) and learnings.md warns about it — this signal repeats a known bad trade, so SKIP.",scan-filtered,loss,-0.3505
2026-08-04T22:44:39.852Z,SOLUSDT,BUY,74.11,0,"[bullish-cross-9/21-5m] Memory blocked this entry (counterfactual): Ledger shows 80 real prior losses vs 18 wins on bullish-cross-9/21-5m (net -27.15%) and learnings.md warns about it — this signal repeats a known bad trade, so SKIP.",scan-filtered,loss,-0.6913
2026-08-04T22:49:41.892Z,ETHUSDT,BUY,1874.73,0,"[bullish-cross-9/21-5m] Memory blocked this entry (counterfactual): Ledger shows 84 real prior losses vs 19 wins on bullish-cross-9/21-5m (net -31.24%) and learnings.md warns about it — this signal repeats a known bad trade, so SKIP.",scan-filtered,loss,-0.4648
2026-08-04T22:59:46.059Z,BTCUSDT,BUY,64209.23,0,"[bullish-cross-9/21-5m] Memory blocked this entry (counterfactual): Ledger shows 92 real prior losses vs 16 wins on bullish-cross-9/21-5m (net -31.79%) and learnings.md warns about it — this signal repeats a known bad trade, so SKIP.",scan-filtered,loss,-0.4203
2026-08-04T23:09:50.758Z,SOLUSDT,SELL,74.04,0,"[bearish-cross-9/21-5m] Memory blocked this entry (counterfactual): Ledger shows 78 real prior losses vs 20 wins on bearish-cross-9/21-5m (net -21.43%) and learnings.md warns about it — this signal repeats a known bad trade, so SKIP.",scan-filtered,win,0.1052
2026-08-04T23:14:52.863Z,SOLUSDT,BUY,74.18,0,"[bullish-cross-9/21-5m] Memory blocked this entry (counterfactual): Ledger shows 80 real prior losses vs 18 wins on bullish-cross-9/21-5m (net -27.15%) and learnings.md warns about it — this signal repeats a known bad trade, so SKIP.",scan-filtered,loss,-0.9875
2026-08-04T23:29:58.973Z,SOLUSDT,SELL,74.02,0,"[bearish-cross-9/21-5m] Memory blocked this entry (counterfactual): Ledger shows 78 real prior losses vs 20 wins on bearish-cross-9/21-5m (net -21.43%) and learnings.md warns about it — this signal repeats a known bad trade, so SKIP.",scan-filtered,win,0.1728
2026-08-04T23:45:07.635Z,ETHUSDT,SELL,1871.64,0,"[bearish-cross-9/21-5m] Memory blocked this entry (counterfactual): Ledger shows 89 real prior losses vs 23 wins on bearish-cross-9/21-5m (net -32.26%) and learnings.md warns about it — this signal repeats a known bad trade, so SKIP.",scan-filtered,loss,-0.0970
2026-08-05T00:00:17.152Z,BTCUSDT,SELL,64106.56,0,"[bearish-cross-9/21-5m] Memory blocked this entry (counterfactual): Ledger shows 98 real prior losses vs 16 wins on bearish-cross-9/21-5m (net -33.78%) and learnings.md warns about it — this signal repeats a known bad trade, so SKIP.",scan-filtered,loss,-0.1151
2026-08-05T00:24:39.234Z,AAVEUSDT,BUY,90.48,21.99688854,"[tsmom28-1d-state-long] Trailing 28-candle return is positive (0.60%) — state construction holds long while momentum is positive. || broker fill 90.747759822 qty 21.99688854, slippage +10.8 bps vs decision mark 90.65, signal-drift +29.6 bps vs signal close, order bot-AAVEUSDT-1785888000000",alpaca-paper,open,
2026-08-05T00:24:40.213Z,ADAUSDT,BUY,0.193000,10363.918639093,"[tsmom28-1d-state-long] Trailing 28-candle return is positive (10.54%) — state construction holds long while momentum is positive. || broker fill 0.19254 qty 10363.918639093, slippage +7.3 bps vs decision mark 0.192400, signal-drift -23.8 bps vs signal close, order bot-ADAUSDT-1785888000000",alpaca-paper,open,
2026-08-05T00:24:41.888Z,BTCUSDT,BUY,64106.56,0.031146797,"[tsmom28-1d-state-long] Trailing 28-candle return is positive (1.17%) — state construction holds long while momentum is positive. || broker fill 63985.577 qty 0.031146797, slippage -5.4 bps vs decision mark 64020.00, signal-drift -18.9 bps vs signal close, order bot-BTCUSDT-1785888000000",alpaca-paper,open,
2026-08-05T00:24:43.553Z,DOTUSDT,BUY,0.857000,2305.223059146,"[tsmom28-1d-state-long] Trailing 28-candle return is positive (0.82%) — state construction holds long while momentum is positive. || broker fill 0.866891724 qty 2305.223059146, slippage +21.9 bps vs decision mark 0.865000, signal-drift +115.4 bps vs signal close, order bot-DOTUSDT-1785888000000",alpaca-paper,open,
2026-08-05T00:24:45.513Z,LTCUSDT,BUY,44.85,44.350932966,"[tsmom28-1d-state-long] Trailing 28-candle return is positive (2.14%) — state construction holds long while momentum is positive. || broker fill 44.942 qty 44.350932966, slippage -4.0 bps vs decision mark 44.96, signal-drift +20.5 bps vs signal close, order bot-LTCUSDT-1785888000000",alpaca-paper,open,
2026-08-05T01:41:02.159Z,BTCUSDT,BUY,64265.56,0,"[bullish-cross-9/21-5m] Memory blocked this entry (counterfactual): Ledger shows 93 real prior losses vs 16 wins on bullish-cross-9/21-5m (net -32.21%) and learnings.md warns about it — this signal repeats a known bad trade, so SKIP.",scan-filtered,loss,-0.0514
2026-08-05T01:41:02.560Z,SOLUSDT,BUY,74.05,0,"[bullish-cross-9/21-5m] Memory blocked this entry (counterfactual): Ledger shows 82 real prior losses vs 18 wins on bullish-cross-9/21-5m (net -28.83%) and learnings.md warns about it — this signal repeats a known bad trade, so SKIP.",scan-filtered,loss,-0.0029
2026-08-05T01:51:06.530Z,ETHUSDT,BUY,1872.69,0,"[bullish-cross-9/21-5m] Memory blocked this entry (counterfactual): Ledger shows 85 real prior losses vs 19 wins on bullish-cross-9/21-5m (net -31.70%) and learnings.md warns about it — this signal repeats a known bad trade, so SKIP.",scan-filtered,loss,-0.1601
2026-08-05T03:21:44.062Z,ETHUSDT,SELL,1864.73,0,"[bearish-cross-9/21-5m] Memory blocked this entry (counterfactual): Ledger shows 90 real prior losses vs 23 wins on bearish-cross-9/21-5m (net -32.36%) and learnings.md warns about it — this signal repeats a known bad trade, so SKIP.",scan-filtered,loss,-0.4400
2026-08-05T03:26:45.846Z,BTCUSDT,SELL,64119.05,0,"[bearish-cross-9/21-5m] Memory blocked this entry (counterfactual): Ledger shows 99 real prior losses vs 16 wins on bearish-cross-9/21-5m (net -33.90%) and learnings.md warns about it — this signal repeats a known bad trade, so SKIP.",scan-filtered,loss,-0.3327
2026-08-05T03:26:46.240Z,SOLUSDT,SELL,73.81,0,"[bearish-cross-9/21-5m] Memory blocked this entry (counterfactual): Ledger shows 78 real prior losses vs 22 wins on bearish-cross-9/21-5m (net -21.15%) and learnings.md warns about it — this signal repeats a known bad trade, so SKIP.",scan-filtered,loss,-0.0968
2026-08-05T04:58:01.621Z,BTCUSDT,BUY,64160.02,0,"[bullish-cross-9/21-5m] Memory blocked this entry (counterfactual): Ledger shows 94 real prior losses vs 16 wins on bullish-cross-9/21-5m (net -32.26%) and learnings.md warns about it — this signal repeats a known bad trade, so SKIP.",scan-filtered,loss,-0.0062
2026-08-05T04:58:01.850Z,ETHUSDT,BUY,1866.94,0,"[bullish-cross-9/21-5m] Memory blocked this entry (counterfactual): Ledger shows 86 real prior losses vs 19 wins on bullish-cross-9/21-5m (net -31.86%) and learnings.md warns about it — this signal repeats a known bad trade, so SKIP.",scan-filtered,win,0.0337
2026-08-05T05:08:06.060Z,SOLUSDT,BUY,73.98,0,"[bullish-cross-9/21-5m] Memory blocked this entry (counterfactual): Ledger shows 83 real prior losses vs 18 wins on bullish-cross-9/21-5m (net -28.83%) and learnings.md warns about it — this signal repeats a known bad trade, so SKIP.",scan-filtered,loss,-0.1243
2026-08-05T06:43:52.229Z,BTCUSDT,SELL,64316.34,0,"[bearish-cross-9/21-5m] Memory blocked this entry (counterfactual): Ledger shows 100 real prior losses vs 16 wins on bearish-cross-9/21-5m (net -34.23%) and learnings.md warns about it — this signal repeats a known bad trade, so SKIP.",scan-filtered,win,0.1133
2026-08-05T06:43:52.433Z,ETHUSDT,SELL,1871.09,0,"[bearish-cross-9/21-5m] Memory blocked this entry (counterfactual): Ledger shows 91 real prior losses vs 23 wins on bearish-cross-9/21-5m (net -32.80%) and learnings.md warns about it — this signal repeats a known bad trade, so SKIP.",scan-filtered,win,0.0725
2026-08-05T07:09:02.863Z,SOLUSDT,SELL,73.95,0,"[bearish-cross-9/21-5m] Memory blocked this entry (counterfactual): Ledger shows 79 real prior losses vs 22 wins on bearish-cross-9/21-5m (net -21.25%) and learnings.md warns about it — this signal repeats a known bad trade, so SKIP.",scan-filtered,loss,-0.5028
2026-08-05T13:33:57.124Z,BTCUSDT,SELL,64145.19,0,"[bearish-cross-9/21-5m] Memory blocked this entry (counterfactual): Ledger shows 100 real prior losses vs 17 wins on bearish-cross-9/21-5m (net -34.12%) and learnings.md warns about it — this signal repeats a known bad trade, so SKIP.",scan-filtered,loss,-0.6286
2026-08-05T13:33:57.349Z,ETHUSDT,SELL,1869.62,0,"[bearish-cross-9/21-5m] Memory blocked this entry (counterfactual): Ledger shows 91 real prior losses vs 24 wins on bearish-cross-9/21-5m (net -32.73%) and learnings.md warns about it — this signal repeats a known bad trade, so SKIP.",scan-filtered,loss,-0.4198
2026-08-05T13:33:57.584Z,SOLUSDT,SELL,73.79,0,"[bearish-cross-9/21-5m] Memory blocked this entry (counterfactual): Ledger shows 80 real prior losses vs 22 wins on bearish-cross-9/21-5m (net -21.75%) and learnings.md warns about it — this signal repeats a known bad trade, so SKIP.",scan-filtered,loss,-0.3271
2026-08-05T16:35:16.037Z,BTCUSDT,BUY,64701.50,0,"[bullish-cross-9/21-5m] Memory blocked this entry (counterfactual): Ledger shows 95 real prior losses vs 16 wins on bullish-cross-9/21-5m (net -32.27%) and learnings.md warns about it — this signal repeats a known bad trade, so SKIP.",scan-filtered,loss,-0.4646
2026-08-05T16:53:04.975Z,QQQ,BUY,723.69,2,"[tsmom28-1d-state-long] Trailing 28-candle return is positive (1.84%) — state construction holds long while momentum is positive. || broker fill 722.07 qty 2, slippage -0.6 bps vs decision mark 722.11, signal-drift -22.4 bps vs signal close, order bot-QQQ-1785888000000",alpaca-paper,open,
2026-08-05T16:53:08.310Z,AMD,BUY,525.52,2,"[tsmom28-1d-state-long] Trailing 28-candle return is positive (1.20%) — state construction holds long while momentum is positive. || broker fill 489.175 qty 2, slippage -2.0 bps vs decision mark 489.27, signal-drift -691.6 bps vs signal close, order bot-AMD-1785888000000",alpaca-paper,open,
2026-08-05T17:00:31.921Z,SPY,BUY,771.85,0,"[bullish-cross-9/21-5m] Memory blocked this entry (counterfactual): Ledger shows 4 real prior losses vs 3 wins on bullish-cross-9/21-5m (net -0.75%) and learnings.md warns about it — this signal repeats a known bad trade, so SKIP.",scan-filtered,loss,-0.3402
2026-08-05T17:00:32.133Z,QQQ,BUY,722.15,0,"[bullish-cross-9/21-5m] Memory blocked this entry (counterfactual): Ledger shows 2 real prior losses vs 3 wins on bullish-cross-9/21-5m (net -0.09%) and learnings.md warns about it — this signal repeats a known bad trade, so SKIP.",scan-filtered,loss,-0.4911
2026-08-05T17:40:56.233Z,QQQ,SELL,720.83,0,"[bearish-cross-9/21-5m] Memory blocked this entry (counterfactual): Ledger shows 3 real prior losses vs 0 wins on bearish-cross-9/21-5m (net -2.06%) and learnings.md warns about it — this signal repeats a known bad trade, so SKIP.",scan-filtered,loss,-0.2501
2026-08-05T17:46:03.280Z,BTCUSDT,SELL,64698.00,0,"[bearish-cross-9/21-5m] Memory blocked this entry (counterfactual): Ledger shows 101 real prior losses vs 17 wins on bearish-cross-9/21-5m (net -34.75%) and learnings.md warns about it — this signal repeats a known bad trade, so SKIP.",scan-filtered,loss,-0.4641
2026-08-05T19:08:18.268Z,SPY,SELL,771.58,0,"[bearish-cross-9/21-5m] Memory blocked this entry (counterfactual): Ledger shows 2 real prior losses vs 0 wins on bearish-cross-9/21-5m (net -0.26%) and learnings.md warns about it — this signal repeats a known bad trade, so SKIP.",scan-filtered,loss,-0.1730
2026-08-05T19:28:29.379Z,SOLUSDT,SELL,74.49,0,"[bearish-cross-9/21-5m] Memory blocked this entry (counterfactual): Ledger shows 81 real prior losses vs 22 wins on bearish-cross-9/21-5m (net -22.08%) and learnings.md warns about it — this signal repeats a known bad trade, so SKIP.",scan-filtered,loss,-0.2329
2026-08-05T19:38:35.101Z,ETHUSDT,SELL,1916.86,0,"[bearish-cross-9/21-5m] Memory blocked this entry (counterfactual): Ledger shows 92 real prior losses vs 24 wins on bearish-cross-9/21-5m (net -33.15%) and learnings.md warns about it — this signal repeats a known bad trade, so SKIP.",scan-filtered,loss,-0.4268
2026-08-05T19:43:38.736Z,ETHUSDT,BUY,1918.97,0,"[bullish-cross-9/21-5m] Memory blocked this entry (counterfactual): Ledger shows 86 real prior losses vs 20 wins on bullish-cross-9/21-5m (net -31.83%) and learnings.md warns about it — this signal repeats a known bad trade, so SKIP.",scan-filtered,loss,-0.2620
2026-08-06T04:21:14.729Z,ETHUSDT,BUY,1902.59,0,"[bullish-cross-9/21-5m] Memory blocked this entry (counterfactual): Ledger shows 87 real prior losses vs 20 wins on bullish-cross-9/21-5m (net -32.09%) and learnings.md warns about it — this signal repeats a known bad trade, so SKIP.",scan-filtered,win,0.3192
2026-08-06T04:26:16.425Z,BTCUSDT,BUY,64673.81,0,"[bullish-cross-9/21-5m] Memory blocked this entry (counterfactual): Ledger shows 96 real prior losses vs 16 wins on bullish-cross-9/21-5m (net -32.73%) and learnings.md warns about it — this signal repeats a known bad trade, so SKIP.",scan-filtered,win,0.1765
2026-08-06T04:26:16.854Z,SOLUSDT,BUY,73.75,0,"[bullish-cross-9/21-5m] Memory blocked this entry (counterfactual): Ledger shows 84 real prior losses vs 18 wins on bullish-cross-9/21-5m (net -28.95%) and learnings.md warns about it — this signal repeats a known bad trade, so SKIP.",scan-filtered,win,0.4458
2026-08-06T06:32:07.800Z,BTCUSDT,SELL,64828.00,0,"[bearish-cross-9/21-5m] Memory blocked this entry (counterfactual): Ledger shows 102 real prior losses vs 17 wins on bearish-cross-9/21-5m (net -35.21%) and learnings.md warns about it — this signal repeats a known bad trade, so SKIP.",scan-filtered,loss,-0.4157
2026-08-06T06:42:12.878Z,SOLUSDT,SELL,74.06,0,"[bearish-cross-9/21-5m] Memory blocked this entry (counterfactual): Ledger shows 82 real prior losses vs 22 wins on bearish-cross-9/21-5m (net -22.31%) and learnings.md warns about it — this signal repeats a known bad trade, so SKIP.",scan-filtered,loss,-0.2055
2026-08-06T06:47:15.068Z,ETHUSDT,SELL,1913.79,0,"[bearish-cross-9/21-5m] Memory blocked this entry (counterfactual): Ledger shows 93 real prior losses vs 24 wins on bearish-cross-9/21-5m (net -33.57%) and learnings.md warns about it — this signal repeats a known bad trade, so SKIP.",scan-filtered,loss,-0.0293
2026-08-06T07:02:21.384Z,ETHUSDT,BUY,1913.66,0,"[bullish-cross-9/21-5m] Memory blocked this entry (counterfactual): Ledger shows 87 real prior losses vs 21 wins on bullish-cross-9/21-5m (net -31.77%) and learnings.md warns about it — this signal repeats a known bad trade, so SKIP.",scan-filtered,loss,-0.5263
2026-08-06T07:17:27.339Z,BTCUSDT,BUY,64945.71,0,"[bullish-cross-9/21-5m] Memory blocked this entry (counterfactual): Ledger shows 96 real prior losses vs 17 wins on bullish-cross-9/21-5m (net -32.55%) and learnings.md warns about it — this signal repeats a known bad trade, so SKIP.",scan-filtered,loss,-0.5675
2026-08-06T07:42:38.998Z,ETHUSDT,SELL,1910.26,0,"[bearish-cross-9/21-5m] Memory blocked this entry (counterfactual): Ledger shows 93 real prior losses vs 24 wins on bearish-cross-9/21-5m (net -33.57%) and learnings.md warns about it — this signal repeats a known bad trade, so SKIP.",scan-filtered,loss,-0.4267
2026-08-06T08:12:51.506Z,BTCUSDT,SELL,64796.01,0,"[bearish-cross-9/21-5m] Memory blocked this entry (counterfactual): Ledger shows 103 real prior losses vs 17 wins on bearish-cross-9/21-5m (net -35.63%) and learnings.md warns about it — this signal repeats a known bad trade, so SKIP.",scan-filtered,loss,-0.3617
2026-08-06T08:53:08.819Z,ETHUSDT,BUY,1913.38,0,"[bullish-cross-9/21-5m] Memory blocked this entry (counterfactual): Ledger shows 88 real prior losses vs 21 wins on bullish-cross-9/21-5m (net -32.30%) and learnings.md warns about it — this signal repeats a known bad trade, so SKIP.",scan-filtered,loss,-0.6026
2026-08-06T08:58:10.692Z,BTCUSDT,BUY,64969.83,0,"[bullish-cross-9/21-5m] Memory blocked this entry (counterfactual): Ledger shows 97 real prior losses vs 17 wins on bullish-cross-9/21-5m (net -33.12%) and learnings.md warns about it — this signal repeats a known bad trade, so SKIP.",scan-filtered,loss,-0.7251
2026-08-06T09:13:17.463Z,SOLUSDT,BUY,73.80,0,"[bullish-cross-9/21-5m] Memory blocked this entry (counterfactual): Ledger shows 84 real prior losses vs 19 wins on bullish-cross-9/21-5m (net -28.51%) and learnings.md warns about it — this signal repeats a known bad trade, so SKIP.",scan-filtered,loss,-1.0317
2026-08-06T09:28:25.783Z,SOLUSDT,SELL,73.58,0,"[bearish-cross-9/21-5m] Memory blocked this entry (counterfactual): Ledger shows 83 real prior losses vs 22 wins on bearish-cross-9/21-5m (net -22.52%) and learnings.md warns about it — this signal repeats a known bad trade, so SKIP.",scan-filtered,loss,-0.0554
2026-08-06T09:38:29.746Z,BTCUSDT,SELL,64694.33,0,"[bearish-cross-9/21-5m] Memory blocked this entry (counterfactual): Ledger shows 104 real prior losses vs 17 wins on bearish-cross-9/21-5m (net -35.99%) and learnings.md warns about it — this signal repeats a known bad trade, so SKIP.",scan-filtered,loss,-0.2500
2026-08-06T09:43:32.349Z,ETHUSDT,SELL,1908.17,0,"[bearish-cross-9/21-5m] Memory blocked this entry (counterfactual): Ledger shows 95 real prior losses vs 24 wins on bearish-cross-9/21-5m (net -34.03%) and learnings.md warns about it — this signal repeats a known bad trade, so SKIP.",scan-filtered,loss,-0.1349
2026-08-06T11:24:15.635Z,SOLUSDT,BUY,73.46,0,"[bullish-cross-9/21-5m] Memory blocked this entry (counterfactual): Ledger shows 85 real prior losses vs 19 wins on bullish-cross-9/21-5m (net -29.54%) and learnings.md warns about it — this signal repeats a known bad trade, so SKIP.",scan-filtered,loss,-0.5586
2026-08-06T11:49:52.172Z,ETHUSDT,BUY,1908.88,0,"[bullish-cross-9/21-5m] Memory blocked this entry (counterfactual): Ledger shows 89 real prior losses vs 21 wins on bullish-cross-9/21-5m (net -32.90%) and learnings.md warns about it — this signal repeats a known bad trade, so SKIP.",scan-filtered,loss,-0.5614
2026-08-06T12:35:12.856Z,ETHUSDT,SELL,1903.83,0,"[bearish-cross-9/21-5m] Memory blocked this entry (counterfactual): Ledger shows 96 real prior losses vs 24 wins on bearish-cross-9/21-5m (net -34.17%) and learnings.md warns about it — this signal repeats a known bad trade, so SKIP.",scan-filtered,win,0.0330
2026-08-06T12:35:13.094Z,SOLUSDT,SELL,73.32,0,"[bearish-cross-9/21-5m] Memory blocked this entry (counterfactual): Ledger shows 84 real prior losses vs 22 wins on bearish-cross-9/21-5m (net -22.57%) and learnings.md warns about it — this signal repeats a known bad trade, so SKIP.",scan-filtered,win,0.1364
2026-08-06T17:05:52.382Z,AMD,SELL,495.88,2,"[actual:tsmom28-1d-state-long] Exit: momentum flipped non-positive (-9.57%) — state exit; entry fill 489.175; ACTUAL round-trip P&L from real paper fills, gross of Alpaca fees (~50 bps RT taker at this tier).",alpaca-paper-exit,win,1.3697
2026-08-06T17:05:59.717Z,UNH,SELL,404.36,4,"[actual:tsmom28-1d-state-long] Exit: momentum flipped non-positive (-0.69%) — state exit; entry fill 431.27; ACTUAL round-trip P&L from real paper fills, gross of Alpaca fees (~50 bps RT taker at this tier).",alpaca-paper-exit,loss,-6.2397
2026-08-06T17:06:13.632Z,COST,BUY,942.06,2,"[tsmom28-1d-state-long] Trailing 28-candle return is positive (0.02%) — state construction holds long while momentum is positive. || broker fill 944.74 qty 2, slippage +0.4 bps vs decision mark 944.70, signal-drift +28.4 bps vs signal close, order bot-COST-1785974400000",alpaca-paper,open,
2026-08-06T17:06:48.757Z,ETHUSDT,BUY,1916.77,0,"[bullish-cross-9/21-5m] Memory blocked this entry (counterfactual): Ledger shows 90 real prior losses vs 21 wins on bullish-cross-9/21-5m (net -33.46%) and learnings.md warns about it — this signal repeats a known bad trade, so SKIP.",scan-filtered,loss,-0.5723
2026-08-06T17:11:50.900Z,BTCUSDT,BUY,64741.83,0,"[bullish-cross-9/21-5m] Memory blocked this entry (counterfactual): Ledger shows 98 real prior losses vs 17 wins on bullish-cross-9/21-5m (net -33.85%) and learnings.md warns about it — this signal repeats a known bad trade, so SKIP.",scan-filtered,loss,-0.6674
2026-08-06T17:11:51.328Z,SOLUSDT,BUY,73.46,0,"[bullish-cross-9/21-5m] Memory blocked this entry (counterfactual): Ledger shows 86 real prior losses vs 19 wins on bullish-cross-9/21-5m (net -30.10%) and learnings.md warns about it — this signal repeats a known bad trade, so SKIP.",scan-filtered,loss,-0.8854
2026-08-06T17:11:51.599Z,SPY,BUY,768.46,0,"[bullish-cross-9/21-5m] Memory blocked this entry (counterfactual): Ledger shows 5 real prior losses vs 3 wins on bullish-cross-9/21-5m (net -1.09%) and learnings.md warns about it — this signal repeats a known bad trade, so SKIP.",scan-filtered,loss,-0.2727
2026-08-06T17:21:56.805Z,QQQ,BUY,715.68,0,"[bullish-cross-9/21-5m] Memory blocked this entry (counterfactual): Ledger shows 3 real prior losses vs 3 wins on bullish-cross-9/21-5m (net -0.58%) and learnings.md warns about it — this signal repeats a known bad trade, so SKIP.",scan-filtered,loss,-0.2469
2026-08-07T00:40:25.363Z,ETHUSDT,BUY,1902.13,0,"[bullish-cross-9/21-5m] Memory blocked this entry (counterfactual): Ledger shows 91 real prior losses vs 21 wins on bullish-cross-9/21-5m (net -34.03%) and learnings.md warns about it — this signal repeats a known bad trade, so SKIP.",scan-filtered,loss,-0.3589
2026-08-07T02:05:55.395Z,AAVEUSDT,SELL,90.43,21.949443673,"[actual:tsmom28-1d-state-long] Exit: momentum flipped non-positive (-1.68%) — state exit; entry fill 90.747759822; ACTUAL round-trip P&L from real paper fills, gross of Alpaca fees (~50 bps RT taker at this tier).",alpaca-paper-exit,loss,-0.3540
2026-08-07T02:05:56.083Z,ARBUSDT,SELL,0.0778800,24502.846141379,"[actual:tsmom28-1d-state-long] Exit: momentum flipped non-positive (-10.40%) — state exit; entry fill 0.0812879; ACTUAL round-trip P&L from real paper fills, gross of Alpaca fees (~50 bps RT taker at this tier).",alpaca-paper-exit,loss,-4.1924
2026-08-07T02:05:57.079Z,DOTUSDT,SELL,0.814591,2301.661691475,"[actual:tsmom28-1d-state-long] Exit: momentum flipped non-positive (-0.48%) — state exit; entry fill 0.866891724; ACTUAL round-trip P&L from real paper fills, gross of Alpaca fees (~50 bps RT taker at this tier).",alpaca-paper-exit,loss,-6.0332
2026-08-07T02:11:55.555Z,ETHUSDT,SELL,1900.69,0,"[bearish-cross-9/21-5m] Memory blocked this entry (counterfactual): Ledger shows 96 real prior losses vs 25 wins on bearish-cross-9/21-5m (net -34.13%) and learnings.md warns about it — this signal repeats a known bad trade, so SKIP.",scan-filtered,loss,-0.4247
2026-08-07T02:42:07.956Z,BTCUSDT,SELL,64305.71,0,"[bearish-cross-9/21-5m] Memory blocked this entry (counterfactual): Ledger shows 105 real prior losses vs 17 wins on bearish-cross-9/21-5m (net -36.24%) and learnings.md warns about it — this signal repeats a known bad trade, so SKIP.",scan-filtered,loss,-0.3222
2026-08-07T02:42:08.381Z,SOLUSDT,SELL,72.62,0,"[bearish-cross-9/21-5m] Memory blocked this entry (counterfactual): Ledger shows 84 real prior losses vs 23 wins on bearish-cross-9/21-5m (net -22.44%) and learnings.md warns about it — this signal repeats a known bad trade, so SKIP.",scan-filtered,loss,-0.3826
2026-08-07T02:57:15.147Z,SOLUSDT,BUY,72.77,0,"[bullish-cross-9/21-5m] Memory blocked this entry (counterfactual): Ledger shows 87 real prior losses vs 19 wins on bullish-cross-9/21-5m (net -30.98%) and learnings.md warns about it — this signal repeats a known bad trade, so SKIP.",scan-filtered,loss,-0.5061
2026-08-07T03:02:17.174Z,SOLUSDT,SELL,72.71,0,"[bearish-cross-9/21-5m] Memory blocked this entry (counterfactual): Ledger shows 84 real prior losses vs 23 wins on bearish-cross-9/21-5m (net -22.44%) and learnings.md warns about it — this signal repeats a known bad trade, so SKIP.",scan-filtered,loss,-0.1762
2026-08-07T04:43:01.302Z,SOLUSDT,BUY,72.73,0,"[bullish-cross-9/21-5m] Memory blocked this entry (counterfactual): Ledger shows 88 real prior losses vs 19 wins on bullish-cross-9/21-5m (net -31.49%) and learnings.md warns about it — this signal repeats a known bad trade, so SKIP.",scan-filtered,loss,-0.3962
2026-08-07T05:28:19.494Z,SOLUSDT,SELL,72.61,0,"[bearish-cross-9/21-5m] Memory blocked this entry (counterfactual): Ledger shows 86 real prior losses vs 23 wins on bearish-cross-9/21-5m (net -23.00%) and learnings.md warns about it — this signal repeats a known bad trade, so SKIP.",scan-filtered,loss,-0.8509
2026-08-07T06:08:36.158Z,BTCUSDT,BUY,64323.27,0,"[bullish-cross-9/21-5m] Memory blocked this entry (counterfactual): Ledger shows 99 real prior losses vs 17 wins on bullish-cross-9/21-5m (net -34.51%) and learnings.md warns about it — this signal repeats a known bad trade, so SKIP.",scan-filtered,loss,-0.3273
2026-08-07T06:08:36.447Z,ETHUSDT,BUY,1900.93,0,"[bullish-cross-9/21-5m] Memory blocked this entry (counterfactual): Ledger shows 92 real prior losses vs 21 wins on bullish-cross-9/21-5m (net -34.39%) and learnings.md warns about it — this signal repeats a known bad trade, so SKIP.",scan-filtered,loss,-0.1259
2026-08-07T06:13:38.750Z,SOLUSDT,BUY,72.88,0,"[bullish-cross-9/21-5m] Memory blocked this entry (counterfactual): Ledger shows 89 real prior losses vs 19 wins on bullish-cross-9/21-5m (net -31.89%) and learnings.md warns about it — this signal repeats a known bad trade, so SKIP.",scan-filtered,loss,-0.2177
2026-08-07T07:19:09.015Z,BTCUSDT,SELL,64338.40,0,"[bearish-cross-9/21-5m] Memory blocked this entry (counterfactual): Ledger shows 106 real prior losses vs 17 wins on bearish-cross-9/21-5m (net -36.56%) and learnings.md warns about it — this signal repeats a known bad trade, so SKIP.",scan-filtered,loss,-0.3501
2026-08-07T07:29:14.147Z,SOLUSDT,SELL,72.99,0,"[bearish-cross-9/21-5m] Memory blocked this entry (counterfactual): Ledger shows 87 real prior losses vs 23 wins on bearish-cross-9/21-5m (net -23.85%) and learnings.md warns about it — this signal repeats a known bad trade, so SKIP.",scan-filtered,loss,-0.2726
2026-08-07T07:44:20.705Z,SOLUSDT,BUY,72.95,0,"[bullish-cross-9/21-5m] Memory blocked this entry (counterfactual): Ledger shows 90 real prior losses vs 19 wins on bullish-cross-9/21-5m (net -32.10%) and learnings.md warns about it — this signal repeats a known bad trade, so SKIP.",scan-filtered,loss,-0.2040
2026-08-07T07:49:22.826Z,BTCUSDT,BUY,64371.86,0,"[bullish-cross-9/21-5m] Memory blocked this entry (counterfactual): Ledger shows 100 real prior losses vs 17 wins on bullish-cross-9/21-5m (net -34.84%) and learnings.md warns about it — this signal repeats a known bad trade, so SKIP.",scan-filtered,win,0.1041
2026-08-07T08:04:29.837Z,ETHUSDT,SELL,1902.36,0,"[bearish-cross-9/21-5m] Memory blocked this entry (counterfactual): Ledger shows 97 real prior losses vs 25 wins on bearish-cross-9/21-5m (net -34.56%) and learnings.md warns about it — this signal repeats a known bad trade, so SKIP.",scan-filtered,loss,-0.7384
2026-08-07T08:39:45.794Z,ETHUSDT,BUY,1908.14,0,"[bullish-cross-9/21-5m] Memory blocked this entry (counterfactual): Ledger shows 93 real prior losses vs 21 wins on bullish-cross-9/21-5m (net -34.52%) and learnings.md warns about it — this signal repeats a known bad trade, so SKIP.",scan-filtered,win,0.0359
2026-08-07T10:50:42.146Z,SOLUSDT,SELL,73.52,0,"[bearish-cross-9/21-5m] Memory blocked this entry (counterfactual): Ledger shows 88 real prior losses vs 23 wins on bearish-cross-9/21-5m (net -24.12%) and learnings.md warns about it — this signal repeats a known bad trade, so SKIP.",scan-filtered,loss,-0.4496
2026-08-07T11:00:45.914Z,ETHUSDT,SELL,1912.85,0,"[bearish-cross-9/21-5m] Memory blocked this entry (counterfactual): Ledger shows 98 real prior losses vs 25 wins on bearish-cross-9/21-5m (net -35.30%) and learnings.md warns about it — this signal repeats a known bad trade, so SKIP.",scan-filtered,loss,-0.4819
2026-08-07T11:25:57.710Z,ETHUSDT,BUY,1918.56,0,"[bullish-cross-9/21-5m] Memory blocked this entry (counterfactual): Ledger shows 93 real prior losses vs 22 wins on bullish-cross-9/21-5m (net -34.48%) and learnings.md warns about it — this signal repeats a known bad trade, so SKIP.",scan-filtered,win,0.2796
2026-08-07T11:41:07.076Z,SOLUSDT,BUY,73.65,0,"[bullish-cross-9/21-5m] Memory blocked this entry (counterfactual): Ledger shows 91 real prior losses vs 19 wins on bullish-cross-9/21-5m (net -32.31%) and learnings.md warns about it — this signal repeats a known bad trade, so SKIP.",scan-filtered,loss,-0.1506
2026-08-07T13:52:44.199Z,ETHUSDT,SELL,1929.99,0,"[bearish-cross-9/21-5m] Memory blocked this entry (counterfactual): Ledger shows 99 real prior losses vs 25 wins on bearish-cross-9/21-5m (net -35.78%) and learnings.md warns about it — this signal repeats a known bad trade, so SKIP.",scan-filtered,win,0.2798
2026-08-07T14:07:52.175Z,BTCUSDT,SELL,64857.91,0,"[bearish-cross-9/21-5m] Memory blocked this entry (counterfactual): Ledger shows 107 real prior losses vs 17 wins on bearish-cross-9/21-5m (net -36.91%) and learnings.md warns about it — this signal repeats a known bad trade, so SKIP.",scan-filtered,loss,-0.3569
2026-08-07T14:25:21.293Z,COST,SELL,947.22,2,"[actual:tsmom28-1d-state-long] Exit: momentum flipped non-positive (-0.16%) — state exit; entry fill 944.74; ACTUAL round-trip P&L from real paper fills, gross of Alpaca fees (~50 bps RT taker at this tier).",alpaca-paper-exit,win,0.2620
2026-08-07T14:25:24.365Z,LLY,SELL,1190.67,1,"[actual:tsmom28-1d-state-long] Exit: momentum flipped non-positive (-1.22%) — state exit; entry fill 1161.54; ACTUAL round-trip P&L from real paper fills, gross of Alpaca fees (~50 bps RT taker at this tier).",alpaca-paper-exit,win,2.5079
2026-08-07T14:28:04.348Z,QQQ,SELL,719.76,0,"[bearish-cross-9/21-5m] Memory blocked this entry (counterfactual): Ledger shows 4 real prior losses vs 0 wins on bearish-cross-9/21-5m (net -2.31%) and learnings.md warns about it — this signal repeats a known bad trade, so SKIP.",scan-filtered,loss,-0.6251
2026-08-07T14:43:12.202Z,SOLUSDT,SELL,74.05,0,"[bearish-cross-9/21-5m] Memory blocked this entry (counterfactual): Ledger shows 89 real prior losses vs 23 wins on bearish-cross-9/21-5m (net -24.57%) and learnings.md warns about it — this signal repeats a known bad trade, so SKIP.",scan-filtered,loss,-0.0434
2026-08-07T15:10:58.160Z,QQQ,BUY,721.27,0,"[bullish-cross-9/21-5m] Memory blocked this entry (counterfactual): Ledger shows 4 real prior losses vs 3 wins on bullish-cross-9/21-5m (net -0.83%) and learnings.md warns about it — this signal repeats a known bad trade, so SKIP.",scan-filtered,loss,-0.0941
2026-08-07T16:06:28.619Z,ETHUSDT,BUY,1920.56,0,"[bullish-cross-9/21-5m] Memory blocked this entry (counterfactual): Ledger shows 93 real prior losses vs 23 wins on bullish-cross-9/21-5m (net -34.20%) and learnings.md warns about it — this signal repeats a known bad trade, so SKIP.",scan-filtered,loss,-0.9654
2026-08-07T16:11:32.003Z,SOLUSDT,BUY,74.04,0,"[bullish-cross-9/21-5m] Memory blocked this entry (counterfactual): Ledger shows 92 real prior losses vs 19 wins on bullish-cross-9/21-5m (net -32.46%) and learnings.md warns about it — this signal repeats a known bad trade, so SKIP.",scan-filtered,loss,-1.0023
2026-08-07T16:31:43.550Z,SPY,SELL,771.59,0,"[bearish-cross-9/21-5m] Memory blocked this entry (counterfactual): Ledger shows 3 real prior losses vs 0 wins on bearish-cross-9/21-5m (net -0.43%) and learnings.md warns about it — this signal repeats a known bad trade, so SKIP.",scan-filtered,loss,-0.3661
2026-08-07T16:41:49.641Z,QQQ,SELL,721.06,0,"[bearish-cross-9/21-5m] Memory blocked this entry (counterfactual): Ledger shows 5 real prior losses vs 0 wins on bearish-cross-9/21-5m (net -2.93%) and learnings.md warns about it — this signal repeats a known bad trade, so SKIP.",scan-filtered,loss,-0.3257
2026-08-07T16:51:54.286Z,ETHUSDT,SELL,1915.32,0,"[bearish-cross-9/21-5m] Memory blocked this entry (counterfactual): Ledger shows 99 real prior losses vs 26 wins on bearish-cross-9/21-5m (net -35.50%) and learnings.md warns about it — this signal repeats a known bad trade, so SKIP.",scan-filtered,loss,-0.0275
2026-08-07T16:56:57.214Z,SOLUSDT,SELL,73.71,0,"[bearish-cross-9/21-5m] Memory blocked this entry (counterfactual): Ledger shows 90 real prior losses vs 23 wins on bearish-cross-9/21-5m (net -24.61%) and learnings.md warns about it — this signal repeats a known bad trade, so SKIP.",scan-filtered,win,0.2834
2026-08-07T18:07:36.158Z,QQQ,BUY,720.88,0,"[bullish-cross-9/21-5m] Memory blocked this entry (counterfactual): Ledger shows 5 real prior losses vs 3 wins on bullish-cross-9/21-5m (net -0.92%) and learnings.md warns about it — this signal repeats a known bad trade, so SKIP.",scan-filtered,loss,-0.3000
2026-08-07T18:12:38.699Z,SPY,BUY,772.01,0,"[bullish-cross-9/21-5m] Memory blocked this entry (counterfactual): Ledger shows 6 real prior losses vs 3 wins on bullish-cross-9/21-5m (net -1.36%) and learnings.md warns about it — this signal repeats a known bad trade, so SKIP.",scan-filtered,loss,-0.2158
2026-08-07T18:17:40.851Z,ETHUSDT,BUY,1913.94,0,"[bullish-cross-9/21-5m] Memory blocked this entry (counterfactual): Ledger shows 94 real prior losses vs 23 wins on bullish-cross-9/21-5m (net -35.17%) and learnings.md warns about it — this signal repeats a known bad trade, so SKIP.",scan-filtered,loss,-0.3287
2026-08-07T18:17:41.503Z,SPY,SELL,771.54,0,"[bearish-cross-9/21-5m] Memory blocked this entry (counterfactual): Ledger shows 4 real prior losses vs 0 wins on bearish-cross-9/21-5m (net -0.80%) and learnings.md warns about it — this signal repeats a known bad trade, so SKIP.",scan-filtered,loss,-0.4763
2026-08-07T18:17:41.602Z,QQQ,SELL,720.14,0,"[bearish-cross-9/21-5m] Memory blocked this entry (counterfactual): Ledger shows 6 real prior losses vs 0 wins on bearish-cross-9/21-5m (net -3.26%) and learnings.md warns about it — this signal repeats a known bad trade, so SKIP.",scan-filtered,loss,-0.5784
2026-08-07T18:27:45.691Z,BTCUSDT,BUY,64800.00,0,"[bullish-cross-9/21-5m] Memory blocked this entry (counterfactual): Ledger shows 100 real prior losses vs 18 wins on bullish-cross-9/21-5m (net -34.74%) and learnings.md warns about it — this signal repeats a known bad trade, so SKIP.",scan-filtered,loss,-0.0932
2026-08-07T18:32:48.760Z,SOLUSDT,BUY,73.49,0,"[bullish-cross-9/21-5m] Memory blocked this entry (counterfactual): Ledger shows 93 real prior losses vs 19 wins on bullish-cross-9/21-5m (net -33.46%) and learnings.md warns about it — this signal repeats a known bad trade, so SKIP.",scan-filtered,win,0.1626
2026-08-07T19:03:04.903Z,ETHUSDT,SELL,1909.86,0,"[bearish-cross-9/21-5m] Memory blocked this entry (counterfactual): Ledger shows 100 real prior losses vs 26 wins on bearish-cross-9/21-5m (net -35.52%) and learnings.md warns about it — this signal repeats a known bad trade, so SKIP.",scan-filtered,loss,-0.7707
2026-08-07T19:23:17.055Z,BTCUSDT,SELL,64887.36,0,"[bearish-cross-9/21-5m] Memory blocked this entry (counterfactual): Ledger shows 108 real prior losses vs 17 wins on bearish-cross-9/21-5m (net -37.27%) and learnings.md warns about it — this signal repeats a known bad trade, so SKIP.",scan-filtered,loss,-0.4358
2026-08-07T19:23:17.873Z,QQQ,BUY,722.02,0,"[bullish-cross-9/21-5m] Memory blocked this entry (counterfactual): Ledger shows 6 real prior losses vs 3 wins on bullish-cross-9/21-5m (net -1.22%) and learnings.md warns about it — this signal repeats a known bad trade, so SKIP.",scan-filtered,loss,-0.0493
2026-08-07T19:28:19.845Z,BTCUSDT,BUY,64934.00,0,"[bullish-cross-9/21-5m] Memory blocked this entry (counterfactual): Ledger shows 101 real prior losses vs 18 wins on bullish-cross-9/21-5m (net -34.83%) and learnings.md warns about it — this signal repeats a known bad trade, so SKIP.",scan-filtered,loss,-0.2154
2026-08-07T19:28:20.593Z,SPY,BUY,772.90,0,"[bullish-cross-9/21-5m] Memory blocked this entry (counterfactual): Ledger shows 7 real prior losses vs 3 wins on bullish-cross-9/21-5m (net -1.58%) and learnings.md warns about it — this signal repeats a known bad trade, so SKIP.",scan-filtered,loss,-0.2702
2026-08-07T19:33:23.216Z,ETHUSDT,BUY,1916.80,0,"[bullish-cross-9/21-5m] Memory blocked this entry (counterfactual): Ledger shows 95 real prior losses vs 23 wins on bullish-cross-9/21-5m (net -35.50%) and learnings.md warns about it — this signal repeats a known bad trade, so SKIP.",scan-filtered,loss,-0.2943
2026-08-07T20:56:27.572Z,ETHUSDT,SELL,1914.92,0,"[bearish-cross-9/21-5m] Memory blocked this entry (counterfactual): Ledger shows 101 real prior losses vs 26 wins on bearish-cross-9/21-5m (net -36.30%) and learnings.md warns about it — this signal repeats a known bad trade, so SKIP.",scan-filtered,loss,-0.4029
2026-08-07T21:06:32.783Z,BTCUSDT,SELL,64972.42,0,"[bearish-cross-9/21-5m] Memory blocked this entry (counterfactual): Ledger shows 109 real prior losses vs 17 wins on bearish-cross-9/21-5m (net -37.70%) and learnings.md warns about it — this signal repeats a known bad trade, so SKIP.",scan-filtered,loss,-0.2025
2026-08-07T21:06:33.273Z,SOLUSDT,SELL,73.83,0,"[bearish-cross-9/21-5m] Memory blocked this entry (counterfactual): Ledger shows 90 real prior losses vs 24 wins on bearish-cross-9/21-5m (net -24.33%) and learnings.md warns about it — this signal repeats a known bad trade, so SKIP.",scan-filtered,loss,-0.0291
2026-08-07T21:26:45.361Z,BTCUSDT,BUY,64987.90,0,"[bullish-cross-9/21-5m] Memory blocked this entry (counterfactual): Ledger shows 102 real prior losses vs 18 wins on bullish-cross-9/21-5m (net -35.05%) and learnings.md warns about it — this signal repeats a known bad trade, so SKIP.",scan-filtered,loss,-0.3977
2026-08-07T22:07:32.357Z,ETHUSDT,BUY,1915.09,0,"[bullish-cross-9/21-5m] Memory blocked this entry (counterfactual): Ledger shows 96 real prior losses vs 23 wins on bullish-cross-9/21-5m (net -35.79%) and learnings.md warns about it — this signal repeats a known bad trade, so SKIP.",scan-filtered,loss,-0.2979
2026-08-07T22:12:34.644Z,BTCUSDT,SELL,64923.17,0,"[bearish-cross-9/21-5m] Memory blocked this entry (counterfactual): Ledger shows 110 real prior losses vs 17 wins on bearish-cross-9/21-5m (net -37.90%) and learnings.md warns about it — this signal repeats a known bad trade, so SKIP.",scan-filtered,loss,-0.2472
2026-08-07T22:47:55.977Z,ETHUSDT,SELL,1914.59,0,"[bearish-cross-9/21-5m] Memory blocked this entry (counterfactual): Ledger shows 102 real prior losses vs 26 wins on bearish-cross-9/21-5m (net -36.70%) and learnings.md warns about it — this signal repeats a known bad trade, so SKIP.",scan-filtered,loss,-0.3642
2026-08-08T00:26:40.731Z,SOLUSDT,SELL,73.63,0,"[bearish-cross-9/21-5m] Memory blocked this entry (counterfactual): Ledger shows 91 real prior losses vs 24 wins on bearish-cross-9/21-5m (net -24.36%) and learnings.md warns about it — this signal repeats a known bad trade, so SKIP.",scan-filtered,loss,-0.5445
2026-08-08T00:41:47.952Z,BTCUSDT,SELL,64896.76,0,"[bearish-cross-9/21-5m] Memory blocked this entry (counterfactual): Ledger shows 111 real prior losses vs 17 wins on bearish-cross-9/21-5m (net -38.15%) and learnings.md warns about it — this signal repeats a known bad trade, so SKIP.",scan-filtered,loss,-0.3558
2026-08-08T00:57:43.478Z,CRVUSDT,BUY,0.212900,9374.790532024,"[tsmom28-1d-state-long] Trailing 28-candle return is positive (3.50%) — state construction holds long while momentum is positive. || broker fill 0.213128981 qty 9374.790532024, slippage +20.2 bps vs decision mark 0.212700, signal-drift +10.8 bps vs signal close, order bot-CRVUSDT-1786147200000",alpaca-paper,open,
2026-08-08T01:07:00.477Z,BTCUSDT,BUY,64918.92,0,"[bullish-cross-9/21-5m] Memory blocked this entry (counterfactual): Ledger shows 103 real prior losses vs 18 wins on bullish-cross-9/21-5m (net -35.44%) and learnings.md warns about it — this signal repeats a known bad trade, so SKIP.",scan-filtered,loss,-0.3142
2026-08-08T01:07:00.989Z,SOLUSDT,BUY,73.71,0,"[bullish-cross-9/21-5m] Memory blocked this entry (counterfactual): Ledger shows 93 real prior losses vs 20 wins on bullish-cross-9/21-5m (net -33.30%) and learnings.md warns about it — this signal repeats a known bad trade, so SKIP.",scan-filtered,loss,-0.0422
2026-08-08T10:18:54.800Z,BTCUSDT,SELL,64996.77,0,"[bearish-cross-9/21-5m] Memory blocked this entry (counterfactual): Ledger shows 112 real prior losses vs 17 wins on bearish-cross-9/21-5m (net -38.51%) and learnings.md warns about it — this signal repeats a known bad trade, so SKIP.",scan-filtered,loss,-0.3339
2026-08-08T10:49:09.235Z,BTCUSDT,BUY,65010.01,0,"[bullish-cross-9/21-5m] Memory blocked this entry (counterfactual): Ledger shows 104 real prior losses vs 18 wins on bullish-cross-9/21-5m (net -35.76%) and learnings.md warns about it — this signal repeats a known bad trade, so SKIP.",scan-filtered,loss,-0.3615
2026-08-08T11:29:36.181Z,BTCUSDT,SELL,64978.98,0,"[bearish-cross-9/21-5m] Memory blocked this entry (counterfactual): Ledger shows 113 real prior losses vs 17 wins on bearish-cross-9/21-5m (net -38.84%) and learnings.md warns about it — this signal repeats a known bad trade, so SKIP.",scan-filtered,loss,-0.3128
2026-08-08T11:44:52.243Z,ETHUSDT,SELL,1919.54,0,"[bearish-cross-9/21-5m] Memory blocked this entry (counterfactual): Ledger shows 103 real prior losses vs 26 wins on bearish-cross-9/21-5m (net -37.06%) and learnings.md warns about it — this signal repeats a known bad trade, so SKIP.",scan-filtered,loss,-0.3276
2026-08-08T12:45:49.288Z,BTCUSDT,BUY,65005.82,0,"[bullish-cross-9/21-5m] Memory blocked this entry (counterfactual): Ledger shows 105 real prior losses vs 18 wins on bullish-cross-9/21-5m (net -36.12%) and learnings.md warns about it — this signal repeats a known bad trade, so SKIP.",scan-filtered,loss,-0.2962
2026-08-08T12:55:57.328Z,ETHUSDT,BUY,1920.57,0,"[bullish-cross-9/21-5m] Memory blocked this entry (counterfactual): Ledger shows 97 real prior losses vs 23 wins on bullish-cross-9/21-5m (net -36.09%) and learnings.md warns about it — this signal repeats a known bad trade, so SKIP.",scan-filtered,loss,-0.3500
2026-08-08T13:00:59.793Z,ETHUSDT,SELL,1919.19,0,"[bearish-cross-9/21-5m] Memory blocked this entry (counterfactual): Ledger shows 104 real prior losses vs 26 wins on bearish-cross-9/21-5m (net -37.39%) and learnings.md warns about it — this signal repeats a known bad trade, so SKIP.",scan-filtered,loss,-0.3422
2026-08-08T13:31:25.473Z,SOLUSDT,SELL,75.52,0,"[bearish-cross-9/21-5m] Memory blocked this entry (counterfactual): Ledger shows 92 real prior losses vs 24 wins on bearish-cross-9/21-5m (net -24.90%) and learnings.md warns about it — this signal repeats a known bad trade, so SKIP.",scan-filtered,loss,-0.6708
2026-08-08T13:56:54.168Z,SOLUSDT,BUY,75.50,0,"[bullish-cross-9/21-5m] Memory blocked this entry (counterfactual): Ledger shows 94 real prior losses vs 20 wins on bullish-cross-9/21-5m (net -33.34%) and learnings.md warns about it — this signal repeats a known bad trade, so SKIP.",scan-filtered,win,0.8523
2026-08-08T15:42:07.278Z,BTCUSDT,SELL,65067.51,0,"[bearish-cross-9/21-5m] Memory blocked this entry (counterfactual): Ledger shows 114 real prior losses vs 17 wins on bearish-cross-9/21-5m (net -39.15%) and learnings.md warns about it — this signal repeats a known bad trade, so SKIP.",scan-filtered,loss,-0.2661
2026-08-08T15:47:09.988Z,ETHUSDT,SELL,1922.12,0,"[bearish-cross-9/21-5m] Memory blocked this entry (counterfactual): Ledger shows 105 real prior losses vs 26 wins on bearish-cross-9/21-5m (net -37.73%) and learnings.md warns about it — this signal repeats a known bad trade, so SKIP.",scan-filtered,loss,-0.2917
2026-08-08T16:27:47.152Z,SOLUSDT,SELL,76.28,0,"[bearish-cross-9/21-5m] Memory blocked this entry (counterfactual): Ledger shows 93 real prior losses vs 24 wins on bearish-cross-9/21-5m (net -25.57%) and learnings.md warns about it — this signal repeats a known bad trade, so SKIP.",scan-filtered,loss,-0.3655
2026-08-08T17:23:14.749Z,BTCUSDT,BUY,65110.54,0,"[bullish-cross-9/21-5m] Memory blocked this entry (counterfactual): Ledger shows 106 real prior losses vs 18 wins on bullish-cross-9/21-5m (net -36.42%) and learnings.md warns about it — this signal repeats a known bad trade, so SKIP.",scan-filtered,loss,-0.3582
2026-08-08T17:33:20.625Z,ETHUSDT,BUY,1924.05,0,"[bullish-cross-9/21-5m] Memory blocked this entry (counterfactual): Ledger shows 98 real prior losses vs 23 wins on bullish-cross-9/21-5m (net -36.44%) and learnings.md warns about it — this signal repeats a known bad trade, so SKIP.",scan-filtered,loss,-0.4736
2026-08-08T17:33:20.854Z,SOLUSDT,BUY,76.45,0,"[bullish-cross-9/21-5m] Memory blocked this entry (counterfactual): Ledger shows 94 real prior losses vs 21 wins on bullish-cross-9/21-5m (net -32.49%) and learnings.md warns about it — this signal repeats a known bad trade, so SKIP.",scan-filtered,loss,-0.7709
2026-08-08T18:23:47.421Z,SOLUSDT,SELL,76.19,0,"[bearish-cross-9/21-5m] Memory blocked this entry (counterfactual): Ledger shows 94 real prior losses vs 24 wins on bearish-cross-9/21-5m (net -25.94%) and learnings.md warns about it — this signal repeats a known bad trade, so SKIP.",scan-filtered,loss,-0.1162
2026-08-08T18:28:49.844Z,ETHUSDT,SELL,1919.78,0,"[bearish-cross-9/21-5m] Memory blocked this entry (counterfactual): Ledger shows 106 real prior losses vs 26 wins on bearish-cross-9/21-5m (net -38.02%) and learnings.md warns about it — this signal repeats a known bad trade, so SKIP.",scan-filtered,loss,-0.3583
2026-08-08T18:33:52.629Z,BTCUSDT,SELL,65038.20,0,"[bearish-cross-9/21-5m] Memory blocked this entry (counterfactual): Ledger shows 115 real prior losses vs 17 wins on bearish-cross-9/21-5m (net -39.42%) and learnings.md warns about it — this signal repeats a known bad trade, so SKIP.",scan-filtered,loss,-0.2705
2026-08-08T20:09:43.134Z,BTCUSDT,BUY,65075.99,0,"[bullish-cross-9/21-5m] Memory blocked this entry (counterfactual): Ledger shows 107 real prior losses vs 18 wins on bullish-cross-9/21-5m (net -36.77%) and learnings.md warns about it — this signal repeats a known bad trade, so SKIP.",scan-filtered,loss,-0.2949
2026-08-08T20:14:45.971Z,SOLUSDT,BUY,76.22,0,"[bullish-cross-9/21-5m] Memory blocked this entry (counterfactual): Ledger shows 95 real prior losses vs 21 wins on bullish-cross-9/21-5m (net -33.26%) and learnings.md warns about it — this signal repeats a known bad trade, so SKIP.",scan-filtered,loss,-0.1688
2026-08-08T20:55:04.865Z,ETHUSDT,BUY,1920.39,0,"[bullish-cross-9/21-5m] Memory blocked this entry (counterfactual): Ledger shows 99 real prior losses vs 23 wins on bullish-cross-9/21-5m (net -36.91%) and learnings.md warns about it — this signal repeats a known bad trade, so SKIP.",scan-filtered,loss,-0.2583
2026-08-08T22:10:58.224Z,SOLUSDT,SELL,76.21,0,"[bearish-cross-9/21-5m] Memory blocked this entry (counterfactual): Ledger shows 95 real prior losses vs 24 wins on bearish-cross-9/21-5m (net -26.05%) and learnings.md warns about it — this signal repeats a known bad trade, so SKIP.",scan-filtered,win,0.1593
2026-08-08T22:31:08.190Z,ETHUSDT,SELL,1920.63,0,"[bearish-cross-9/21-5m] Memory blocked this entry (counterfactual): Ledger shows 107 real prior losses vs 26 wins on bearish-cross-9/21-5m (net -38.38%) and learnings.md warns about it — this signal repeats a known bad trade, so SKIP.",scan-filtered,loss,-0.1063
2026-08-09T02:45:29.107Z,SOLUSDT,BUY,75.90,0,"[bullish-cross-9/21-5m] Memory blocked this entry (counterfactual): Ledger shows 96 real prior losses vs 21 wins on bullish-cross-9/21-5m (net -33.43%) and learnings.md warns about it — this signal repeats a known bad trade, so SKIP.",scan-filtered,loss,-0.1946
2026-08-09T03:15:44.102Z,SOLUSDT,SELL,75.79,0,"[bearish-cross-9/21-5m] Memory blocked this entry (counterfactual): Ledger shows 95 real prior losses vs 25 wins on bearish-cross-9/21-5m (net -25.90%) and learnings.md warns about it — this signal repeats a known bad trade, so SKIP.",scan-filtered,loss,-0.7090
2026-08-09T03:40:57.924Z,SOLUSDT,BUY,76.04,0,"[bullish-cross-9/21-5m] Memory blocked this entry (counterfactual): Ledger shows 96 real prior losses vs 21 wins on bullish-cross-9/21-5m (net -33.43%) and learnings.md warns about it — this signal repeats a known bad trade, so SKIP.",scan-filtered,loss,-0.3132
2026-08-09T04:16:16.273Z,BTCUSDT,BUY,64816.85,0,"[bullish-cross-9/21-5m] Memory blocked this entry (counterfactual): Ledger shows 108 real prior losses vs 18 wins on bullish-cross-9/21-5m (net -37.07%) and learnings.md warns about it — this signal repeats a known bad trade, so SKIP.",scan-filtered,loss,-0.3471
2026-08-09T04:21:18.923Z,ETHUSDT,BUY,1914.54,0,"[bullish-cross-9/21-5m] Memory blocked this entry (counterfactual): Ledger shows 100 real prior losses vs 23 wins on bullish-cross-9/21-5m (net -37.17%) and learnings.md warns about it — this signal repeats a known bad trade, so SKIP.",scan-filtered,loss,-0.2927
2026-08-09T05:43:27.893Z,ETHUSDT,BUY,1914.26,0,"[bullish-cross-9/21-5m] Memory blocked this entry (counterfactual): Ledger shows 101 real prior losses vs 23 wins on bullish-cross-9/21-5m (net -37.46%) and learnings.md warns about it — this signal repeats a known bad trade, so SKIP.",scan-filtered,loss,-0.1172
2026-08-09T06:18:45.691Z,BTCUSDT,BUY,64815.45,0,"[bullish-cross-9/21-5m] Memory blocked this entry (counterfactual): Ledger shows 109 real prior losses vs 18 wins on bullish-cross-9/21-5m (net -37.42%) and learnings.md warns about it — this signal repeats a known bad trade, so SKIP.",scan-filtered,loss,-0.2412
2026-08-09T06:28:50.969Z,SOLUSDT,BUY,76.18,0,"[bullish-cross-9/21-5m] Memory blocked this entry (counterfactual): Ledger shows 98 real prior losses vs 21 wins on bullish-cross-9/21-5m (net -33.94%) and learnings.md warns about it — this signal repeats a known bad trade, so SKIP.",scan-filtered,loss,-0.0768
2026-08-09T08:01:20.469Z,ETHUSDT,SELL,1918.97,0,"[bearish-cross-9/21-5m] Memory blocked this entry (counterfactual): Ledger shows 108 real prior losses vs 26 wins on bearish-cross-9/21-5m (net -38.49%) and learnings.md warns about it — this signal repeats a known bad trade, so SKIP.",scan-filtered,loss,-0.1421
2026-08-09T08:01:20.701Z,SOLUSDT,SELL,76.36,0,"[bearish-cross-9/21-5m] Memory blocked this entry (counterfactual): Ledger shows 96 real prior losses vs 25 wins on bearish-cross-9/21-5m (net -26.60%) and learnings.md warns about it — this signal repeats a known bad trade, so SKIP.",scan-filtered,loss,-0.2476
2026-08-09T08:06:23.170Z,ETHUSDT,BUY,1924.20,0,"[bullish-cross-9/21-5m] Memory blocked this entry (counterfactual): Ledger shows 102 real prior losses vs 23 wins on bullish-cross-9/21-5m (net -37.58%) and learnings.md warns about it — this signal repeats a known bad trade, so SKIP.",scan-filtered,loss,-0.7017
2026-08-09T08:16:28.061Z,BTCUSDT,BUY,64922.67,0,"[bullish-cross-9/21-5m] Memory blocked this entry (counterfactual): Ledger shows 110 real prior losses vs 18 wins on bullish-cross-9/21-5m (net -37.66%) and learnings.md warns about it — this signal repeats a known bad trade, so SKIP.",scan-filtered,loss,-0.4517
2026-08-09T08:26:33.435Z,SOLUSDT,BUY,76.38,0,"[bullish-cross-9/21-5m] Memory blocked this entry (counterfactual): Ledger shows 99 real prior losses vs 21 wins on bullish-cross-9/21-5m (net -34.01%) and learnings.md warns about it — this signal repeats a known bad trade, so SKIP.",scan-filtered,loss,-0.3916
2026-08-09T08:56:48.928Z,SOLUSDT,SELL,76.28,0,"[bearish-cross-9/21-5m] Memory blocked this entry (counterfactual): Ledger shows 96 real prior losses vs 25 wins on bearish-cross-9/21-5m (net -26.60%) and learnings.md warns about it — this signal repeats a known bad trade, so SKIP.",scan-filtered,loss,-0.5229
2026-08-09T09:39:17.211Z,SOLUSDT,BUY,76.42,0,"[bullish-cross-9/21-5m] Memory blocked this entry (counterfactual): Ledger shows 100 real prior losses vs 21 wins on bullish-cross-9/21-5m (net -34.40%) and learnings.md warns about it — this signal repeats a known bad trade, so SKIP.",scan-filtered,loss,-0.2215
2026-08-09T10:09:33.216Z,ETHUSDT,BUY,1921.63,0,"[bullish-cross-9/21-5m] Memory blocked this entry (counterfactual): Ledger shows 103 real prior losses vs 23 wins on bullish-cross-9/21-5m (net -38.28%) and learnings.md warns about it — this signal repeats a known bad trade, so SKIP.",scan-filtered,loss,-0.3619
2026-08-09T10:14:35.779Z,BTCUSDT,BUY,64902.18,0,"[bullish-cross-9/21-5m] Memory blocked this entry (counterfactual): Ledger shows 111 real prior losses vs 18 wins on bullish-cross-9/21-5m (net -38.11%) and learnings.md warns about it — this signal repeats a known bad trade, so SKIP.",scan-filtered,loss,-0.1908
2026-08-09T11:35:12.294Z,ETHUSDT,SELL,1920.60,0,"[bearish-cross-9/21-5m] Memory blocked this entry (counterfactual): Ledger shows 109 real prior losses vs 26 wins on bearish-cross-9/21-5m (net -38.63%) and learnings.md warns about it — this signal repeats a known bad trade, so SKIP.",scan-filtered,loss,-0.1677
2026-08-09T12:14:29.392Z,BTCUSDT,SELL,64929.37,0,"[bearish-cross-9/21-5m] Memory blocked this entry (counterfactual): Ledger shows 116 real prior losses vs 17 wins on bearish-cross-9/21-5m (net -39.69%) and learnings.md warns about it — this signal repeats a known bad trade, so SKIP.",scan-filtered,loss,-0.4363
2026-08-09T13:10:43.394Z,BTCUSDT,BUY,65017.90,0,"[bullish-cross-9/21-5m] Memory blocked this entry (counterfactual): Ledger shows 112 real prior losses vs 18 wins on bullish-cross-9/21-5m (net -38.30%) and learnings.md warns about it — this signal repeats a known bad trade, so SKIP.",scan-filtered,win,0.0236
2026-08-09T13:20:48.370Z,ETHUSDT,BUY,1923.49,0,"[bullish-cross-9/21-5m] Memory blocked this entry (counterfactual): Ledger shows 104 real prior losses vs 23 wins on bullish-cross-9/21-5m (net -38.64%) and learnings.md warns about it — this signal repeats a known bad trade, so SKIP.",scan-filtered,loss,-0.2568
2026-08-09T13:25:51.144Z,SOLUSDT,BUY,76.71,0,"[bullish-cross-9/21-5m] Memory blocked this entry (counterfactual): Ledger shows 101 real prior losses vs 21 wins on bullish-cross-9/21-5m (net -34.63%) and learnings.md warns about it — this signal repeats a known bad trade, so SKIP.",scan-filtered,loss,-0.4434
2026-08-09T16:32:28.405Z,BTCUSDT,SELL,65195.71,0,"[bearish-cross-9/21-5m] Memory blocked this entry (counterfactual): Ledger shows 117 real prior losses vs 17 wins on bearish-cross-9/21-5m (net -40.13%) and learnings.md warns about it — this signal repeats a known bad trade, so SKIP.",scan-filtered,loss,-0.3666
2026-08-09T16:32:28.708Z,ETHUSDT,SELL,1922.40,0,"[bearish-cross-9/21-5m] Memory blocked this entry (counterfactual): Ledger shows 110 real prior losses vs 26 wins on bearish-cross-9/21-5m (net -38.80%) and learnings.md warns about it — this signal repeats a known bad trade, so SKIP.",scan-filtered,loss,-0.4124
2026-08-09T17:17:55.927Z,BTCUSDT,BUY,65222.00,0,"[bullish-cross-9/21-5m] Memory blocked this entry (counterfactual): Ledger shows 112 real prior losses vs 19 wins on bullish-cross-9/21-5m (net -38.28%) and learnings.md warns about it — this signal repeats a known bad trade, so SKIP.",scan-filtered,loss,-0.3284
2026-08-09T17:38:06.379Z,BTCUSDT,SELL,65229.22,0,"[bearish-cross-9/21-5m] Memory blocked this entry (counterfactual): Ledger shows 118 real prior losses vs 17 wins on bearish-cross-9/21-5m (net -40.49%) and learnings.md warns about it — this signal repeats a known bad trade, so SKIP.",scan-filtered,loss,-0.2858
2026-08-09T17:38:06.877Z,SOLUSDT,SELL,77.20,0,"[bearish-cross-9/21-5m] Memory blocked this entry (counterfactual): Ledger shows 98 real prior losses vs 25 wins on bearish-cross-9/21-5m (net -27.37%) and learnings.md warns about it — this signal repeats a known bad trade, so SKIP.",scan-filtered,loss,-0.2741
2026-08-09T17:58:16.304Z,ETHUSDT,BUY,1923.12,0,"[bullish-cross-9/21-5m] Memory blocked this entry (counterfactual): Ledger shows 105 real prior losses vs 23 wins on bullish-cross-9/21-5m (net -38.90%) and learnings.md warns about it — this signal repeats a known bad trade, so SKIP.",scan-filtered,loss,-0.3749
2026-08-09T18:03:18.935Z,ETHUSDT,SELL,1923.11,0,"[bearish-cross-9/21-5m] Memory blocked this entry (counterfactual): Ledger shows 111 real prior losses vs 26 wins on bearish-cross-9/21-5m (net -39.21%) and learnings.md warns about it — this signal repeats a known bad trade, so SKIP.",scan-filtered,loss,-0.2173
2026-08-09T19:29:07.003Z,SOLUSDT,BUY,77.25,0,"[bullish-cross-9/21-5m] Memory blocked this entry (counterfactual): Ledger shows 102 real prior losses vs 21 wins on bullish-cross-9/21-5m (net -35.07%) and learnings.md warns about it — this signal repeats a known bad trade, so SKIP.",scan-filtered,loss,-0.4294
2026-08-09T19:49:17.287Z,ETHUSDT,BUY,1922.44,0,"[bullish-cross-9/21-5m] Memory blocked this entry (counterfactual): Ledger shows 106 real prior losses vs 23 wins on bullish-cross-9/21-5m (net -39.28%) and learnings.md warns about it — this signal repeats a known bad trade, so SKIP.",scan-filtered,loss,-0.4113
2026-08-09T20:24:36.244Z,ETHUSDT,SELL,1919.35,0,"[bearish-cross-9/21-5m] Memory blocked this entry (counterfactual): Ledger shows 112 real prior losses vs 26 wins on bearish-cross-9/21-5m (net -39.43%) and learnings.md warns about it — this signal repeats a known bad trade, so SKIP.",scan-filtered,loss,-0.4042
2026-08-09T20:29:39.196Z,SOLUSDT,SELL,77.15,0,"[bearish-cross-9/21-5m] Memory blocked this entry (counterfactual): Ledger shows 99 real prior losses vs 25 wins on bearish-cross-9/21-5m (net -27.65%) and learnings.md warns about it — this signal repeats a known bad trade, so SKIP.",scan-filtered,loss,-0.4815
2026-08-09T21:10:02.531Z,SOLUSDT,BUY,77.16,0,"[bullish-cross-9/21-5m] Memory blocked this entry (counterfactual): Ledger shows 103 real prior losses vs 21 wins on bullish-cross-9/21-5m (net -35.50%) and learnings.md warns about it — this signal repeats a known bad trade, so SKIP.",scan-filtered,win,0.1406
2026-08-09T21:30:14.294Z,ETHUSDT,BUY,1924.27,0,"[bullish-cross-9/21-5m] Memory blocked this entry (counterfactual): Ledger shows 107 real prior losses vs 23 wins on bullish-cross-9/21-5m (net -39.69%) and learnings.md warns about it — this signal repeats a known bad trade, so SKIP.",scan-filtered,loss,-0.0225
2026-08-09T21:40:19.696Z,BTCUSDT,BUY,65236.70,0,"[bullish-cross-9/21-5m] Memory blocked this entry (counterfactual): Ledger shows 113 real prior losses vs 19 wins on bullish-cross-9/21-5m (net -38.60%) and learnings.md warns about it — this signal repeats a known bad trade, so SKIP.",scan-filtered,loss,-0.6780
2026-08-09T22:50:59.743Z,SOLUSDT,SELL,76.90,0,"[bearish-cross-9/21-5m] Memory blocked this entry (counterfactual): Ledger shows 100 real prior losses vs 25 wins on bearish-cross-9/21-5m (net -28.13%) and learnings.md warns about it — this signal repeats a known bad trade, so SKIP.",scan-filtered,win,0.4022
2026-08-09T22:56:02.034Z,BTCUSDT,SELL,65057.70,0,"[bearish-cross-9/21-5m] Memory blocked this entry (counterfactual): Ledger shows 119 real prior losses vs 17 wins on bearish-cross-9/21-5m (net -40.78%) and learnings.md warns about it — this signal repeats a known bad trade, so SKIP.",scan-filtered,loss,-0.0282
2026-08-09T23:01:05.393Z,ETHUSDT,SELL,1919.55,0,"[bearish-cross-9/21-5m] Memory blocked this entry (counterfactual): Ledger shows 113 real prior losses vs 26 wins on bearish-cross-9/21-5m (net -39.83%) and learnings.md warns about it — this signal repeats a known bad trade, so SKIP.",scan-filtered,win,0.1637
2026-08-10T00:31:55.435Z,BTCUSDT,BUY,65006.01,0,"[bullish-cross-9/21-5m] Memory blocked this entry (counterfactual): Ledger shows 114 real prior losses vs 19 wins on bullish-cross-9/21-5m (net -39.28%) and learnings.md warns about it — this signal repeats a known bad trade, so SKIP.",scan-filtered,loss,-0.2969
2026-08-10T00:39:56.747Z,AVAXUSDT,BUY,6.42100,309.006345291,"[tsmom28-1d-state-long] Trailing 28-candle return is positive (0.22%) — state construction holds long while momentum is positive. || broker fill 6.448130319 qty 309.006345291, slippage -7.5 bps vs decision mark 6.45300, signal-drift +42.3 bps vs signal close, order bot-AVAXUSDT-1786320000000",alpaca-paper,open,
2026-08-10T00:47:03.831Z,ETHUSDT,BUY,1907.08,0,"[bullish-cross-9/21-5m] Memory blocked this entry (counterfactual): Ledger shows 108 real prior losses vs 23 wins on bullish-cross-9/21-5m (net -39.71%) and learnings.md warns about it — this signal repeats a known bad trade, so SKIP.",scan-filtered,win,0.1326
2026-08-10T00:47:04.122Z,SOLUSDT,BUY,76.35,0,"[bullish-cross-9/21-5m] Memory blocked this entry (counterfactual): Ledger shows 103 real prior losses vs 22 wins on bullish-cross-9/21-5m (net -35.36%) and learnings.md warns about it — this signal repeats a known bad trade, so SKIP.",scan-filtered,win,0.0143
2026-08-10T01:02:12.151Z,ETHUSDT,SELL,1912.78,0,"[bearish-cross-9/21-5m] Memory blocked this entry (counterfactual): Ledger shows 113 real prior losses vs 27 wins on bearish-cross-9/21-5m (net -39.67%) and learnings.md warns about it — this signal repeats a known bad trade, so SKIP.",scan-filtered,loss,-0.9509
2026-08-10T01:17:20.592Z,BTCUSDT,SELL,65001.38,0,"[bearish-cross-9/21-5m] Memory blocked this entry (counterfactual): Ledger shows 120 real prior losses vs 17 wins on bearish-cross-9/21-5m (net -40.81%) and learnings.md warns about it — this signal repeats a known bad trade, so SKIP.",scan-filtered,loss,-0.4569
2026-08-10T01:27:26.269Z,BTCUSDT,BUY,65042.00,0,"[bullish-cross-9/21-5m] Memory blocked this entry (counterfactual): Ledger shows 114 real prior losses vs 19 wins on bullish-cross-9/21-5m (net -39.28%) and learnings.md warns about it — this signal repeats a known bad trade, so SKIP.",scan-filtered,loss,-0.4653
2026-08-10T01:32:29.454Z,ETHUSDT,BUY,1915.17,0,"[bullish-cross-9/21-5m] Memory blocked this entry (counterfactual): Ledger shows 108 real prior losses vs 23 wins on bullish-cross-9/21-5m (net -39.71%) and learnings.md warns about it — this signal repeats a known bad trade, so SKIP.",scan-filtered,loss,-0.2838
2026-08-10T02:45:16.624Z,BTCUSDT,SELL,65200.48,0,"[bearish-cross-9/21-5m] Memory blocked this entry (counterfactual): Ledger shows 121 real prior losses vs 17 wins on bearish-cross-9/21-5m (net -41.26%) and learnings.md warns about it — this signal repeats a known bad trade, so SKIP.",scan-filtered,loss,-0.0306
2026-08-10T03:02:25.787Z,ETHUSDT,SELL,1923.52,0,"[bearish-cross-9/21-5m] Memory blocked this entry (counterfactual): Ledger shows 114 real prior losses vs 27 wins on bearish-cross-9/21-5m (net -40.62%) and learnings.md warns about it — this signal repeats a known bad trade, so SKIP.",scan-filtered,win,0.0161
2026-08-10T03:07:28.360Z,ETHUSDT,BUY,1923.17,0,"[bullish-cross-9/21-5m] Memory blocked this entry (counterfactual): Ledger shows 109 real prior losses vs 24 wins on bullish-cross-9/21-5m (net -39.86%) and learnings.md warns about it — this signal repeats a known bad trade, so SKIP.",scan-filtered,loss,-0.4955
2026-08-10T03:12:30.957Z,BTCUSDT,BUY,65073.67,0,"[bullish-cross-9/21-5m] Memory blocked this entry (counterfactual): Ledger shows 116 real prior losses vs 19 wins on bullish-cross-9/21-5m (net -40.04%) and learnings.md warns about it — this signal repeats a known bad trade, so SKIP.",scan-filtered,loss,-0.3451
2026-08-10T03:12:31.657Z,SOLUSDT,BUY,76.77,0,"[bullish-cross-9/21-5m] Memory blocked this entry (counterfactual): Ledger shows 103 real prior losses vs 23 wins on bullish-cross-9/21-5m (net -35.34%) and learnings.md warns about it — this signal repeats a known bad trade, so SKIP.",scan-filtered,loss,-0.4433
2026-08-10T03:32:42.093Z,BTCUSDT,SELL,65028.95,0,"[bearish-cross-9/21-5m] Memory blocked this entry (counterfactual): Ledger shows 121 real prior losses vs 17 wins on bearish-cross-9/21-5m (net -41.26%) and learnings.md warns about it — this signal repeats a known bad trade, so SKIP.",scan-filtered,loss,-0.2948
2026-08-10T03:52:52.867Z,BTCUSDT,BUY,65050.73,0,"[bullish-cross-9/21-5m] Memory blocked this entry (counterfactual): Ledger shows 116 real prior losses vs 19 wins on bullish-cross-9/21-5m (net -40.04%) and learnings.md warns about it — this signal repeats a known bad trade, so SKIP.",scan-filtered,loss,-0.3319
2026-08-10T03:52:53.099Z,ETHUSDT,SELL,1920.03,0,"[bearish-cross-9/21-5m] Memory blocked this entry (counterfactual): Ledger shows 114 real prior losses vs 27 wins on bearish-cross-9/21-5m (net -40.62%) and learnings.md warns about it — this signal repeats a known bad trade, so SKIP.",scan-filtered,loss,-0.1479
2026-08-10T03:57:55.371Z,BTCUSDT,SELL,64988.01,0,"[bearish-cross-9/21-5m] Memory blocked this entry (counterfactual): Ledger shows 122 real prior losses vs 17 wins on bearish-cross-9/21-5m (net -41.30%) and learnings.md warns about it — this signal repeats a known bad trade, so SKIP.",scan-filtered,loss,-0.3585
2026-08-10T04:02:58.393Z,BTCUSDT,BUY,64982.01,0,"[bullish-cross-9/21-5m] Memory blocked this entry (counterfactual): Ledger shows 116 real prior losses vs 19 wins on bullish-cross-9/21-5m (net -40.04%) and learnings.md warns about it — this signal repeats a known bad trade, so SKIP.",scan-filtered,loss,-0.2620
2026-08-10T05:45:42.704Z,BTCUSDT,BUY,65083.59,0,"[bullish-cross-9/21-5m] Memory blocked this entry (counterfactual): Ledger shows 119 real prior losses vs 19 wins on bullish-cross-9/21-5m (net -40.98%) and learnings.md warns about it — this signal repeats a known bad trade, so SKIP.",scan-filtered,loss,-0.0510
2026-08-10T05:45:43.007Z,ETHUSDT,BUY,1921.41,0,"[bullish-cross-9/21-5m] Memory blocked this entry (counterfactual): Ledger shows 110 real prior losses vs 24 wins on bullish-cross-9/21-5m (net -40.36%) and learnings.md warns about it — this signal repeats a known bad trade, so SKIP.",scan-filtered,win,0.0170
2026-08-10T08:17:29.529Z,ETHUSDT,SELL,1927.32,0,"[bearish-cross-9/21-5m] Memory blocked this entry (counterfactual): Ledger shows 115 real prior losses vs 28 wins on bearish-cross-9/21-5m (net -40.75%) and learnings.md warns about it — this signal repeats a known bad trade, so SKIP.",scan-filtered,loss,-0.2585
2026-08-10T08:22:32.329Z,BTCUSDT,SELL,65279.29,0,"[bearish-cross-9/21-5m] Memory blocked this entry (counterfactual): Ledger shows 124 real prior losses vs 17 wins on bearish-cross-9/21-5m (net -41.95%) and learnings.md warns about it — this signal repeats a known bad trade, so SKIP.",scan-filtered,loss,-0.1823
2026-08-10T08:47:46.405Z,SOLUSDT,SELL,76.84,0,"[bearish-cross-9/21-5m] Memory blocked this entry (counterfactual): Ledger shows 100 real prior losses vs 26 wins on bearish-cross-9/21-5m (net -27.73%) and learnings.md warns about it — this signal repeats a known bad trade, so SKIP.",scan-filtered,loss,-0.1699
2026-08-10T11:09:31.028Z,SOLUSDT,BUY,76.72,0,"[bullish-cross-9/21-5m] Memory blocked this entry (counterfactual): Ledger shows 104 real prior losses vs 23 wins on bullish-cross-9/21-5m (net -35.79%) and learnings.md warns about it — this signal repeats a known bad trade, so SKIP.",scan-filtered,win,0.0910
2026-08-10T11:29:41.065Z,BTCUSDT,BUY,65049.00,0,"[bullish-cross-9/21-5m] Memory blocked this entry (counterfactual): Ledger shows 120 real prior losses vs 19 wins on bullish-cross-9/21-5m (net -41.03%) and learnings.md warns about it — this signal repeats a known bad trade, so SKIP.",scan-filtered,loss,-0.2506
2026-08-10T11:54:53.563Z,ETHUSDT,BUY,1918.82,0,"[bullish-cross-9/21-5m] Memory blocked this entry (counterfactual): Ledger shows 110 real prior losses vs 25 wins on bullish-cross-9/21-5m (net -40.34%) and learnings.md warns about it — this signal repeats a known bad trade, so SKIP.",scan-filtered,loss,-0.6387
2026-08-10T14:29:43.403Z,QQQ,SELL,723.57,2,"[actual:tsmom28-1d-state-long] Exit: momentum flipped non-positive (-0.15%) — state exit; entry fill 722.07; ACTUAL round-trip P&L from real paper fills, gross of Alpaca fees (~50 bps RT taker at this tier).",alpaca-paper-exit,win,0.2070
2026-08-10T14:29:56.393Z,COST,BUY,947.73,2,"[tsmom28-1d-state-long] Trailing 28-candle return is positive (0.15%) — state construction holds long while momentum is positive. || broker fill 943 qty 2, slippage +10.9 bps vs decision mark 941.97, signal-drift -49.9 bps vs signal close, order bot-COST-1786147200000",alpaca-paper,open,
2026-08-10T14:40:55.964Z,SOLUSDT,BUY,76.52,0,"[bullish-cross-9/21-5m] Memory blocked this entry (counterfactual): Ledger shows 104 real prior losses vs 24 wins on bullish-cross-9/21-5m (net -35.70%) and learnings.md warns about it — this signal repeats a known bad trade, so SKIP.",scan-filtered,loss,-1.0972
2026-08-10T14:51:01.477Z,BTCUSDT,BUY,64785.54,0,"[bullish-cross-9/21-5m] Memory blocked this entry (counterfactual): Ledger shows 121 real prior losses vs 19 wins on bullish-cross-9/21-5m (net -41.28%) and learnings.md warns about it — this signal repeats a known bad trade, so SKIP.",scan-filtered,loss,-1.1505
2026-08-10T15:06:11.624Z,SOLUSDT,SELL,76.33,0,"[bearish-cross-9/21-5m] Memory blocked this entry (counterfactual): Ledger shows 101 real prior losses vs 26 wins on bearish-cross-9/21-5m (net -27.90%) and learnings.md warns about it — this signal repeats a known bad trade, so SKIP.",scan-filtered,win,0.0406
2026-08-10T15:21:20.103Z,BTCUSDT,SELL,64519.02,0,"[bearish-cross-9/21-5m] Memory blocked this entry (counterfactual): Ledger shows 125 real prior losses vs 17 wins on bearish-cross-9/21-5m (net -42.13%) and learnings.md warns about it — this signal repeats a known bad trade, so SKIP.",scan-filtered,win,0.3713
2026-08-10T15:21:21.041Z,QQQ,SELL,722.33,0,"[bearish-cross-9/21-5m] Memory blocked this entry (counterfactual): Ledger shows 7 real prior losses vs 0 wins on bearish-cross-9/21-5m (net -3.84%) and learnings.md warns about it — this signal repeats a known bad trade, so SKIP.",scan-filtered,loss,-0.3595
2026-08-10T15:31:26.068Z,SPY,SELL,773.74,0,"[bearish-cross-9/21-5m] Memory blocked this entry (counterfactual): Ledger shows 5 real prior losses vs 0 wins on bearish-cross-9/21-5m (net -1.27%) and learnings.md warns about it — this signal repeats a known bad trade, so SKIP.",scan-filtered,loss,-0.2522
2026-08-10T16:52:55.852Z,QQQ,SELL,721.47,0,"[bearish-cross-9/21-5m] Memory blocked this entry (counterfactual): Ledger shows 8 real prior losses vs 0 wins on bearish-cross-9/21-5m (net -4.20%) and learnings.md warns about it — this signal repeats a known bad trade, so SKIP.",scan-filtered,loss,-0.2667
2026-08-10T17:43:21.389Z,SOLUSDT,BUY,76.06,0,"[bullish-cross-9/21-5m] Memory blocked this entry (counterfactual): Ledger shows 105 real prior losses vs 24 wins on bullish-cross-9/21-5m (net -36.79%) and learnings.md warns about it — this signal repeats a known bad trade, so SKIP.",scan-filtered,loss,-0.6681
2026-08-10T17:53:26.336Z,ETHUSDT,BUY,1874.44,0,"[bullish-cross-9/21-5m] Memory blocked this entry (counterfactual): Ledger shows 111 real prior losses vs 25 wins on bullish-cross-9/21-5m (net -40.98%) and learnings.md warns about it — this signal repeats a known bad trade, so SKIP.",scan-filtered,loss,-0.3939
2026-08-10T18:13:49.967Z,SPY,BUY,772.93,0,"[bullish-cross-9/21-5m] Memory blocked this entry (counterfactual): Ledger shows 8 real prior losses vs 3 wins on bullish-cross-9/21-5m (net -1.85%) and learnings.md warns about it — this signal repeats a known bad trade, so SKIP.",scan-filtered,loss,-0.2411
2026-08-10T18:23:54.978Z,SPY,SELL,772.58,0,"[bearish-cross-9/21-5m] Memory blocked this entry (counterfactual): Ledger shows 6 real prior losses vs 0 wins on bearish-cross-9/21-5m (net -1.53%) and learnings.md warns about it — this signal repeats a known bad trade, so SKIP.",scan-filtered,loss,-0.3938
2026-08-10T18:28:56.598Z,BTCUSDT,BUY,63990.00,0,"[bullish-cross-9/21-5m] Memory blocked this entry (counterfactual): Ledger shows 122 real prior losses vs 19 wins on bullish-cross-9/21-5m (net -42.44%) and learnings.md warns about it — this signal repeats a known bad trade, so SKIP.",scan-filtered,loss,-0.2908
2026-08-10T18:33:59.255Z,ETHUSDT,SELL,1872.07,0,"[bearish-cross-9/21-5m] Memory blocked this entry (counterfactual): Ledger shows 116 real prior losses vs 28 wins on bearish-cross-9/21-5m (net -41.01%) and learnings.md warns about it — this signal repeats a known bad trade, so SKIP.",scan-filtered,loss,-0.6429
2026-08-10T18:44:05.179Z,BTCUSDT,SELL,63827.06,0,"[bearish-cross-9/21-5m] Memory blocked this entry (counterfactual): Ledger shows 125 real prior losses vs 18 wins on bearish-cross-9/21-5m (net -41.76%) and learnings.md warns about it — this signal repeats a known bad trade, so SKIP.",scan-filtered,loss,-0.5073
2026-08-10T18:49:08.352Z,SOLUSDT,SELL,75.85,0,"[bearish-cross-9/21-5m] Memory blocked this entry (counterfactual): Ledger shows 101 real prior losses vs 27 wins on bearish-cross-9/21-5m (net -27.86%) and learnings.md warns about it — this signal repeats a known bad trade, so SKIP.",scan-filtered,loss,-0.8010
2026-08-10T21:46:11.640Z,BTCUSDT,SELL,64040.81,0,"[bearish-cross-9/21-5m] Memory blocked this entry (counterfactual): Ledger shows 126 real prior losses vs 18 wins on bearish-cross-9/21-5m (net -42.27%) and learnings.md warns about it — this signal repeats a known bad trade, so SKIP.",scan-filtered,loss,-0.2144
2026-08-10T22:01:18.178Z,SOLUSDT,SELL,76.30,0,"[bearish-cross-9/21-5m] Memory blocked this entry (counterfactual): Ledger shows 102 real prior losses vs 27 wins on bearish-cross-9/21-5m (net -28.66%) and learnings.md warns about it — this signal repeats a known bad trade, so SKIP.",scan-filtered,loss,-0.1820
2026-08-11T00:16:10.383Z,AVAXUSDT,SELL,6.45250,308.326531331,"[actual:tsmom28-1d-state-long] Exit: momentum flipped non-positive (-0.25%) — state exit; entry fill 6.448130319; ACTUAL round-trip P&L from real paper fills, gross of Alpaca fees (~50 bps RT taker at this tier).",alpaca-paper-exit,win,0.0678
2026-08-11T00:16:49.763Z,SOLUSDT,BUY,75.99,0.001,[tsmom28-1d-flip-long] Trailing 28-candle return flipped positive (-0.85% -> 1.31%) — momentum turned up.,scan,open,
2026-08-11T00:42:28.406Z,ETHUSDT,BUY,1874.10,0,"[bullish-cross-9/21-5m] Memory blocked this entry (counterfactual): Ledger shows 112 real prior losses vs 25 wins on bullish-cross-9/21-5m (net -41.37%) and learnings.md warns about it — this signal repeats a known bad trade, so SKIP.",scan-filtered,loss,-0.2130
2026-08-11T00:52:32.678Z,BTCUSDT,BUY,64005.95,0,"[bullish-cross-9/21-5m] Memory blocked this entry (counterfactual): Ledger shows 123 real prior losses vs 19 wins on bullish-cross-9/21-5m (net -42.73%) and learnings.md warns about it — this signal repeats a known bad trade, so SKIP.",scan-filtered,loss,-0.2531
2026-08-11T01:58:04.589Z,SOLUSDT,BUY,76.04,0,"[bullish-cross-9/21-5m] Memory blocked this entry (counterfactual): Ledger shows 106 real prior losses vs 24 wins on bullish-cross-9/21-5m (net -37.46%) and learnings.md warns about it — this signal repeats a known bad trade, so SKIP.",scan-filtered,loss,-0.2605
2026-08-11T04:22:42.515Z,SOLUSDT,SELL,76.15,0,"[bearish-cross-9/21-5m] Memory blocked this entry (counterfactual): Ledger shows 103 real prior losses vs 27 wins on bearish-cross-9/21-5m (net -28.84%) and learnings.md warns about it — this signal repeats a known bad trade, so SKIP.",scan-filtered,loss,-0.0636
2026-08-11T16:48:06.706Z,IWM,SELL,301.18,6,"[actual:tsmom28-1d-state-long] Exit: momentum flipped non-positive (-0.18%) — state exit; entry fill 301.87; ACTUAL round-trip P&L from real paper fills, gross of Alpaca fees (~50 bps RT taker at this tier).",alpaca-paper-exit,loss,-0.2286
2026-08-11T16:48:21.917Z,LLY,BUY,1230.90,1,"[tsmom28-1d-state-long] Trailing 28-candle return is positive (2.63%) — state construction holds long while momentum is positive. || broker fill 1221.68 qty 1, slippage -2.0 bps vs decision mark 1221.93, signal-drift -74.9 bps vs signal close, order bot-LLY-1786406400000",alpaca-paper,open,
2026-08-11T17:18:19.764Z,ETHUSDT,BUY,1864.12,0,"[bullish-cross-9/21-5m] Memory blocked this entry (counterfactual): Ledger shows 113 real prior losses vs 25 wins on bullish-cross-9/21-5m (net -41.59%) and learnings.md warns about it — this signal repeats a known bad trade, so SKIP.",scan-filtered,loss,-0.2925
2026-08-11T17:23:22.998Z,SOLUSDT,BUY,74.99,0,"[bullish-cross-9/21-5m] Memory blocked this entry (counterfactual): Ledger shows 107 real prior losses vs 24 wins on bullish-cross-9/21-5m (net -37.72%) and learnings.md warns about it — this signal repeats a known bad trade, so SKIP.",scan-filtered,win,0.1534
2026-08-11T17:43:34.502Z,ETHUSDT,SELL,1863.42,0,"[bearish-cross-9/21-5m] Memory blocked this entry (counterfactual): Ledger shows 117 real prior losses vs 28 wins on bearish-cross-9/21-5m (net -41.65%) and learnings.md warns about it — this signal repeats a known bad trade, so SKIP.",scan-filtered,loss,-0.3021
2026-08-11T17:58:43.118Z,BTCUSDT,BUY,63596.00,0,"[bullish-cross-9/21-5m] Memory blocked this entry (counterfactual): Ledger shows 124 real prior losses vs 19 wins on bullish-cross-9/21-5m (net -42.98%) and learnings.md warns about it — this signal repeats a known bad trade, so SKIP.",scan-filtered,loss,-0.6598
2026-08-11T18:03:45.900Z,ETHUSDT,BUY,1864.69,0,"[bullish-cross-9/21-5m] Memory blocked this entry (counterfactual): Ledger shows 113 real prior losses vs 25 wins on bullish-cross-9/21-5m (net -41.59%) and learnings.md warns about it — this signal repeats a known bad trade, so SKIP.",scan-filtered,loss,-0.2281
2026-08-11T18:18:54.773Z,ETHUSDT,SELL,1864.26,0,"[bearish-cross-9/21-5m] Memory blocked this entry (counterfactual): Ledger shows 117 real prior losses vs 28 wins on bearish-cross-9/21-5m (net -41.65%) and learnings.md warns about it — this signal repeats a known bad trade, so SKIP.",scan-filtered,loss,-0.2329
2026-08-11T18:18:55.734Z,QQQ,BUY,717.69,0,"[bullish-cross-9/21-5m] Memory blocked this entry (counterfactual): Ledger shows 7 real prior losses vs 3 wins on bullish-cross-9/21-5m (net -1.27%) and learnings.md warns about it — this signal repeats a known bad trade, so SKIP.",scan-filtered,loss,-0.3007
2026-08-11T18:29:03.194Z,ETHUSDT,BUY,1865.70,0,"[bullish-cross-9/21-5m] Memory blocked this entry (counterfactual): Ledger shows 114 real prior losses vs 25 wins on bullish-cross-9/21-5m (net -41.88%) and learnings.md warns about it — this signal repeats a known bad trade, so SKIP.",scan-filtered,loss,-0.1998
2026-08-11T21:51:06.901Z,BTCUSDT,SELL,63650.00,0,"[bearish-cross-9/21-5m] Memory blocked this entry (counterfactual): Ledger shows 127 real prior losses vs 18 wins on bearish-cross-9/21-5m (net -42.48%) and learnings.md warns about it — this signal repeats a known bad trade, so SKIP.",scan-filtered,loss,-0.2842
2026-08-11T22:26:22.076Z,BTCUSDT,BUY,63720.30,0,"[bullish-cross-9/21-5m] Memory blocked this entry (counterfactual): Ledger shows 125 real prior losses vs 19 wins on bullish-cross-9/21-5m (net -43.64%) and learnings.md warns about it — this signal repeats a known bad trade, so SKIP.",scan-filtered,loss,-0.5079
2026-08-12T05:02:08.926Z,BTCUSDT,SELL,63769.58,0,"[bearish-cross-9/21-5m] Memory blocked this entry (counterfactual): Ledger shows 128 real prior losses vs 18 wins on bearish-cross-9/21-5m (net -42.77%) and learnings.md warns about it — this signal repeats a known bad trade, so SKIP.",scan-filtered,loss,-0.4260
2026-08-12T08:52:41.334Z,BTCUSDT,SELL,63696.31,0.031078274,"[actual:tsmom28-1d-state-long] Exit: momentum flipped non-positive (-2.22%) — state exit; entry fill 63985.577; ACTUAL round-trip P&L from real paper fills, gross of Alpaca fees (~50 bps RT taker at this tier).",alpaca-paper-exit,loss,-0.4521
2026-08-12T08:52:42.089Z,ETHUSDT,SELL,1888.49,1.019238689,"[actual:tsmom28-1d-state-long] Exit: momentum flipped non-positive (-0.49%) — state exit; entry fill 1918.58; ACTUAL round-trip P&L from real paper fills, gross of Alpaca fees (~50 bps RT taker at this tier).",alpaca-paper-exit,loss,-1.5683
2026-08-12T08:52:58.427Z,SOLUSDT,SELL,76.30,0.001,[tsmom28-1d-flip-short] Trailing 28-candle return flipped negative (1.31% -> -2.02%) — momentum turned down.,scan,open,
2026-08-12T11:49:26.838Z,SOLUSDT,SELL,76.74,0,"[bearish-cross-9/21-5m] Memory blocked this entry (counterfactual): Ledger shows 104 real prior losses vs 27 wins on bearish-cross-9/21-5m (net -28.90%) and learnings.md warns about it — this signal repeats a known bad trade, so SKIP.",scan-filtered,loss,-0.0263
2026-08-12T11:54:28.817Z,SOLUSDT,BUY,76.78,0,"[bullish-cross-9/21-5m] Memory blocked this entry (counterfactual): Ledger shows 107 real prior losses vs 25 wins on bullish-cross-9/21-5m (net -37.57%) and learnings.md warns about it — this signal repeats a known bad trade, so SKIP.",scan-filtered,loss,-0.6907
2026-08-12T13:54:13.481Z,GOOGL,SELL,343.84,5,"[actual:tsmom28-1d-state-long] Exit: momentum flipped non-positive (-4.83%) — state exit; entry fill 374.18; ACTUAL round-trip P&L from real paper fills, gross of Alpaca fees (~50 bps RT taker at this tier).",alpaca-paper-exit,loss,-8.1084
2026-08-12T13:54:16.325Z,META,SELL,591.55,3,"[actual:tsmom28-1d-state-long] Exit: momentum flipped non-positive (-2.26%) — state exit; entry fill 589.1; ACTUAL round-trip P&L from real paper fills, gross of Alpaca fees (~50 bps RT taker at this tier).",alpaca-paper-exit,win,0.4153
2026-08-12T13:54:29.030Z,IWM,BUY,300.99,6,"[tsmom28-1d-state-long] Trailing 28-candle return is positive (0.53%) — state construction holds long while momentum is positive. || broker fill 302.295 qty 6, slippage -6.1 bps vs decision mark 302.48, signal-drift +43.4 bps vs signal close, order bot-IWM-1786492800000",alpaca-paper,open,
2026-08-12T13:54:33.741Z,WMT,BUY,113.27,17,"[tsmom28-1d-state-long] Trailing 28-candle return is positive (4.07%) — state construction holds long while momentum is positive. || broker fill 114.67 qty 17, slippage +8.7 bps vs decision mark 114.57, signal-drift +123.6 bps vs signal close, order bot-WMT-1786492800000",alpaca-paper,open,
2026-08-12T14:36:03.018Z,SPY,SELL,772.04,0,"[bearish-cross-9/21-5m] Memory blocked this entry (counterfactual): Ledger shows 7 real prior losses vs 0 wins on bearish-cross-9/21-5m (net -1.92%) and learnings.md warns about it — this signal repeats a known bad trade, so SKIP.",scan-filtered,loss,-0.2832
2026-08-12T14:41:06.077Z,QQQ,SELL,725.08,0,"[bearish-cross-9/21-5m] Memory blocked this entry (counterfactual): Ledger shows 9 real prior losses vs 0 wins on bearish-cross-9/21-5m (net -4.46%) and learnings.md warns about it — this signal repeats a known bad trade, so SKIP.",scan-filtered,loss,-0.0490
2026-08-12T15:47:04.034Z,ETHUSDT,BUY,1894.52,0,"[bullish-cross-9/21-5m] Memory blocked this entry (counterfactual): Ledger shows 116 real prior losses vs 25 wins on bullish-cross-9/21-5m (net -42.31%) and learnings.md warns about it — this signal repeats a known bad trade, so SKIP.",scan-filtered,loss,-0.4056
2026-08-12T15:47:04.348Z,SOLUSDT,BUY,75.80,0,"[bullish-cross-9/21-5m] Memory blocked this entry (counterfactual): Ledger shows 108 real prior losses vs 25 wins on bullish-cross-9/21-5m (net -38.26%) and learnings.md warns about it — this signal repeats a known bad trade, so SKIP.",scan-filtered,loss,-0.5111
2026-08-12T16:27:26.604Z,SPY,BUY,772.51,0,"[bullish-cross-9/21-5m] Memory blocked this entry (counterfactual): Ledger shows 9 real prior losses vs 3 wins on bullish-cross-9/21-5m (net -2.09%) and learnings.md warns about it — this signal repeats a known bad trade, so SKIP.",scan-filtered,loss,-0.2631
2026-08-12T16:37:30.980Z,BTCUSDT,BUY,63545.64,0,"[bullish-cross-9/21-5m] Memory blocked this entry (counterfactual): Ledger shows 126 real prior losses vs 19 wins on bullish-cross-9/21-5m (net -44.15%) and learnings.md warns about it — this signal repeats a known bad trade, so SKIP.",scan-filtered,loss,-0.4040
2026-08-12T16:37:31.734Z,QQQ,BUY,723.76,0,"[bullish-cross-9/21-5m] Memory blocked this entry (counterfactual): Ledger shows 8 real prior losses vs 3 wins on bullish-cross-9/21-5m (net -1.57%) and learnings.md warns about it — this signal repeats a known bad trade, so SKIP.",scan-filtered,loss,-0.1162
2026-08-12T16:47:37.188Z,SOLUSDT,SELL,75.64,0,"[bearish-cross-9/21-5m] Memory blocked this entry (counterfactual): Ledger shows 105 real prior losses vs 27 wins on bearish-cross-9/21-5m (net -28.93%) and learnings.md warns about it — this signal repeats a known bad trade, so SKIP.",scan-filtered,loss,-0.7495
2026-08-12T16:52:39.964Z,ETHUSDT,SELL,1890.99,0,"[bearish-cross-9/21-5m] Memory blocked this entry (counterfactual): Ledger shows 119 real prior losses vs 28 wins on bearish-cross-9/21-5m (net -42.19%) and learnings.md warns about it — this signal repeats a known bad trade, so SKIP.",scan-filtered,loss,-0.1895
2026-08-12T17:28:01.332Z,BTCUSDT,SELL,63443.68,0,"[bearish-cross-9/21-5m] Memory blocked this entry (counterfactual): Ledger shows 129 real prior losses vs 18 wins on bearish-cross-9/21-5m (net -43.19%) and learnings.md warns about it — this signal repeats a known bad trade, so SKIP.",scan-filtered,loss,-0.2455
2026-08-12T17:38:09.650Z,SOLUSDT,BUY,75.93,0,"[bullish-cross-9/21-5m] Memory blocked this entry (counterfactual): Ledger shows 109 real prior losses vs 25 wins on bullish-cross-9/21-5m (net -38.77%) and learnings.md warns about it — this signal repeats a known bad trade, so SKIP.",scan-filtered,loss,-0.1815
2026-08-12T18:33:42.555Z,QQQ,SELL,724.73,0,"[bearish-cross-9/21-5m] Memory blocked this entry (counterfactual): Ledger shows 10 real prior losses vs 0 wins on bearish-cross-9/21-5m (net -4.51%) and learnings.md warns about it — this signal repeats a known bad trade, so SKIP.",scan-filtered,loss,-0.2062
2026-08-13T00:21:34.589Z,LTCUSDT,SELL,44.81,44.253360913,"[actual:tsmom28-1d-state-long] Exit: momentum flipped non-positive (-0.64%) — state exit; entry fill 44.942; ACTUAL round-trip P&L from real paper fills, gross of Alpaca fees (~50 bps RT taker at this tier).",alpaca-paper-exit,loss,-0.2984
2026-08-13T00:21:35.263Z,PEPEUSDT,SELL,0.00000265800,688453670.131474258,"[actual:tsmom28-1d-state-long] Exit: momentum flipped non-positive (-3.94%) — state exit; entry fill 0.000002922; ACTUAL round-trip P&L from real paper fills, gross of Alpaca fees (~50 bps RT taker at this tier).",alpaca-paper-exit,loss,-9.0349
2026-08-13T00:21:35.932Z,UNIUSDT,SELL,3.55653,540.747125501,"[actual:tsmom28-1d-state-long] Exit: momentum flipped non-positive (-1.22%) — state exit; entry fill 3.624519144; ACTUAL round-trip P&L from real paper fills, gross of Alpaca fees (~50 bps RT taker at this tier).",alpaca-paper-exit,loss,-1.8757
2026-08-13T01:19:45.569Z,SOLUSDT,SELL,75.75,0,"[bearish-cross-9/21-5m] Memory blocked this entry (counterfactual): Ledger shows 106 real prior losses vs 27 wins on bearish-cross-9/21-5m (net -29.68%) and learnings.md warns about it — this signal repeats a known bad trade, so SKIP.",scan-filtered,loss,-0.1416
2026-08-13T01:29:49.718Z,ETHUSDT,SELL,1877.53,0,"[bearish-cross-9/21-5m] Memory blocked this entry (counterfactual): Ledger shows 120 real prior losses vs 28 wins on bearish-cross-9/21-5m (net -42.38%) and learnings.md warns about it — this signal repeats a known bad trade, so SKIP.",scan-filtered,loss,-0.2569
2026-08-13T01:34:51.841Z,BTCUSDT,SELL,63416.37,0,"[bearish-cross-9/21-5m] Memory blocked this entry (counterfactual): Ledger shows 130 real prior losses vs 18 wins on bearish-cross-9/21-5m (net -43.44%) and learnings.md warns about it — this signal repeats a known bad trade, so SKIP.",scan-filtered,loss,-0.3846
2026-08-13T02:15:13.403Z,SOLUSDT,BUY,75.63,0,"[bullish-cross-9/21-5m] Memory blocked this entry (counterfactual): Ledger shows 110 real prior losses vs 25 wins on bullish-cross-9/21-5m (net -38.95%) and learnings.md warns about it — this signal repeats a known bad trade, so SKIP.",scan-filtered,win,0.4008
2026-08-13T02:25:18.062Z,SOLUSDT,SELL,75.65,0,"[bearish-cross-9/21-5m] Memory blocked this entry (counterfactual): Ledger shows 107 real prior losses vs 27 wins on bearish-cross-9/21-5m (net -29.82%) and learnings.md warns about it — this signal repeats a known bad trade, so SKIP.",scan-filtered,loss,-0.9742
2026-08-13T06:28:35.015Z,ETHUSDT,SELL,1894.94,0,"[bearish-cross-9/21-5m] Memory blocked this entry (counterfactual): Ledger shows 121 real prior losses vs 28 wins on bearish-cross-9/21-5m (net -42.63%) and learnings.md warns about it — this signal repeats a known bad trade, so SKIP.",scan-filtered,loss,-0.4541
2026-08-13T06:33:37.103Z,BTCUSDT,SELL,63826.38,0,"[bearish-cross-9/21-5m] Memory blocked this entry (counterfactual): Ledger shows 131 real prior losses vs 18 wins on bearish-cross-9/21-5m (net -43.82%) and learnings.md warns about it — this signal repeats a known bad trade, so SKIP.",scan-filtered,loss,-0.4141
2026-08-13T06:58:48.644Z,SOLUSDT,SELL,76.43,0,"[bearish-cross-9/21-5m] Memory blocked this entry (counterfactual): Ledger shows 108 real prior losses vs 27 wins on bearish-cross-9/21-5m (net -30.80%) and learnings.md warns about it — this signal repeats a known bad trade, so SKIP.",scan-filtered,loss,-0.3131
2026-08-13T07:24:00.676Z,ETHUSDT,BUY,1896.93,0,"[bullish-cross-9/21-5m] Memory blocked this entry (counterfactual): Ledger shows 117 real prior losses vs 25 wins on bullish-cross-9/21-5m (net -42.71%) and learnings.md warns about it — this signal repeats a known bad trade, so SKIP.",scan-filtered,loss,-0.5230
2026-08-13T07:29:02.835Z,BTCUSDT,BUY,63919.98,0,"[bullish-cross-9/21-5m] Memory blocked this entry (counterfactual): Ledger shows 127 real prior losses vs 19 wins on bullish-cross-9/21-5m (net -44.55%) and learnings.md warns about it — this signal repeats a known bad trade, so SKIP.",scan-filtered,loss,-0.4877
2026-08-13T07:34:05.814Z,SOLUSDT,BUY,76.49,0,"[bullish-cross-9/21-5m] Memory blocked this entry (counterfactual): Ledger shows 110 real prior losses vs 26 wins on bullish-cross-9/21-5m (net -38.55%) and learnings.md warns about it — this signal repeats a known bad trade, so SKIP.",scan-filtered,loss,-0.6007
2026-08-13T08:19:25.368Z,ETHUSDT,SELL,1892.91,0,"[bearish-cross-9/21-5m] Memory blocked this entry (counterfactual): Ledger shows 122 real prior losses vs 28 wins on bearish-cross-9/21-5m (net -43.09%) and learnings.md warns about it — this signal repeats a known bad trade, so SKIP.",scan-filtered,win,0.2214
2026-08-13T08:24:27.655Z,BTCUSDT,SELL,63810.00,0,"[bearish-cross-9/21-5m] Memory blocked this entry (counterfactual): Ledger shows 132 real prior losses vs 18 wins on bearish-cross-9/21-5m (net -44.24%) and learnings.md warns about it — this signal repeats a known bad trade, so SKIP.",scan-filtered,loss,-0.0743
2026-08-13T08:24:28.161Z,SOLUSDT,SELL,76.28,0,"[bearish-cross-9/21-5m] Memory blocked this entry (counterfactual): Ledger shows 109 real prior losses vs 27 wins on bearish-cross-9/21-5m (net -31.11%) and learnings.md warns about it — this signal repeats a known bad trade, so SKIP.",scan-filtered,win,0.0540
2026-08-13T12:21:10.900Z,SOLUSDT,BUY,75.80,0,"[bullish-cross-9/21-5m] Memory blocked this entry (counterfactual): Ledger shows 111 real prior losses vs 26 wins on bullish-cross-9/21-5m (net -39.15%) and learnings.md warns about it — this signal repeats a known bad trade, so SKIP.",scan-filtered,win,0.1485
2026-08-13T12:26:12.933Z,ETHUSDT,BUY,1883.93,0,"[bullish-cross-9/21-5m] Memory blocked this entry (counterfactual): Ledger shows 118 real prior losses vs 25 wins on bullish-cross-9/21-5m (net -43.23%) and learnings.md warns about it — this signal repeats a known bad trade, so SKIP.",scan-filtered,loss,-0.0590
2026-08-13T12:41:19.550Z,BTCUSDT,BUY,63568.00,0,"[bullish-cross-9/21-5m] Memory blocked this entry (counterfactual): Ledger shows 128 real prior losses vs 19 wins on bullish-cross-9/21-5m (net -45.04%) and learnings.md warns about it — this signal repeats a known bad trade, so SKIP.",scan-filtered,win,0.0775
2026-08-13T13:36:58.243Z,QQQ,BUY,725.81,0,"[bullish-cross-9/21-5m] Memory blocked this entry (counterfactual): Ledger shows 9 real prior losses vs 3 wins on bullish-cross-9/21-5m (net -1.69%) and learnings.md warns about it — this signal repeats a known bad trade, so SKIP.",scan-filtered,win,0.7898
2026-08-13T13:52:14.400Z,AAPL,SELL,304.12,5,"[actual:tsmom28-1d-state-long] Exit: momentum flipped non-positive (-1.96%) — state exit; entry fill 332.66; ACTUAL round-trip P&L from real paper fills, gross of Alpaca fees (~50 bps RT taker at this tier).",alpaca-paper-exit,loss,-8.5781
2026-08-13T13:52:17.425Z,COST,SELL,953.31,2,"[actual:tsmom28-1d-state-long] Exit: momentum flipped non-positive (-0.26%) — state exit; entry fill 943; ACTUAL round-trip P&L from real paper fills, gross of Alpaca fees (~50 bps RT taker at this tier).",alpaca-paper-exit,win,1.0933
2026-08-13T13:52:20.730Z,JNJ,SELL,259.96,7,"[actual:tsmom28-1d-state-long] Exit: momentum flipped non-positive (-0.86%) — state exit; entry fill 253.78; ACTUAL round-trip P&L from real paper fills, gross of Alpaca fees (~50 bps RT taker at this tier).",alpaca-paper-exit,win,2.4352
2026-08-13T13:52:26.301Z,NFLX,SELL,76.90,27,"[actual:tsmom28-1d-state-long] Exit: momentum flipped non-positive (-4.36%) — state exit; entry fill 73.06; ACTUAL round-trip P&L from real paper fills, gross of Alpaca fees (~50 bps RT taker at this tier).",alpaca-paper-exit,win,5.2560
2026-08-13T13:52:29.134Z,V,SELL,361.59,5,"[actual:tsmom28-1d-state-long] Exit: momentum flipped non-positive (-0.60%) — state exit; entry fill 358.56; ACTUAL round-trip P&L from real paper fills, gross of Alpaca fees (~50 bps RT taker at this tier).",alpaca-paper-exit,win,0.8450
2026-08-13T13:52:39.872Z,QQQ,BUY,723.61,2,"[tsmom28-1d-state-long] Trailing 28-candle return is positive (1.56%) — state construction holds long while momentum is positive. || broker fill 730.98 qty 2, slippage +0.8 bps vs decision mark 730.92, signal-drift +101.9 bps vs signal close, order bot-QQQ-1786579200000",alpaca-paper,open,
2026-08-13T15:23:31.476Z,SPY,SELL,777.11,0,"[bearish-cross-9/21-5m] Memory blocked this entry (counterfactual): Ledger shows 8 real prior losses vs 0 wins on bearish-cross-9/21-5m (net -2.20%) and learnings.md warns about it — this signal repeats a known bad trade, so SKIP.",scan-filtered,loss,-0.1359
2026-08-13T15:33:44.616Z,ETHUSDT,SELL,1885.70,0,"[bearish-cross-9/21-5m] Memory blocked this entry (counterfactual): Ledger shows 122 real prior losses vs 29 wins on bearish-cross-9/21-5m (net -42.87%) and learnings.md warns about it — this signal repeats a known bad trade, so SKIP.",scan-filtered,win,0.0458
2026-08-13T15:38:47.357Z,BTCUSDT,SELL,63665.12,0,"[bearish-cross-9/21-5m] Memory blocked this entry (counterfactual): Ledger shows 133 real prior losses vs 18 wins on bearish-cross-9/21-5m (net -44.31%) and learnings.md warns about it — this signal repeats a known bad trade, so SKIP.",scan-filtered,win,0.1039
2026-08-13T15:38:48.233Z,QQQ,SELL,730.85,0,"[bearish-cross-9/21-5m] Memory blocked this entry (counterfactual): Ledger shows 11 real prior losses vs 0 wins on bearish-cross-9/21-5m (net -4.72%) and learnings.md warns about it — this signal repeats a known bad trade, so SKIP.",scan-filtered,loss,-0.4498
2026-08-13T15:43:50.407Z,SOLUSDT,SELL,76.12,0,"[bearish-cross-9/21-5m] Memory blocked this entry (counterfactual): Ledger shows 109 real prior losses vs 28 wins on bearish-cross-9/21-5m (net -31.05%) and learnings.md warns about it — this signal repeats a known bad trade, so SKIP.",scan-filtered,win,0.7510
2026-08-13T20:43:17.666Z,ETHUSDT,SELL,1887.83,0,"[bearish-cross-9/21-5m] Memory blocked this entry (counterfactual): Ledger shows 122 real prior losses vs 30 wins on bearish-cross-9/21-5m (net -42.82%) and learnings.md warns about it — this signal repeats a known bad trade, so SKIP.",scan-filtered,loss,-0.3842
2026-08-13T21:23:35.219Z,BTCUSDT,SELL,63439.97,0,"[bearish-cross-9/21-5m] Memory blocked this entry (counterfactual): Ledger shows 133 real prior losses vs 19 wins on bearish-cross-9/21-5m (net -44.21%) and learnings.md warns about it — this signal repeats a known bad trade, so SKIP.",scan-filtered,loss,-0.5418
2026-08-13T21:33:39.426Z,BTCUSDT,BUY,63455.59,0,"[bullish-cross-9/21-5m] Memory blocked this entry (counterfactual): Ledger shows 128 real prior losses vs 20 wins on bullish-cross-9/21-5m (net -44.96%) and learnings.md warns about it — this signal repeats a known bad trade, so SKIP.",scan-filtered,loss,-0.0409
2026-08-13T21:33:40.038Z,SOLUSDT,SELL,76.18,0,"[bearish-cross-9/21-5m] Memory blocked this entry (counterfactual): Ledger shows 109 real prior losses vs 29 wins on bearish-cross-9/21-5m (net -30.30%) and learnings.md warns about it — this signal repeats a known bad trade, so SKIP.",scan-filtered,loss,-0.6282
2026-08-13T21:38:41.903Z,ETHUSDT,BUY,1888.48,0,"[bullish-cross-9/21-5m] Memory blocked this entry (counterfactual): Ledger shows 119 real prior losses vs 25 wins on bullish-cross-9/21-5m (net -43.29%) and learnings.md warns about it — this signal repeats a known bad trade, so SKIP.",scan-filtered,loss,-0.2195
2026-08-13T22:18:59.879Z,SOLUSDT,BUY,76.41,0,"[bullish-cross-9/21-5m] Memory blocked this entry (counterfactual): Ledger shows 111 real prior losses vs 27 wins on bullish-cross-9/21-5m (net -39.00%) and learnings.md warns about it — this signal repeats a known bad trade, so SKIP.",scan-filtered,loss,-0.5748
2026-08-14T00:44:45.589Z,BTCUSDT,BUY,63451.65,0,"[bullish-cross-9/21-5m] Memory blocked this entry (counterfactual): Ledger shows 129 real prior losses vs 20 wins on bullish-cross-9/21-5m (net -45.00%) and learnings.md warns about it — this signal repeats a known bad trade, so SKIP.",scan-filtered,loss,-0.1815
2026-08-14T00:49:48.308Z,ETHUSDT,BUY,1889.10,0,"[bullish-cross-9/21-5m] Memory blocked this entry (counterfactual): Ledger shows 120 real prior losses vs 25 wins on bullish-cross-9/21-5m (net -43.51%) and learnings.md warns about it — this signal repeats a known bad trade, so SKIP.",scan-filtered,loss,-0.2725
2026-08-14T01:03:23.260Z,ETHUSDT,BUY,1886.15,1.056416558,"[tsmom28-1d-state-long] Trailing 28-candle return is positive (1.15%) — state construction holds long while momentum is positive. || broker fill 1886.22 qty 1.056416558, slippage -6.9 bps vs decision mark 1887.53, signal-drift +0.4 bps vs signal close, order bot-ETHUSDT-1786665600000",alpaca-paper,open,
2026-08-14T01:03:27.085Z,SOLUSDT,BUY,76.28,26.223276514,"[tsmom28-1d-state-long] Trailing 28-candle return is positive (1.27%) — state construction holds long while momentum is positive. || broker fill 76.01584822 qty 26.223276514, slippage -3.2 bps vs decision mark 76.04, signal-drift -34.6 bps vs signal close, order bot-SOLUSDT-1786665600000",alpaca-paper,open,
2026-08-14T01:03:34.387Z,ETHUSDT,BUY,1886.15,0.001,[tsmom28-1d-flip-long] Trailing 28-candle return flipped positive (-1.98% -> 1.15%) — momentum turned up.,scan,open,
2026-08-14T01:03:37.773Z,SOLUSDT,BUY,76.28,0.001,[tsmom28-1d-flip-long] Trailing 28-candle return flipped positive (-2.15% -> 1.27%) — momentum turned up.,scan,open,
2026-08-14T02:05:24.677Z,SOLUSDT,BUY,76.11,0,"[bullish-cross-9/21-5m] Memory blocked this entry (counterfactual): Ledger shows 112 real prior losses vs 27 wins on bullish-cross-9/21-5m (net -39.58%) and learnings.md warns about it — this signal repeats a known bad trade, so SKIP.",scan-filtered,loss,-0.5759
2026-08-14T04:40:09.985Z,SOLUSDT,BUY,75.91,0,"[bullish-cross-9/21-5m] Memory blocked this entry (counterfactual): Ledger shows 113 real prior losses vs 27 wins on bullish-cross-9/21-5m (net -40.15%) and learnings.md warns about it — this signal repeats a known bad trade, so SKIP.",scan-filtered,loss,-0.2341
2026-08-14T04:45:12.059Z,ETHUSDT,BUY,1885.84,0,"[bullish-cross-9/21-5m] Memory blocked this entry (counterfactual): Ledger shows 121 real prior losses vs 25 wins on bullish-cross-9/21-5m (net -43.79%) and learnings.md warns about it — this signal repeats a known bad trade, so SKIP.",scan-filtered,loss,-0.4076
2026-08-14T05:10:22.164Z,BTCUSDT,BUY,63341.36,0,"[bullish-cross-9/21-5m] Memory blocked this entry (counterfactual): Ledger shows 130 real prior losses vs 20 wins on bullish-cross-9/21-5m (net -45.18%) and learnings.md warns about it — this signal repeats a known bad trade, so SKIP.",scan-filtered,loss,-0.3163
2026-08-14T05:15:24.060Z,BTCUSDT,SELL,63337.22,0,"[bearish-cross-9/21-5m] Memory blocked this entry (counterfactual): Ledger shows 134 real prior losses vs 19 wins on bearish-cross-9/21-5m (net -44.75%) and learnings.md warns about it — this signal repeats a known bad trade, so SKIP.",scan-filtered,loss,-0.2326
2026-08-14T05:20:26.219Z,ETHUSDT,SELL,1882.01,0,"[bearish-cross-9/21-5m] Memory blocked this entry (counterfactual): Ledger shows 123 real prior losses vs 30 wins on bearish-cross-9/21-5m (net -43.21%) and learnings.md warns about it — this signal repeats a known bad trade, so SKIP.",scan-filtered,loss,-0.1751
2026-08-14T05:25:28.511Z,SOLUSDT,SELL,75.82,0,"[bearish-cross-9/21-5m] Memory blocked this entry (counterfactual): Ledger shows 110 real prior losses vs 29 wins on bearish-cross-9/21-5m (net -30.93%) and learnings.md warns about it — this signal repeats a known bad trade, so SKIP.",scan-filtered,loss,-0.0626
2026-08-14T06:05:47.099Z,SOLUSDT,BUY,75.83,0,"[bullish-cross-9/21-5m] Memory blocked this entry (counterfactual): Ledger shows 114 real prior losses vs 27 wins on bullish-cross-9/21-5m (net -40.39%) and learnings.md warns about it — this signal repeats a known bad trade, so SKIP.",scan-filtered,loss,-0.6033
2026-08-14T06:20:54.445Z,SOLUSDT,SELL,75.71,0,"[bearish-cross-9/21-5m] Memory blocked this entry (counterfactual): Ledger shows 110 real prior losses vs 29 wins on bearish-cross-9/21-5m (net -30.93%) and learnings.md warns about it — this signal repeats a known bad trade, so SKIP.",scan-filtered,loss,-0.2604
2026-08-14T07:56:36.716Z,SOLUSDT,BUY,75.62,0,"[bullish-cross-9/21-5m] Memory blocked this entry (counterfactual): Ledger shows 115 real prior losses vs 27 wins on bullish-cross-9/21-5m (net -40.99%) and learnings.md warns about it — this signal repeats a known bad trade, so SKIP.",scan-filtered,loss,-0.0487
2026-08-14T08:11:43.055Z,SOLUSDT,SELL,75.66,0,"[bearish-cross-9/21-5m] Memory blocked this entry (counterfactual): Ledger shows 112 real prior losses vs 29 wins on bearish-cross-9/21-5m (net -31.26%) and learnings.md warns about it — this signal repeats a known bad trade, so SKIP.",scan-filtered,loss,-0.4322
2026-08-14T12:20:40.189Z,BTCUSDT,SELL,62802.02,0,"[bearish-cross-9/21-5m] Memory blocked this entry (counterfactual): Ledger shows 135 real prior losses vs 19 wins on bearish-cross-9/21-5m (net -44.98%) and learnings.md warns about it — this signal repeats a known bad trade, so SKIP.",scan-filtered,loss,-0.0627
2026-08-14T12:25:42.585Z,SOLUSDT,SELL,75.53,0,"[bearish-cross-9/21-5m] Memory blocked this entry (counterfactual): Ledger shows 113 real prior losses vs 29 wins on bearish-cross-9/21-5m (net -31.69%) and learnings.md warns about it — this signal repeats a known bad trade, so SKIP.",scan-filtered,loss,-0.1411
2026-08-14T12:35:46.750Z,ETHUSDT,SELL,1877.70,0,"[bearish-cross-9/21-5m] Memory blocked this entry (counterfactual): Ledger shows 124 real prior losses vs 30 wins on bearish-cross-9/21-5m (net -43.38%) and learnings.md warns about it — this signal repeats a known bad trade, so SKIP.",scan-filtered,win,0.0643
2026-08-14T13:56:19.618Z,NFLX,BUY,78.24,25,"[tsmom28-1d-state-long] Trailing 28-candle return is positive (2.88%) — state construction holds long while momentum is positive. || broker fill 78.443999 qty 25, slippage -3.3 bps vs decision mark 78.47, signal-drift +26.1 bps vs signal close, order bot-NFLX-1786665600000",alpaca-paper,open,
2026-08-14T13:56:22.334Z,V,BUY,365.13,5,"[tsmom28-1d-state-long] Trailing 28-candle return is positive (2.19%) — state construction holds long while momentum is positive. || broker fill 364.77 qty 5, slippage -4.2 bps vs decision mark 364.93, signal-drift -10.0 bps vs signal close, order bot-V-1786665600000",alpaca-paper,open,
2026-08-14T13:56:24.221Z,COST,BUY,961.70,2,"[tsmom28-1d-state-long] Trailing 28-candle return is positive (1.18%) — state construction holds long while momentum is positive. || broker fill 963.41 qty 2, slippage +5.1 bps vs decision mark 962.91, signal-drift +17.8 bps vs signal close, order bot-COST-1786665600000",alpaca-paper,open,
2026-08-14T13:56:26.170Z,JNJ,BUY,262.11,7,"[tsmom28-1d-state-long] Trailing 28-candle return is positive (1.09%) — state construction holds long while momentum is positive. || broker fill 260.49 qty 7, slippage -0.4 bps vs decision mark 260.50, signal-drift -61.8 bps vs signal close, order bot-JNJ-1786665600000",alpaca-paper,open,
2026-08-14T14:11:50.132Z,QQQ,SELL,733.21,0,"[bearish-cross-9/21-5m] Memory blocked this entry (counterfactual): Ledger shows 12 real prior losses vs 0 wins on bearish-cross-9/21-5m (net -5.17%) and learnings.md warns about it — this signal repeats a known bad trade, so SKIP.",scan-filtered,win,0.1228
2026-08-14T14:57:14.077Z,BTCUSDT,BUY,62662.95,0,"[bullish-cross-9/21-5m] Memory blocked this entry (counterfactual): Ledger shows 131 real prior losses vs 20 wins on bullish-cross-9/21-5m (net -45.50%) and learnings.md warns about it — this signal repeats a known bad trade, so SKIP.",scan-filtered,win,0.2439
2026-08-14T15:07:20.350Z,ETHUSDT,BUY,1866.88,0,"[bullish-cross-9/21-5m] Memory blocked this entry (counterfactual): Ledger shows 122 real prior losses vs 25 wins on bullish-cross-9/21-5m (net -44.19%) and learnings.md warns about it — this signal repeats a known bad trade, so SKIP.",scan-filtered,win,0.4740
2026-08-14T15:22:30.656Z,SOLUSDT,BUY,75.28,0,"[bullish-cross-9/21-5m] Memory blocked this entry (counterfactual): Ledger shows 116 real prior losses vs 27 wins on bullish-cross-9/21-5m (net -41.04%) and learnings.md warns about it — this signal repeats a known bad trade, so SKIP.",scan-filtered,win,0.1782
2026-08-14T16:37:55.755Z,SPY,BUY,776.38,0,"[bullish-cross-9/21-5m] Memory blocked this entry (counterfactual): Ledger shows 10 real prior losses vs 3 wins on bullish-cross-9/21-5m (net -2.35%) and learnings.md warns about it — this signal repeats a known bad trade, so SKIP.",scan-filtered,loss,-0.3734
2026-08-14T16:42:58.669Z,QQQ,BUY,729.67,0,"[bullish-cross-9/21-5m] Memory blocked this entry (counterfactual): Ledger shows 9 real prior losses vs 4 wins on bullish-cross-9/21-5m (net -0.90%) and learnings.md warns about it — this signal repeats a known bad trade, so SKIP.",scan-filtered,loss,-0.3987
2026-08-14T17:03:08.500Z,SOLUSDT,SELL,75.47,0,"[bearish-cross-9/21-5m] Memory blocked this entry (counterfactual): Ledger shows 114 real prior losses vs 29 wins on bearish-cross-9/21-5m (net -31.83%) and learnings.md warns about it — this signal repeats a known bad trade, so SKIP.",scan-filtered,loss,-0.0747
2026-08-14T17:08:11.685Z,SPY,SELL,775.79,0,"[bearish-cross-9/21-5m] Memory blocked this entry (counterfactual): Ledger shows 9 real prior losses vs 0 wins on bearish-cross-9/21-5m (net -2.34%) and learnings.md warns about it — this signal repeats a known bad trade, so SKIP.",scan-filtered,loss,-0.3322
2026-08-15T03:47:38.621Z,ETHUSDT,SELL,1883.09,0,"[bearish-cross-9/21-5m] Memory blocked this entry (counterfactual): Ledger shows 124 real prior losses vs 31 wins on bearish-cross-9/21-5m (net -43.32%) and learnings.md warns about it — this signal repeats a known bad trade, so SKIP.",scan-filtered,loss,-0.4381
2026-08-15T03:52:40.592Z,BTCUSDT,SELL,63064.35,0,"[bearish-cross-9/21-5m] Memory blocked this entry (counterfactual): Ledger shows 136 real prior losses vs 19 wins on bearish-cross-9/21-5m (net -45.04%) and learnings.md warns about it — this signal repeats a known bad trade, so SKIP.",scan-filtered,loss,-0.4295
2026-08-15T03:57:43.290Z,SOLUSDT,SELL,75.46,0,"[bearish-cross-9/21-5m] Memory blocked this entry (counterfactual): Ledger shows 115 real prior losses vs 29 wins on bearish-cross-9/21-5m (net -31.90%) and learnings.md warns about it — this signal repeats a known bad trade, so SKIP.",scan-filtered,loss,-0.4458
2026-08-15T04:43:02.621Z,BTCUSDT,BUY,63145.46,0,"[bullish-cross-9/21-5m] Memory blocked this entry (counterfactual): Ledger shows 131 real prior losses vs 21 wins on bullish-cross-9/21-5m (net -45.26%) and learnings.md warns about it — this signal repeats a known bad trade, so SKIP.",scan-filtered,loss,-0.4258
2026-08-15T04:53:07.788Z,ETHUSDT,BUY,1884.87,0,"[bullish-cross-9/21-5m] Memory blocked this entry (counterfactual): Ledger shows 122 real prior losses vs 26 wins on bullish-cross-9/21-5m (net -43.72%) and learnings.md warns about it — this signal repeats a known bad trade, so SKIP.",scan-filtered,loss,-0.5382
2026-08-15T04:58:10.283Z,SOLUSDT,BUY,75.57,0,"[bullish-cross-9/21-5m] Memory blocked this entry (counterfactual): Ledger shows 116 real prior losses vs 28 wins on bullish-cross-9/21-5m (net -40.86%) and learnings.md warns about it — this signal repeats a known bad trade, so SKIP.",scan-filtered,loss,-0.5647
2026-08-15T05:43:30.370Z,ETHUSDT,SELL,1881.17,0,"[bearish-cross-9/21-5m] Memory blocked this entry (counterfactual): Ledger shows 125 real prior losses vs 31 wins on bearish-cross-9/21-5m (net -43.75%) and learnings.md warns about it — this signal repeats a known bad trade, so SKIP.",scan-filtered,loss,-0.2426
2026-08-15T05:43:30.598Z,SOLUSDT,SELL,75.34,0,"[bearish-cross-9/21-5m] Memory blocked this entry (counterfactual): Ledger shows 116 real prior losses vs 29 wins on bearish-cross-9/21-5m (net -32.35%) and learnings.md warns about it — this signal repeats a known bad trade, so SKIP.",scan-filtered,loss,-0.3133
2026-08-15T05:53:34.437Z,BTCUSDT,SELL,63068.96,0,"[bearish-cross-9/21-5m] Memory blocked this entry (counterfactual): Ledger shows 137 real prior losses vs 19 wins on bearish-cross-9/21-5m (net -45.47%) and learnings.md warns about it — this signal repeats a known bad trade, so SKIP.",scan-filtered,loss,-0.3136
2026-08-15T07:09:07.732Z,ETHUSDT,BUY,1881.45,0,"[bullish-cross-9/21-5m] Memory blocked this entry (counterfactual): Ledger shows 123 real prior losses vs 26 wins on bullish-cross-9/21-5m (net -44.26%) and learnings.md warns about it — this signal repeats a known bad trade, so SKIP.",scan-filtered,loss,-0.3601
2026-08-15T07:09:08.029Z,SOLUSDT,BUY,75.40,0,"[bullish-cross-9/21-5m] Memory blocked this entry (counterfactual): Ledger shows 117 real prior losses vs 28 wins on bullish-cross-9/21-5m (net -41.43%) and learnings.md warns about it — this signal repeats a known bad trade, so SKIP.",scan-filtered,loss,-0.5520
2026-08-15T07:14:09.704Z,BTCUSDT,BUY,63070.16,0,"[bullish-cross-9/21-5m] Memory blocked this entry (counterfactual): Ledger shows 132 real prior losses vs 21 wins on bullish-cross-9/21-5m (net -45.68%) and learnings.md warns about it — this signal repeats a known bad trade, so SKIP.",scan-filtered,loss,-0.3107
2026-08-15T07:44:23.268Z,SOLUSDT,SELL,75.32,0,"[bearish-cross-9/21-5m] Memory blocked this entry (counterfactual): Ledger shows 117 real prior losses vs 29 wins on bearish-cross-9/21-5m (net -32.66%) and learnings.md warns about it — this signal repeats a known bad trade, so SKIP.",scan-filtered,loss,-0.0876
2026-08-15T08:04:31.199Z,ETHUSDT,SELL,1880.40,0,"[bearish-cross-9/21-5m] Memory blocked this entry (counterfactual): Ledger shows 126 real prior losses vs 31 wins on bearish-cross-9/21-5m (net -44.00%) and learnings.md warns about it — this signal repeats a known bad trade, so SKIP.",scan-filtered,loss,-0.1218
2026-08-15T08:09:34.004Z,BTCUSDT,SELL,63070.01,0,"[bearish-cross-9/21-5m] Memory blocked this entry (counterfactual): Ledger shows 138 real prior losses vs 19 wins on bearish-cross-9/21-5m (net -45.79%) and learnings.md warns about it — this signal repeats a known bad trade, so SKIP.",scan-filtered,loss,-0.0653
2026-08-15T09:55:22.746Z,SOLUSDT,BUY,75.25,0,"[bullish-cross-9/21-5m] Memory blocked this entry (counterfactual): Ledger shows 118 real prior losses vs 28 wins on bullish-cross-9/21-5m (net -41.98%) and learnings.md warns about it — this signal repeats a known bad trade, so SKIP.",scan-filtered,loss,-0.2336
2026-08-15T10:00:24.520Z,BTCUSDT,BUY,63030.38,0,"[bullish-cross-9/21-5m] Memory blocked this entry (counterfactual): Ledger shows 133 real prior losses vs 21 wins on bullish-cross-9/21-5m (net -45.99%) and learnings.md warns about it — this signal repeats a known bad trade, so SKIP.",scan-filtered,loss,-0.2751
2026-08-15T10:00:24.830Z,ETHUSDT,BUY,1880.44,0,"[bullish-cross-9/21-5m] Memory blocked this entry (counterfactual): Ledger shows 124 real prior losses vs 26 wins on bullish-cross-9/21-5m (net -44.62%) and learnings.md warns about it — this signal repeats a known bad trade, so SKIP.",scan-filtered,loss,-0.2697
2026-08-16T05:08:02.967Z,BTCUSDT,SELL,63094.00,0,"[bearish-cross-9/21-5m] Memory blocked this entry (counterfactual): Ledger shows 139 real prior losses vs 19 wins on bearish-cross-9/21-5m (net -45.85%) and learnings.md warns about it — this signal repeats a known bad trade, so SKIP.",scan-filtered,loss,-0.2570
2026-08-16T05:21:41.357Z,SOLUSDT,SELL,75.29,26.165585305,"[actual:tsmom28-1d-state-long] Exit: momentum flipped non-positive (-0.23%) — state exit; entry fill 76.01584822; ACTUAL round-trip P&L from real paper fills, gross of Alpaca fees (~50 bps RT taker at this tier).",alpaca-paper-exit,loss,-0.9484
2026-08-16T05:21:57.774Z,SOLUSDT,SELL,75.35,0.001,[tsmom28-1d-flip-short] Trailing 28-candle return flipped negative (0.48% -> -0.23%) — momentum turned down.,scan,open,
2026-08-16T07:03:54.633Z,SOLUSDT,BUY,75.38,0,"[bullish-cross-9/21-5m] Memory blocked this entry (counterfactual): Ledger shows 119 real prior losses vs 28 wins on bullish-cross-9/21-5m (net -42.21%) and learnings.md warns about it — this signal repeats a known bad trade, so SKIP.",scan-filtered,loss,-0.1806
2026-08-16T07:24:33.420Z,BTCUSDT,BUY,63054.35,0,"[bullish-cross-9/21-5m] Memory blocked this entry (counterfactual): Ledger shows 134 real prior losses vs 21 wins on bullish-cross-9/21-5m (net -46.27%) and learnings.md warns about it — this signal repeats a known bad trade, so SKIP.",scan-filtered,loss,-0.2845
2026-08-16T09:21:26.783Z,ETHUSDT,BUY,1882.14,0,"[bullish-cross-9/21-5m] Memory blocked this entry (counterfactual): Ledger shows 125 real prior losses vs 26 wins on bullish-cross-9/21-5m (net -44.89%) and learnings.md warns about it — this signal repeats a known bad trade, so SKIP.",scan-filtered,loss,-0.4265
2026-08-16T09:36:33.667Z,SOLUSDT,SELL,75.40,0,"[bearish-cross-9/21-5m] Memory blocked this entry (counterfactual): Ledger shows 118 real prior losses vs 29 wins on bearish-cross-9/21-5m (net -32.75%) and learnings.md warns about it — this signal repeats a known bad trade, so SKIP.",scan-filtered,loss,-0.0480
2026-08-16T09:46:37.760Z,BTCUSDT,SELL,63000.00,0,"[bearish-cross-9/21-5m] Memory blocked this entry (counterfactual): Ledger shows 140 real prior losses vs 19 wins on bearish-cross-9/21-5m (net -46.11%) and learnings.md warns about it — this signal repeats a known bad trade, so SKIP.",scan-filtered,loss,-0.3136
2026-08-16T10:12:52.828Z,ETHUSDT,SELL,1879.93,0,"[bearish-cross-9/21-5m] Memory blocked this entry (counterfactual): Ledger shows 127 real prior losses vs 31 wins on bearish-cross-9/21-5m (net -44.12%) and learnings.md warns about it — this signal repeats a known bad trade, so SKIP.",scan-filtered,loss,-0.3415
2026-08-16T11:33:13.673Z,SOLUSDT,BUY,75.30,0,"[bullish-cross-9/21-5m] Memory blocked this entry (counterfactual): Ledger shows 120 real prior losses vs 28 wins on bullish-cross-9/21-5m (net -42.39%) and learnings.md warns about it — this signal repeats a known bad trade, so SKIP.",scan-filtered,loss,-0.3000
2026-08-16T11:48:19.810Z,BTCUSDT,SELL,62999.63,0,"[bearish-cross-9/21-5m] Memory blocked this entry (counterfactual): Ledger shows 141 real prior losses vs 19 wins on bearish-cross-9/21-5m (net -46.42%) and learnings.md warns about it — this signal repeats a known bad trade, so SKIP.",scan-filtered,loss,-0.2970
2026-08-16T12:08:28.592Z,ETHUSDT,SELL,1880.59,0,"[bearish-cross-9/21-5m] Memory blocked this entry (counterfactual): Ledger shows 128 real prior losses vs 31 wins on bearish-cross-9/21-5m (net -44.46%) and learnings.md warns about it — this signal repeats a known bad trade, so SKIP.",scan-filtered,loss,-0.2644
2026-08-16T12:43:37.221Z,SOLUSDT,BUY,75.26,0,"[bullish-cross-9/21-5m] Memory blocked this entry (counterfactual): Ledger shows 121 real prior losses vs 28 wins on bullish-cross-9/21-5m (net -42.69%) and learnings.md warns about it — this signal repeats a known bad trade, so SKIP.",scan-filtered,loss,-0.1140
2026-08-16T12:48:39.632Z,SOLUSDT,SELL,75.22,0,"[bearish-cross-9/21-5m] Memory blocked this entry (counterfactual): Ledger shows 119 real prior losses vs 29 wins on bearish-cross-9/21-5m (net -32.80%) and learnings.md warns about it — this signal repeats a known bad trade, so SKIP.",scan-filtered,loss,-0.5260
2026-08-16T13:28:57.282Z,ETHUSDT,BUY,1880.81,0,"[bullish-cross-9/21-5m] Memory blocked this entry (counterfactual): Ledger shows 126 real prior losses vs 26 wins on bullish-cross-9/21-5m (net -45.31%) and learnings.md warns about it — this signal repeats a known bad trade, so SKIP.",scan-filtered,loss,-0.1049
2026-08-16T13:28:57.579Z,SOLUSDT,BUY,75.37,0,"[bullish-cross-9/21-5m] Memory blocked this entry (counterfactual): Ledger shows 121 real prior losses vs 28 wins on bullish-cross-9/21-5m (net -42.69%) and learnings.md warns about it — this signal repeats a known bad trade, so SKIP.",scan-filtered,loss,-0.2867
2026-08-16T14:31:34.738Z,SOLUSDT,SELL,75.30,0,"[bearish-cross-9/21-5m] Memory blocked this entry (counterfactual): Ledger shows 120 real prior losses vs 29 wins on bearish-cross-9/21-5m (net -33.32%) and learnings.md warns about it — this signal repeats a known bad trade, so SKIP.",scan-filtered,loss,-0.6718
2026-08-16T14:56:45.638Z,SOLUSDT,BUY,75.42,0,"[bullish-cross-9/21-5m] Memory blocked this entry (counterfactual): Ledger shows 123 real prior losses vs 28 wins on bullish-cross-9/21-5m (net -43.09%) and learnings.md warns about it — this signal repeats a known bad trade, so SKIP.",scan-filtered,loss,-0.1144
2026-08-17T05:14:09.183Z,SOLUSDT,SELL,75.47,0,"[bearish-cross-9/21-5m] Memory blocked this entry (counterfactual): Ledger shows 121 real prior losses vs 29 wins on bearish-cross-9/21-5m (net -34.00%) and learnings.md warns about it — this signal repeats a known bad trade, so SKIP.",scan-filtered,loss,-0.3000
2026-08-17T05:39:19.421Z,ETHUSDT,SELL,1900.16,0,"[bearish-cross-9/21-5m] Memory blocked this entry (counterfactual): Ledger shows 129 real prior losses vs 31 wins on bearish-cross-9/21-5m (net -44.72%) and learnings.md warns about it — this signal repeats a known bad trade, so SKIP.",scan-filtered,loss,-0.3895
2026-08-17T05:54:25.701Z,BTCUSDT,SELL,63500.00,0,"[bearish-cross-9/21-5m] Memory blocked this entry (counterfactual): Ledger shows 142 real prior losses vs 19 wins on bearish-cross-9/21-5m (net -46.72%) and learnings.md warns about it — this signal repeats a known bad trade, so SKIP.",scan-filtered,loss,-0.6043
2026-08-17T05:59:27.736Z,BTCUSDT,BUY,63522.28,0,"[bullish-cross-9/21-5m] Memory blocked this entry (counterfactual): Ledger shows 135 real prior losses vs 21 wins on bullish-cross-9/21-5m (net -46.55%) and learnings.md warns about it — this signal repeats a known bad trade, so SKIP.",scan-filtered,loss,-0.1379
2026-08-17T06:04:29.818Z,BTCUSDT,SELL,63520.18,0,"[bearish-cross-9/21-5m] Memory blocked this entry (counterfactual): Ledger shows 142 real prior losses vs 19 wins on bearish-cross-9/21-5m (net -46.72%) and learnings.md warns about it — this signal repeats a known bad trade, so SKIP.",scan-filtered,loss,-0.5327
2026-08-17T06:24:39.100Z,BTCUSDT,BUY,63587.15,0,"[bullish-cross-9/21-5m] Memory blocked this entry (counterfactual): Ledger shows 135 real prior losses vs 21 wins on bullish-cross-9/21-5m (net -46.55%) and learnings.md warns about it — this signal repeats a known bad trade, so SKIP.",scan-filtered,loss,-0.3497
2026-08-17T06:49:50.569Z,ETHUSDT,BUY,1903.31,0,"[bullish-cross-9/21-5m] Memory blocked this entry (counterfactual): Ledger shows 127 real prior losses vs 26 wins on bullish-cross-9/21-5m (net -45.42%) and learnings.md warns about it — this signal repeats a known bad trade, so SKIP.",scan-filtered,loss,-0.3478
2026-08-17T06:49:50.790Z,SOLUSDT,BUY,75.63,0,"[bullish-cross-9/21-5m] Memory blocked this entry (counterfactual): Ledger shows 124 real prior losses vs 28 wins on bullish-cross-9/21-5m (net -43.21%) and learnings.md warns about it — this signal repeats a known bad trade, so SKIP.",scan-filtered,loss,-0.0356
2026-08-17T07:40:14.379Z,BTCUSDT,SELL,63560.02,0,"[bearish-cross-9/21-5m] Memory blocked this entry (counterfactual): Ledger shows 144 real prior losses vs 19 wins on bearish-cross-9/21-5m (net -47.86%) and learnings.md warns about it — this signal repeats a known bad trade, so SKIP.",scan-filtered,loss,-0.0471
2026-08-17T08:00:23.463Z,ETHUSDT,SELL,1900.93,0,"[bearish-cross-9/21-5m] Memory blocked this entry (counterfactual): Ledger shows 130 real prior losses vs 31 wins on bearish-cross-9/21-5m (net -45.11%) and learnings.md warns about it — this signal repeats a known bad trade, so SKIP.",scan-filtered,win,0.0419
2026-08-17T08:15:30.346Z,SOLUSDT,SELL,75.57,0,"[bearish-cross-9/21-5m] Memory blocked this entry (counterfactual): Ledger shows 122 real prior losses vs 29 wins on bearish-cross-9/21-5m (net -34.30%) and learnings.md warns about it — this signal repeats a known bad trade, so SKIP.",scan-filtered,loss,-0.0618
2026-08-17T09:46:24.699Z,ETHUSDT,BUY,1893.78,0,"[bullish-cross-9/21-5m] Memory blocked this entry (counterfactual): Ledger shows 128 real prior losses vs 26 wins on bullish-cross-9/21-5m (net -45.77%) and learnings.md warns about it — this signal repeats a known bad trade, so SKIP.",scan-filtered,win,0.4086
2026-08-17T09:56:28.752Z,ETHUSDT,SELL,1893.78,0,"[bearish-cross-9/21-5m] Memory blocked this entry (counterfactual): Ledger shows 130 real prior losses vs 32 wins on bearish-cross-9/21-5m (net -45.07%) and learnings.md warns about it — this signal repeats a known bad trade, so SKIP.",scan-filtered,loss,-0.9025
2026-08-17T10:06:32.924Z,SOLUSDT,BUY,75.36,0,"[bullish-cross-9/21-5m] Memory blocked this entry (counterfactual): Ledger shows 125 real prior losses vs 28 wins on bullish-cross-9/21-5m (net -43.24%) and learnings.md warns about it — this signal repeats a known bad trade, so SKIP.",scan-filtered,win,0.2839
2026-08-17T10:41:52.992Z,BTCUSDT,BUY,63528.80,0,"[bullish-cross-9/21-5m] Memory blocked this entry (counterfactual): Ledger shows 137 real prior losses vs 21 wins on bullish-cross-9/21-5m (net -47.04%) and learnings.md warns about it — this signal repeats a known bad trade, so SKIP.",scan-filtered,loss,-0.0425
2026-08-17T10:41:53.301Z,ETHUSDT,BUY,1903.60,0,"[bullish-cross-9/21-5m] Memory blocked this entry (counterfactual): Ledger shows 128 real prior losses vs 26 wins on bullish-cross-9/21-5m (net -45.77%) and learnings.md warns about it — this signal repeats a known bad trade, so SKIP.",scan-filtered,loss,-0.1513
2026-08-17T12:17:23.178Z,ETHUSDT,SELL,1904.45,0,"[bearish-cross-9/21-5m] Memory blocked this entry (counterfactual): Ledger shows 131 real prior losses vs 32 wins on bearish-cross-9/21-5m (net -45.97%) and learnings.md warns about it — this signal repeats a known bad trade, so SKIP.",scan-filtered,loss,-0.0259
2026-08-17T12:22:25.608Z,SOLUSDT,SELL,75.56,0,"[bearish-cross-9/21-5m] Memory blocked this entry (counterfactual): Ledger shows 123 real prior losses vs 29 wins on bearish-cross-9/21-5m (net -34.36%) and learnings.md warns about it — this signal repeats a known bad trade, so SKIP.",scan-filtered,loss,-0.0221
2026-08-17T12:27:27.356Z,BTCUSDT,SELL,63620.15,0,"[bearish-cross-9/21-5m] Memory blocked this entry (counterfactual): Ledger shows 145 real prior losses vs 19 wins on bearish-cross-9/21-5m (net -47.90%) and learnings.md warns about it — this signal repeats a known bad trade, so SKIP.",scan-filtered,loss,-0.0546
2026-08-17T13:39:48.350Z,JNJ,SELL,259.70,7,"[actual:tsmom28-1d-state-long] Exit: momentum flipped non-positive (-2.56%) — state exit; entry fill 260.49; ACTUAL round-trip P&L from real paper fills, gross of Alpaca fees (~50 bps RT taker at this tier).",alpaca-paper-exit,loss,-0.3033
2026-08-17T13:39:49.480Z,LLY,SELL,1172.29,1,"[actual:tsmom28-1d-state-long] Exit: momentum flipped non-positive (-4.45%) — state exit; entry fill 1221.68; ACTUAL round-trip P&L from real paper fills, gross of Alpaca fees (~50 bps RT taker at this tier).",alpaca-paper-exit,loss,-4.0428
2026-08-17T13:53:06.822Z,BTCUSDT,BUY,63713.92,0,"[bullish-cross-9/21-5m] Memory blocked this entry (counterfactual): Ledger shows 138 real prior losses vs 21 wins on bullish-cross-9/21-5m (net -47.08%) and learnings.md warns about it — this signal repeats a known bad trade, so SKIP.",scan-filtered,loss,-0.2465
2026-08-17T13:53:07.045Z,ETHUSDT,BUY,1907.21,0,"[bullish-cross-9/21-5m] Memory blocked this entry (counterfactual): Ledger shows 129 real prior losses vs 27 wins on bullish-cross-9/21-5m (net -45.51%) and learnings.md warns about it — this signal repeats a known bad trade, so SKIP.",scan-filtered,loss,-0.3650
2026-08-17T13:53:07.286Z,SOLUSDT,BUY,75.72,0,"[bullish-cross-9/21-5m] Memory blocked this entry (counterfactual): Ledger shows 125 real prior losses vs 29 wins on bullish-cross-9/21-5m (net -42.96%) and learnings.md warns about it — this signal repeats a known bad trade, so SKIP.",scan-filtered,loss,-0.1547
2026-08-17T14:48:33.615Z,ETHUSDT,SELL,1901.31,0,"[bearish-cross-9/21-5m] Memory blocked this entry (counterfactual): Ledger shows 132 real prior losses vs 32 wins on bearish-cross-9/21-5m (net -46.00%) and learnings.md warns about it — this signal repeats a known bad trade, so SKIP.",scan-filtered,loss,-0.7365
2026-08-17T16:59:27.417Z,ETHUSDT,SELL,1905.38,0,"[bearish-cross-9/21-5m] Memory blocked this entry (counterfactual): Ledger shows 133 real prior losses vs 32 wins on bearish-cross-9/21-5m (net -46.74%) and learnings.md warns about it — this signal repeats a known bad trade, so SKIP.",scan-filtered,loss,-0.4937
2026-08-17T17:14:35.622Z,BTCUSDT,SELL,64073.02,0,"[bearish-cross-9/21-5m] Memory blocked this entry (counterfactual): Ledger shows 146 real prior losses vs 19 wins on bearish-cross-9/21-5m (net -47.96%) and learnings.md warns about it — this signal repeats a known bad trade, so SKIP.",scan-filtered,loss,-0.6857
2026-08-17T17:14:36.229Z,SOLUSDT,SELL,75.91,0,"[bearish-cross-9/21-5m] Memory blocked this entry (counterfactual): Ledger shows 124 real prior losses vs 29 wins on bearish-cross-9/21-5m (net -34.38%) and learnings.md warns about it — this signal repeats a known bad trade, so SKIP.",scan-filtered,loss,-0.2868
2026-08-17T17:34:46.805Z,BTCUSDT,BUY,64207.27,0,"[bullish-cross-9/21-5m] Memory blocked this entry (counterfactual): Ledger shows 139 real prior losses vs 21 wins on bullish-cross-9/21-5m (net -47.33%) and learnings.md warns about it — this signal repeats a known bad trade, so SKIP.",scan-filtered,win,0.1364
2026-08-17T18:30:17.180Z,SOLUSDT,BUY,76.02,0,"[bullish-cross-9/21-5m] Memory blocked this entry (counterfactual): Ledger shows 126 real prior losses vs 29 wins on bullish-cross-9/21-5m (net -43.11%) and learnings.md warns about it — this signal repeats a known bad trade, so SKIP.",scan-filtered,loss,-0.4973
2026-08-17T18:55:30.115Z,QQQ,BUY,730.66,0,"[bullish-cross-9/21-5m] Memory blocked this entry (counterfactual): Ledger shows 10 real prior losses vs 4 wins on bullish-cross-9/21-5m (net -1.30%) and learnings.md warns about it — this signal repeats a known bad trade, so SKIP.",scan-filtered,loss,-0.3958
2026-08-17T19:05:36.038Z,SPY,BUY,773.34,0,"[bullish-cross-9/21-5m] Memory blocked this entry (counterfactual): Ledger shows 11 real prior losses vs 3 wins on bullish-cross-9/21-5m (net -2.73%) and learnings.md warns about it — this signal repeats a known bad trade, so SKIP.",scan-filtered,loss,-0.3763
2026-08-17T19:10:39.303Z,SPY,SELL,773.33,0,"[bearish-cross-9/21-5m] Memory blocked this entry (counterfactual): Ledger shows 10 real prior losses vs 0 wins on bearish-cross-9/21-5m (net -2.67%) and learnings.md warns about it — this signal repeats a known bad trade, so SKIP.",scan-filtered,win,0.2198
2026-08-17T19:15:41.506Z,SOLUSDT,SELL,75.79,0,"[bearish-cross-9/21-5m] Memory blocked this entry (counterfactual): Ledger shows 125 real prior losses vs 29 wins on bearish-cross-9/21-5m (net -34.67%) and learnings.md warns about it — this signal repeats a known bad trade, so SKIP.",scan-filtered,loss,-0.1944
2026-08-17T19:25:47.410Z,ETHUSDT,SELL,1908.09,0,"[bearish-cross-9/21-5m] Memory blocked this entry (counterfactual): Ledger shows 134 real prior losses vs 32 wins on bearish-cross-9/21-5m (net -47.23%) and learnings.md warns about it — this signal repeats a known bad trade, so SKIP.",scan-filtered,loss,-0.2565
2026-08-17T19:30:50.000Z,BTCUSDT,SELL,64404.00,0,"[bearish-cross-9/21-5m] Memory blocked this entry (counterfactual): Ledger shows 147 real prior losses vs 19 wins on bearish-cross-9/21-5m (net -48.64%) and learnings.md warns about it — this signal repeats a known bad trade, so SKIP.",scan-filtered,loss,-0.3188
2026-08-17T19:35:53.880Z,QQQ,SELL,730.03,0,"[bearish-cross-9/21-5m] Memory blocked this entry (counterfactual): Ledger shows 12 real prior losses vs 1 wins on bearish-cross-9/21-5m (net -5.05%) and learnings.md warns about it — this signal repeats a known bad trade, so SKIP.",scan-filtered,loss,-0.2069
2026-08-18T00:45:19.709Z,BTCUSDT,SELL,64397.06,0,"[bearish-cross-9/21-5m] Memory blocked this entry (counterfactual): Ledger shows 148 real prior losses vs 19 wins on bearish-cross-9/21-5m (net -48.96%) and learnings.md warns about it — this signal repeats a known bad trade, so SKIP.",scan-filtered,loss,-0.1244
2026-08-18T00:45:20.685Z,ETHUSDT,SELL,1909.88,0,"[bearish-cross-9/21-5m] Memory blocked this entry (counterfactual): Ledger shows 135 real prior losses vs 32 wins on bearish-cross-9/21-5m (net -47.49%) and learnings.md warns about it — this signal repeats a known bad trade, so SKIP.",scan-filtered,loss,-0.0518
2026-08-18T01:00:30.025Z,SOLUSDT,SELL,76.04,0,"[bearish-cross-9/21-5m] Memory blocked this entry (counterfactual): Ledger shows 126 real prior losses vs 29 wins on bearish-cross-9/21-5m (net -34.86%) and learnings.md warns about it — this signal repeats a known bad trade, so SKIP.",scan-filtered,win,0.2786
2026-08-18T09:41:01.784Z,BTCUSDT,SELL,64167.06,0,"[bearish-cross-9/21-5m] Memory blocked this entry (counterfactual): Ledger shows 149 real prior losses vs 19 wins on bearish-cross-9/21-5m (net -49.09%) and learnings.md warns about it — this signal repeats a known bad trade, so SKIP.",scan-filtered,loss,-0.3621
2026-08-18T11:21:35.491Z,SOLUSDT,BUY,76.33,0,"[bullish-cross-9/21-5m] Memory blocked this entry (counterfactual): Ledger shows 127 real prior losses vs 29 wins on bullish-cross-9/21-5m (net -43.61%) and learnings.md warns about it — this signal repeats a known bad trade, so SKIP.",scan-filtered,loss,-0.3524
2026-08-18T12:37:11.888Z,BTCUSDT,SELL,64303.82,0,"[bearish-cross-9/21-5m] Memory blocked this entry (counterfactual): Ledger shows 150 real prior losses vs 19 wins on bearish-cross-9/21-5m (net -49.45%) and learnings.md warns about it — this signal repeats a known bad trade, so SKIP.",scan-filtered,win,0.0201
2026-08-18T12:37:12.135Z,ETHUSDT,SELL,1901.78,0,"[bearish-cross-9/21-5m] Memory blocked this entry (counterfactual): Ledger shows 136 real prior losses vs 32 wins on bearish-cross-9/21-5m (net -47.54%) and learnings.md warns about it — this signal repeats a known bad trade, so SKIP.",scan-filtered,win,0.0139
2026-08-18T12:57:20.853Z,SOLUSDT,SELL,76.34,0,"[bearish-cross-9/21-5m] Memory blocked this entry (counterfactual): Ledger shows 126 real prior losses vs 30 wins on bearish-cross-9/21-5m (net -34.58%) and learnings.md warns about it — this signal repeats a known bad trade, so SKIP.",scan-filtered,win,0.0537
2026-08-18T14:16:21.307Z,BTCUSDT,BUY,64261.76,0,"[bullish-cross-9/21-5m] Memory blocked this entry (counterfactual): Ledger shows 139 real prior losses vs 22 wins on bullish-cross-9/21-5m (net -47.19%) and learnings.md warns about it — this signal repeats a known bad trade, so SKIP.",scan-filtered,win,0.4501
2026-08-18T16:09:48.927Z,QQQ,BUY,718.93,0,"[bullish-cross-9/21-5m] Memory blocked this entry (counterfactual): Ledger shows 11 real prior losses vs 4 wins on bullish-cross-9/21-5m (net -1.70%) and learnings.md warns about it — this signal repeats a known bad trade, so SKIP.",scan-filtered,loss,-0.2777
2026-08-18T16:14:51.722Z,SPY,BUY,768.44,0,"[bullish-cross-9/21-5m] Memory blocked this entry (counterfactual): Ledger shows 12 real prior losses vs 3 wins on bullish-cross-9/21-5m (net -3.10%) and learnings.md warns about it — this signal repeats a known bad trade, so SKIP.",scan-filtered,loss,-0.2649
2026-08-18T16:35:00.345Z,BTCUSDT,SELL,64744.33,0,"[bearish-cross-9/21-5m] Memory blocked this entry (counterfactual): Ledger shows 150 real prior losses vs 20 wins on bearish-cross-9/21-5m (net -49.43%) and learnings.md warns about it — this signal repeats a known bad trade, so SKIP.",scan-filtered,loss,-0.3642
2026-08-18T16:50:07.925Z,SOLUSDT,SELL,77.06,0,"[bearish-cross-9/21-5m] Memory blocked this entry (counterfactual): Ledger shows 126 real prior losses vs 31 wins on bearish-cross-9/21-5m (net -34.53%) and learnings.md warns about it — this signal repeats a known bad trade, so SKIP.",scan-filtered,loss,-0.2481
2026-08-18T17:20:22.443Z,BTCUSDT,BUY,64787.50,0,"[bullish-cross-9/21-5m] Memory blocked this entry (counterfactual): Ledger shows 139 real prior losses vs 23 wins on bullish-cross-9/21-5m (net -46.74%) and learnings.md warns about it — this signal repeats a known bad trade, so SKIP.",scan-filtered,loss,-0.3382
2026-08-18T17:35:29.984Z,ETHUSDT,SELL,1914.10,0,"[bearish-cross-9/21-5m] Memory blocked this entry (counterfactual): Ledger shows 136 real prior losses vs 33 wins on bearish-cross-9/21-5m (net -47.53%) and learnings.md warns about it — this signal repeats a known bad trade, so SKIP.",scan-filtered,loss,-0.4217
2026-08-18T17:35:30.602Z,QQQ,SELL,718.20,0,"[bearish-cross-9/21-5m] Memory blocked this entry (counterfactual): Ledger shows 13 real prior losses vs 1 wins on bearish-cross-9/21-5m (net -5.25%) and learnings.md warns about it — this signal repeats a known bad trade, so SKIP.",scan-filtered,loss,-0.2527
2026-08-18T17:40:33.244Z,SPY,SELL,768.22,0,"[bearish-cross-9/21-5m] Memory blocked this entry (counterfactual): Ledger shows 10 real prior losses vs 1 wins on bearish-cross-9/21-5m (net -2.45%) and learnings.md warns about it — this signal repeats a known bad trade, so SKIP.",scan-filtered,loss,-0.3130
2026-08-18T17:50:37.832Z,BTCUSDT,SELL,64698.03,0,"[bearish-cross-9/21-5m] Memory blocked this entry (counterfactual): Ledger shows 151 real prior losses vs 20 wins on bearish-cross-9/21-5m (net -49.79%) and learnings.md warns about it — this signal repeats a known bad trade, so SKIP.",scan-filtered,loss,-0.4514
2026-08-18T18:20:52.165Z,SOLUSDT,BUY,77.20,0,"[bullish-cross-9/21-5m] Memory blocked this entry (counterfactual): Ledger shows 128 real prior losses vs 29 wins on bullish-cross-9/21-5m (net -43.96%) and learnings.md warns about it — this signal repeats a known bad trade, so SKIP.",scan-filtered,loss,-0.2352
2026-08-18T18:46:05.578Z,ETHUSDT,BUY,1915.99,0,"[bullish-cross-9/21-5m] Memory blocked this entry (counterfactual): Ledger shows 130 real prior losses vs 27 wins on bullish-cross-9/21-5m (net -45.87%) and learnings.md warns about it — this signal repeats a known bad trade, so SKIP.",scan-filtered,loss,-0.3663
2026-08-18T18:51:08.228Z,BTCUSDT,BUY,64795.99,0,"[bullish-cross-9/21-5m] Memory blocked this entry (counterfactual): Ledger shows 140 real prior losses vs 23 wins on bullish-cross-9/21-5m (net -47.08%) and learnings.md warns about it — this signal repeats a known bad trade, so SKIP.",scan-filtered,loss,-0.4969
2026-08-18T18:56:12.027Z,SPY,BUY,767.80,0,"[bullish-cross-9/21-5m] Memory blocked this entry (counterfactual): Ledger shows 13 real prior losses vs 3 wins on bullish-cross-9/21-5m (net -3.37%) and learnings.md warns about it — this signal repeats a known bad trade, so SKIP.",scan-filtered,loss,-0.3501
2026-08-18T19:01:14.844Z,QQQ,BUY,717.26,0,"[bullish-cross-9/21-5m] Memory blocked this entry (counterfactual): Ledger shows 12 real prior losses vs 4 wins on bullish-cross-9/21-5m (net -1.97%) and learnings.md warns about it — this signal repeats a known bad trade, so SKIP.",scan-filtered,loss,-0.2303
2026-08-18T19:06:17.662Z,QQQ,SELL,717.25,0,"[bearish-cross-9/21-5m] Memory blocked this entry (counterfactual): Ledger shows 14 real prior losses vs 1 wins on bearish-cross-9/21-5m (net -5.50%) and learnings.md warns about it — this signal repeats a known bad trade, so SKIP.",scan-filtered,loss,-0.3572
2026-08-18T19:16:22.970Z,SPY,SELL,767.62,0,"[bearish-cross-9/21-5m] Memory blocked this entry (counterfactual): Ledger shows 11 real prior losses vs 1 wins on bearish-cross-9/21-5m (net -2.76%) and learnings.md warns about it — this signal repeats a known bad trade, so SKIP.",scan-filtered,loss,-0.3417
2026-08-18T19:36:32.379Z,BTCUSDT,SELL,64741.37,0,"[bearish-cross-9/21-5m] Memory blocked this entry (counterfactual): Ledger shows 152 real prior losses vs 20 wins on bearish-cross-9/21-5m (net -50.24%) and learnings.md warns about it — this signal repeats a known bad trade, so SKIP.",scan-filtered,loss,-0.1403
2026-08-18T19:46:38.434Z,ETHUSDT,SELL,1914.72,0,"[bearish-cross-9/21-5m] Memory blocked this entry (counterfactual): Ledger shows 137 real prior losses vs 33 wins on bearish-cross-9/21-5m (net -47.95%) and learnings.md warns about it — this signal repeats a known bad trade, so SKIP.",scan-filtered,loss,-0.2587
2026-08-18T19:51:42.268Z,QQQ,BUY,717.91,0,"[bullish-cross-9/21-5m] Memory blocked this entry (counterfactual): Ledger shows 12 real prior losses vs 4 wins on bullish-cross-9/21-5m (net -1.97%) and learnings.md warns about it — this signal repeats a known bad trade, so SKIP.",scan-filtered,loss,-0.3947
2026-08-18T19:56:44.934Z,QQQ,SELL,717.17,0,"[bearish-cross-9/21-5m] Memory blocked this entry (counterfactual): Ledger shows 14 real prior losses vs 1 wins on bearish-cross-9/21-5m (net -5.50%) and learnings.md warns about it — this signal repeats a known bad trade, so SKIP.",scan-filtered,loss,-0.6319
2026-08-18T20:01:47.558Z,SOLUSDT,SELL,77.18,0,"[bearish-cross-9/21-5m] Memory blocked this entry (counterfactual): Ledger shows 127 real prior losses vs 31 wins on bearish-cross-9/21-5m (net -34.78%) and learnings.md warns about it — this signal repeats a known bad trade, so SKIP.",scan-filtered,win,0.0757
2026-08-18T22:02:52.601Z,SOLUSDT,BUY,77.00,0,"[bullish-cross-9/21-5m] Memory blocked this entry (counterfactual): Ledger shows 129 real prior losses vs 29 wins on bullish-cross-9/21-5m (net -44.20%) and learnings.md warns about it — this signal repeats a known bad trade, so SKIP.",scan-filtered,loss,-0.3779
2026-08-18T22:33:08.016Z,ETHUSDT,BUY,1914.58,0,"[bullish-cross-9/21-5m] Memory blocked this entry (counterfactual): Ledger shows 131 real prior losses vs 27 wins on bullish-cross-9/21-5m (net -46.24%) and learnings.md warns about it — this signal repeats a known bad trade, so SKIP.",scan-filtered,loss,-0.0869
2026-08-18T22:58:21.095Z,BTCUSDT,BUY,64611.70,0,"[bullish-cross-9/21-5m] Memory blocked this entry (counterfactual): Ledger shows 141 real prior losses vs 23 wins on bullish-cross-9/21-5m (net -47.58%) and learnings.md warns about it — this signal repeats a known bad trade, so SKIP.",scan-filtered,loss,-0.0983
2026-08-18T23:28:38.015Z,SOLUSDT,SELL,77.10,0,"[bearish-cross-9/21-5m] Memory blocked this entry (counterfactual): Ledger shows 127 real prior losses vs 32 wins on bearish-cross-9/21-5m (net -34.70%) and learnings.md warns about it — this signal repeats a known bad trade, so SKIP.",scan-filtered,loss,-0.1444
2026-08-18T23:38:43.224Z,SOLUSDT,BUY,77.18,0,"[bullish-cross-9/21-5m] Memory blocked this entry (counterfactual): Ledger shows 130 real prior losses vs 29 wins on bullish-cross-9/21-5m (net -44.58%) and learnings.md warns about it — this signal repeats a known bad trade, so SKIP.",scan-filtered,loss,-0.5462
2026-08-19T00:24:07.196Z,SOLUSDT,SELL,76.92,0,"[bearish-cross-9/21-5m] Memory blocked this entry (counterfactual): Ledger shows 127 real prior losses vs 32 wins on bearish-cross-9/21-5m (net -34.70%) and learnings.md warns about it — this signal repeats a known bad trade, so SKIP.",scan-filtered,loss,-0.3130
2026-08-19T00:26:41.527Z,ETHUSDT,SELL,1914.20,1.054092441,"[actual:tsmom28-1d-state-long] Exit: momentum flipped non-positive (-0.63%) — state exit; entry fill 1886.22; ACTUAL round-trip P&L from real paper fills, gross of Alpaca fees (~50 bps RT taker at this tier).",alpaca-paper-exit,win,1.4834
2026-08-19T00:29:09.488Z,BTCUSDT,SELL,64612.00,0,"[bearish-cross-9/21-5m] Memory blocked this entry (counterfactual): Ledger shows 153 real prior losses vs 20 wins on bearish-cross-9/21-5m (net -50.38%) and learnings.md warns about it — this signal repeats a known bad trade, so SKIP.",scan-filtered,loss,-0.1035
2026-08-19T00:34:12.538Z,ETHUSDT,SELL,1916.48,0,"[bearish-cross-9/21-5m] Memory blocked this entry (counterfactual): Ledger shows 138 real prior losses vs 33 wins on bearish-cross-9/21-5m (net -48.21%) and learnings.md warns about it — this signal repeats a known bad trade, so SKIP.",scan-filtered,loss,-0.2410
2026-08-19T02:58:49.211Z,SOLUSDT,BUY,76.78,0,"[bullish-cross-9/21-5m] Memory blocked this entry (counterfactual): Ledger shows 131 real prior losses vs 29 wins on bullish-cross-9/21-5m (net -45.12%) and learnings.md warns about it — this signal repeats a known bad trade, so SKIP.",scan-filtered,loss,-0.0004
2026-08-19T03:44:53.471Z,ETHUSDT,BUY,1911.18,0,"[bullish-cross-9/21-5m] Memory blocked this entry (counterfactual): Ledger shows 132 real prior losses vs 27 wins on bullish-cross-9/21-5m (net -46.33%) and learnings.md warns about it — this signal repeats a known bad trade, so SKIP.",scan-filtered,loss,-0.2315
2026-08-19T04:50:30.572Z,BTCUSDT,BUY,64351.44,0,"[bullish-cross-9/21-5m] Memory blocked this entry (counterfactual): Ledger shows 142 real prior losses vs 23 wins on bullish-cross-9/21-5m (net -47.68%) and learnings.md warns about it — this signal repeats a known bad trade, so SKIP.",scan-filtered,loss,-0.3759
2026-08-19T04:55:33.683Z,ETHUSDT,SELL,1910.86,0,"[bearish-cross-9/21-5m] Memory blocked this entry (counterfactual): Ledger shows 139 real prior losses vs 33 wins on bearish-cross-9/21-5m (net -48.45%) and learnings.md warns about it — this signal repeats a known bad trade, so SKIP.",scan-filtered,loss,-0.3167
2026-08-19T04:55:34.093Z,SOLUSDT,SELL,76.83,0,"[bearish-cross-9/21-5m] Memory blocked this entry (counterfactual): Ledger shows 129 real prior losses vs 32 wins on bearish-cross-9/21-5m (net -35.16%) and learnings.md warns about it — this signal repeats a known bad trade, so SKIP.",scan-filtered,loss,-0.3000
2026-08-19T05:05:39.108Z,ETHUSDT,BUY,1911.95,0,"[bullish-cross-9/21-5m] Memory blocked this entry (counterfactual): Ledger shows 133 real prior losses vs 27 wins on bullish-cross-9/21-5m (net -46.56%) and learnings.md warns about it — this signal repeats a known bad trade, so SKIP.",scan-filtered,loss,-0.4506
2026-08-19T05:20:46.924Z,ETHUSDT,SELL,1911.85,0,"[bearish-cross-9/21-5m] Memory blocked this entry (counterfactual): Ledger shows 139 real prior losses vs 33 wins on bearish-cross-9/21-5m (net -48.45%) and learnings.md warns about it — this signal repeats a known bad trade, so SKIP.",scan-filtered,loss,-0.2383
2026-08-19T05:30:52.643Z,ETHUSDT,BUY,1913.60,0,"[bullish-cross-9/21-5m] Memory blocked this entry (counterfactual): Ledger shows 133 real prior losses vs 27 wins on bullish-cross-9/21-5m (net -46.56%) and learnings.md warns about it — this signal repeats a known bad trade, so SKIP.",scan-filtered,loss,-0.4406
2026-08-19T05:56:05.967Z,BTCUSDT,SELL,64260.06,0,"[bearish-cross-9/21-5m] Memory blocked this entry (counterfactual): Ledger shows 154 real prior losses vs 20 wins on bearish-cross-9/21-5m (net -50.49%) and learnings.md warns about it — this signal repeats a known bad trade, so SKIP.",scan-filtered,loss,-0.4026
2026-08-19T06:01:08.724Z,ETHUSDT,SELL,1910.27,0,"[bearish-cross-9/21-5m] Memory blocked this entry (counterfactual): Ledger shows 140 real prior losses vs 33 wins on bearish-cross-9/21-5m (net -48.76%) and learnings.md warns about it — this signal repeats a known bad trade, so SKIP.",scan-filtered,loss,-0.6853
2026-08-19T08:20:25.742Z,BTCUSDT,SELL,64287.29,0,"[bearish-cross-9/21-5m] Memory blocked this entry (counterfactual): Ledger shows 155 real prior losses vs 20 wins on bearish-cross-9/21-5m (net -50.89%) and learnings.md warns about it — this signal repeats a known bad trade, so SKIP.",scan-filtered,loss,-0.5002
2026-08-19T08:25:28.545Z,ETHUSDT,SELL,1916.02,0,"[bearish-cross-9/21-5m] Memory blocked this entry (counterfactual): Ledger shows 142 real prior losses vs 33 wins on bearish-cross-9/21-5m (net -49.69%) and learnings.md warns about it — this signal repeats a known bad trade, so SKIP.",scan-filtered,loss,-0.6330
2026-08-19T08:45:39.424Z,ETHUSDT,BUY,1924.35,0,"[bullish-cross-9/21-5m] Memory blocked this entry (counterfactual): Ledger shows 135 real prior losses vs 27 wins on bullish-cross-9/21-5m (net -47.45%) and learnings.md warns about it — this signal repeats a known bad trade, so SKIP.",scan-filtered,loss,-0.6045
2026-08-19T08:50:41.549Z,BTCUSDT,BUY,64459.00,0,"[bullish-cross-9/21-5m] Memory blocked this entry (counterfactual): Ledger shows 143 real prior losses vs 23 wins on bullish-cross-9/21-5m (net -48.05%) and learnings.md warns about it — this signal repeats a known bad trade, so SKIP.",scan-filtered,loss,-0.4239
2026-08-19T09:56:22.287Z,ETHUSDT,SELL,1918.99,0,"[bearish-cross-9/21-5m] Memory blocked this entry (counterfactual): Ledger shows 143 real prior losses vs 33 wins on bearish-cross-9/21-5m (net -50.32%) and learnings.md warns about it — this signal repeats a known bad trade, so SKIP.",scan-filtered,loss,-0.3063
2026-08-19T10:06:44.297Z,BTCUSDT,SELL,64410.24,0,"[bearish-cross-9/21-5m] Memory blocked this entry (counterfactual): Ledger shows 156 real prior losses vs 20 wins on bearish-cross-9/21-5m (net -51.39%) and learnings.md warns about it — this signal repeats a known bad trade, so SKIP.",scan-filtered,loss,-0.4392
2026-08-19T10:42:07.159Z,BTCUSDT,BUY,64422.01,0,"[bullish-cross-9/21-5m] Memory blocked this entry (counterfactual): Ledger shows 144 real prior losses vs 23 wins on bullish-cross-9/21-5m (net -48.48%) and learnings.md warns about it — this signal repeats a known bad trade, so SKIP.",scan-filtered,loss,-0.1776
2026-08-19T10:47:10.251Z,BTCUSDT,SELL,64409.75,0,"[bearish-cross-9/21-5m] Memory blocked this entry (counterfactual): Ledger shows 156 real prior losses vs 20 wins on bearish-cross-9/21-5m (net -51.39%) and learnings.md warns about it — this signal repeats a known bad trade, so SKIP.",scan-filtered,loss,-0.3954
2026-08-19T10:52:14.176Z,BTCUSDT,BUY,64404.61,0,"[bullish-cross-9/21-5m] Memory blocked this entry (counterfactual): Ledger shows 144 real prior losses vs 23 wins on bullish-cross-9/21-5m (net -48.48%) and learnings.md warns about it — this signal repeats a known bad trade, so SKIP.",scan-filtered,loss,-0.1519
2026-08-19T11:02:21.327Z,SOLUSDT,BUY,77.39,0,"[bullish-cross-9/21-5m] Memory blocked this entry (counterfactual): Ledger shows 132 real prior losses vs 29 wins on bullish-cross-9/21-5m (net -45.12%) and learnings.md warns about it — this signal repeats a known bad trade, so SKIP.",scan-filtered,loss,-0.0933
2026-08-19T11:12:28.184Z,ETHUSDT,BUY,1923.78,0,"[bullish-cross-9/21-5m] Memory blocked this entry (counterfactual): Ledger shows 136 real prior losses vs 27 wins on bullish-cross-9/21-5m (net -48.05%) and learnings.md warns about it — this signal repeats a known bad trade, so SKIP.",scan-filtered,loss,-0.3255
2026-08-19T13:57:07.372Z,QQQ,SELL,714.81,0,"[bearish-cross-9/21-5m] Memory blocked this entry (counterfactual): Ledger shows 16 real prior losses vs 1 wins on bearish-cross-9/21-5m (net -6.49%) and learnings.md warns about it — this signal repeats a known bad trade, so SKIP.",scan-filtered,loss,-0.7253
2026-08-19T14:13:38.613Z,AVGO,SELL,359.90,4,"[actual:tsmom28-1d-state-long] Exit: momentum flipped non-positive (-5.31%) — state exit; entry fill 421.34; ACTUAL round-trip P&L from real paper fills, gross of Alpaca fees (~50 bps RT taker at this tier).",alpaca-paper-exit,loss,-14.5820
2026-08-19T14:13:41.971Z,QQQ,SELL,713.24,2,"[actual:tsmom28-1d-state-long] Exit: momentum flipped non-positive (-0.75%) — state exit; entry fill 730.98; ACTUAL round-trip P&L from real paper fills, gross of Alpaca fees (~50 bps RT taker at this tier).",alpaca-paper-exit,loss,-2.4269
2026-08-19T14:13:54.142Z,LLY,BUY,1226.66,1,"[tsmom28-1d-state-long] Trailing 28-candle return is positive (0.91%) — state construction holds long while momentum is positive. || broker fill 1288.86 qty 1, slippage +7.0 bps vs decision mark 1287.95, signal-drift +507.1 bps vs signal close, order bot-LLY-1787097600000",alpaca-paper,open,
2026-08-19T14:13:59.656Z,JNJ,BUY,270.97,7,"[tsmom28-1d-state-long] Trailing 28-candle return is positive (4.60%) — state construction holds long while momentum is positive. || broker fill 276.02 qty 7, slippage +16.3 bps vs decision mark 275.57, signal-drift +186.4 bps vs signal close, order bot-JNJ-1787097600000",alpaca-paper,open,
2026-08-19T14:17:17.369Z,ETHUSDT,SELL,1937.05,0,"[bearish-cross-9/21-5m] Memory blocked this entry (counterfactual): Ledger shows 144 real prior losses vs 33 wins on bearish-cross-9/21-5m (net -50.63%) and learnings.md warns about it — this signal repeats a known bad trade, so SKIP.",scan-filtered,loss,-4.1553
2026-08-19T14:37:27.684Z,ETHUSDT,BUY,1934.57,0,"[bullish-cross-9/21-5m] Memory blocked this entry (counterfactual): Ledger shows 137 real prior losses vs 27 wins on bullish-cross-9/21-5m (net -48.38%) and learnings.md warns about it — this signal repeats a known bad trade, so SKIP.",scan-filtered,win,6.8716
2026-08-19T15:12:47.600Z,QQQ,BUY,717.76,0,"[bullish-cross-9/21-5m] Memory blocked this entry (counterfactual): Ledger shows 14 real prior losses vs 4 wins on bullish-cross-9/21-5m (net -2.60%) and learnings.md warns about it — this signal repeats a known bad trade, so SKIP.",scan-filtered,loss,-0.0952
2026-08-19T16:03:17.157Z,SPY,SELL,770.62,0,"[bearish-cross-9/21-5m] Memory blocked this entry (counterfactual): Ledger shows 12 real prior losses vs 1 wins on bearish-cross-9/21-5m (net -3.11%) and learnings.md warns about it — this signal repeats a known bad trade, so SKIP.",scan-filtered,loss,-0.1845
2026-08-19T16:48:43.719Z,SPY,BUY,770.39,0,"[bullish-cross-9/21-5m] Memory blocked this entry (counterfactual): Ledger shows 14 real prior losses vs 3 wins on bullish-cross-9/21-5m (net -3.72%) and learnings.md warns about it — this signal repeats a known bad trade, so SKIP.",scan-filtered,loss,-0.4051
2026-08-19T16:58:48.459Z,SPY,SELL,769.88,0,"[bearish-cross-9/21-5m] Memory blocked this entry (counterfactual): Ledger shows 12 real prior losses vs 1 wins on bearish-cross-9/21-5m (net -3.11%) and learnings.md warns about it — this signal repeats a known bad trade, so SKIP.",scan-filtered,loss,-0.2636
2026-08-19T17:08:54.415Z,SOLUSDT,SELL,81.47,0,"[bearish-cross-9/21-5m] Memory blocked this entry (counterfactual): Ledger shows 130 real prior losses vs 32 wins on bearish-cross-9/21-5m (net -35.46%) and learnings.md warns about it — this signal repeats a known bad trade, so SKIP.",scan-filtered,loss,-0.3245
2026-08-19T17:08:55.138Z,QQQ,SELL,716.97,0,"[bearish-cross-9/21-5m] Memory blocked this entry (counterfactual): Ledger shows 17 real prior losses vs 1 wins on bearish-cross-9/21-5m (net -7.22%) and learnings.md warns about it — this signal repeats a known bad trade, so SKIP.",scan-filtered,loss,-0.3042
2026-08-19T17:18:59.972Z,BTCUSDT,SELL,68242.39,0,"[bearish-cross-9/21-5m] Memory blocked this entry (counterfactual): Ledger shows 158 real prior losses vs 20 wins on bearish-cross-9/21-5m (net -52.23%) and learnings.md warns about it — this signal repeats a known bad trade, so SKIP.",scan-filtered,loss,-0.2282
2026-08-19T17:19:00.221Z,ETHUSDT,SELL,2079.43,0,"[bearish-cross-9/21-5m] Memory blocked this entry (counterfactual): Ledger shows 145 real prior losses vs 33 wins on bearish-cross-9/21-5m (net -54.78%) and learnings.md warns about it — this signal repeats a known bad trade, so SKIP.",scan-filtered,loss,-0.5881
2026-08-19T18:19:37.620Z,ETHUSDT,BUY,2085.42,0,"[bullish-cross-9/21-5m] Memory blocked this entry (counterfactual): Ledger shows 137 real prior losses vs 28 wins on bullish-cross-9/21-5m (net -41.51%) and learnings.md warns about it — this signal repeats a known bad trade, so SKIP.",scan-filtered,loss,-0.0732
2026-08-19T18:24:40.235Z,SOLUSDT,BUY,81.59,0,"[bullish-cross-9/21-5m] Memory blocked this entry (counterfactual): Ledger shows 133 real prior losses vs 29 wins on bullish-cross-9/21-5m (net -45.22%) and learnings.md warns about it — this signal repeats a known bad trade, so SKIP.",scan-filtered,win,0.6070
2026-08-19T18:39:48.742Z,BTCUSDT,BUY,68284.00,0,"[bullish-cross-9/21-5m] Memory blocked this entry (counterfactual): Ledger shows 146 real prior losses vs 23 wins on bullish-cross-9/21-5m (net -48.80%) and learnings.md warns about it — this signal repeats a known bad trade, so SKIP.",scan-filtered,loss,-0.3699
2026-08-19T18:44:52.528Z,SPY,BUY,769.82,0,"[bullish-cross-9/21-5m] Memory blocked this entry (counterfactual): Ledger shows 15 real prior losses vs 3 wins on bullish-cross-9/21-5m (net -4.12%) and learnings.md warns about it — this signal repeats a known bad trade, so SKIP.",scan-filtered,loss,-0.3779
2026-08-19T19:50:27.489Z,BTCUSDT,SELL,68378.02,0,"[bearish-cross-9/21-5m] Memory blocked this entry (counterfactual): Ledger shows 159 real prior losses vs 20 wins on bearish-cross-9/21-5m (net -52.45%) and learnings.md warns about it — this signal repeats a known bad trade, so SKIP.",scan-filtered,loss,-0.7783
2026-08-19T19:55:30.731Z,SPY,SELL,768.74,0,"[bearish-cross-9/21-5m] Memory blocked this entry (counterfactual): Ledger shows 14 real prior losses vs 1 wins on bearish-cross-9/21-5m (net -3.55%) and learnings.md warns about it — this signal repeats a known bad trade, so SKIP.",scan-filtered,loss,-0.0906
2026-08-19T20:00:32.546Z,BTCUSDT,BUY,68429.44,0,"[bullish-cross-9/21-5m] Memory blocked this entry (counterfactual): Ledger shows 147 real prior losses vs 23 wins on bullish-cross-9/21-5m (net -49.17%) and learnings.md warns about it — this signal repeats a known bad trade, so SKIP.",scan-filtered,win,0.6040
2026-08-20T01:25:24.152Z,BTCUSDT,SELL,69354.01,0,"[bearish-cross-9/21-5m] Memory blocked this entry (counterfactual): Ledger shows 160 real prior losses vs 20 wins on bearish-cross-9/21-5m (net -53.23%) and learnings.md warns about it — this signal repeats a known bad trade, so SKIP.",scan-filtered,loss,-0.5255
2026-08-20T09:28:06.908Z,ETHUSDT,BUY,2252.80,0.001,[tsmom28-1d-flip-long] Trailing 28-candle return flipped positive (-0.63% -> 16.47%) — momentum turned up.,scan,open,
2026-08-20T09:28:14.070Z,SOLUSDT,BUY,85.38,0.001,[tsmom28-1d-flip-long] Trailing 28-candle return flipped positive (-1.37% -> 9.50%) — momentum turned up.,scan,open,
2026-08-20T14:45:27.389Z,SPY,BUY,767.15,0,"[bullish-cross-9/21-5m] Memory blocked this entry (counterfactual): Ledger shows 16 real prior losses vs 3 wins on bullish-cross-9/21-5m (net -4.50%) and learnings.md warns about it — this signal repeats a known bad trade, so SKIP.",scan-filtered,loss,-0.5307
2026-08-20T14:55:32.848Z,QQQ,SELL,712.28,0,"[bearish-cross-9/21-5m] Memory blocked this entry (counterfactual): Ledger shows 18 real prior losses vs 1 wins on bearish-cross-9/21-5m (net -7.52%) and learnings.md warns about it — this signal repeats a known bad trade, so SKIP.",scan-filtered,loss,-0.1828
2026-08-20T15:05:37.590Z,ETHUSDT,SKIP,2298.58,0,"[bullish-cross-9/21-5m] Buying 0.001 would push the paper position to 0.00400000, above max position 0.003 — SKIP.",scan,skipped,
2026-08-20T15:05:38.205Z,QQQ,BUY,714.09,0,"[bullish-cross-9/21-5m] Memory blocked this entry (counterfactual): Ledger shows 15 real prior losses vs 4 wins on bullish-cross-9/21-5m (net -2.69%) and learnings.md warns about it — this signal repeats a known bad trade, so SKIP.",scan-filtered,loss,-0.7033
2026-08-20T15:10:39.984Z,BTCUSDT,BUY,72174.00,0,"[bullish-cross-9/21-5m] Memory blocked this entry (counterfactual): Ledger shows 147 real prior losses vs 24 wins on bullish-cross-9/21-5m (net -48.57%) and learnings.md warns about it — this signal repeats a known bad trade, so SKIP.",scan-filtered,win,0.1378
2026-08-20T15:15:43.078Z,SOLUSDT,BUY,87.03,0,"[bullish-cross-9/21-5m] Memory blocked this entry (counterfactual): Ledger shows 133 real prior losses vs 30 wins on bullish-cross-9/21-5m (net -44.61%) and learnings.md warns about it — this signal repeats a known bad trade, so SKIP.",scan-filtered,loss,-0.1506
2026-08-20T19:43:25.187Z,AAPL,BUY,316.90,6,"[tsmom28-1d-state-long] Trailing 28-candle return is positive (0.50%) — state construction holds long while momentum is positive. || broker fill 313.15 qty 6, slippage -1.3 bps vs decision mark 313.19, signal-drift -118.3 bps vs signal close, order bot-AAPL-1787184000000",alpaca-paper,open,
2026-08-20T19:47:29.523Z,BTCUSDT,BUY,72719.54,0,"[bullish-cross-9/21-5m] Memory blocked this entry (counterfactual): Ledger shows 147 real prior losses vs 25 wins on bullish-cross-9/21-5m (net -48.43%) and learnings.md warns about it — this signal repeats a known bad trade, so SKIP.",scan-filtered,loss,-0.2389
2026-08-20T19:47:29.763Z,ETHUSDT,SKIP,2329.95,0,"[bullish-cross-9/21-5m] Buying 0.001 would push the paper position to 0.00400000, above max position 0.003 — SKIP.",scan,skipped,
2026-08-20T20:43:00.668Z,ETHUSDT,SELL,2321.15,0,"[bearish-cross-9/21-5m] Memory blocked this entry (counterfactual): Ledger shows 146 real prior losses vs 33 wins on bearish-cross-9/21-5m (net -55.37%) and learnings.md warns about it — this signal repeats a known bad trade, so SKIP.",scan-filtered,loss,-0.1776
2026-08-20T21:18:18.890Z,BTCUSDT,SELL,72701.87,0,"[bearish-cross-9/21-5m] Memory blocked this entry (counterfactual): Ledger shows 161 real prior losses vs 20 wins on bearish-cross-9/21-5m (net -53.76%) and learnings.md warns about it — this signal repeats a known bad trade, so SKIP.",scan-filtered,loss,-0.1736
2026-08-20T21:58:51.705Z,BTCUSDT,BUY,72758.62,0,"[bullish-cross-9/21-5m] Memory blocked this entry (counterfactual): Ledger shows 148 real prior losses vs 25 wins on bullish-cross-9/21-5m (net -48.67%) and learnings.md warns about it — this signal repeats a known bad trade, so SKIP.",scan-filtered,loss,-0.1827
2026-08-20T22:03:55.549Z,SOLUSDT,SELL,87.50,0,"[bearish-cross-9/21-5m] Memory blocked this entry (counterfactual): Ledger shows 131 real prior losses vs 32 wins on bearish-cross-9/21-5m (net -35.78%) and learnings.md warns about it — this signal repeats a known bad trade, so SKIP.",scan-filtered,loss,-0.0029
2026-08-20T22:08:58.075Z,BTCUSDT,SELL,72506.01,0,"[bearish-cross-9/21-5m] Memory blocked this entry (counterfactual): Ledger shows 161 real prior losses vs 20 wins on bearish-cross-9/21-5m (net -53.76%) and learnings.md warns about it — this signal repeats a known bad trade, so SKIP.",scan-filtered,loss,-0.5901
2026-08-20T22:59:29.124Z,BTCUSDT,BUY,72844.00,0,"[bullish-cross-9/21-5m] Memory blocked this entry (counterfactual): Ledger shows 149 real prior losses vs 25 wins on bullish-cross-9/21-5m (net -48.85%) and learnings.md warns about it — this signal repeats a known bad trade, so SKIP.",scan-filtered,win,0.0679
2026-08-20T23:24:52.113Z,ETHUSDT,SKIP,2326.78,0,"[bullish-cross-9/21-5m] Buying 0.001 would push the paper position to 0.00400000, above max position 0.003 — SKIP.",scan,skipped,
2026-08-20T23:34:59.713Z,SOLUSDT,BUY,87.84,0,"[bullish-cross-9/21-5m] Memory blocked this entry (counterfactual): Ledger shows 134 real prior losses vs 30 wins on bullish-cross-9/21-5m (net -44.76%) and learnings.md warns about it — this signal repeats a known bad trade, so SKIP.",scan-filtered,win,0.3489
2026-08-21T00:45:25.384Z,AAVEUSDT,BUY,99.20,20.159922618,"[tsmom28-1d-state-long] Trailing 28-candle return is positive (4.45%) — state construction holds long while momentum is positive. || broker fill 99.031590612 qty 20.159922618, slippage +12.3 bps vs decision mark 98.91, signal-drift -17.0 bps vs signal close, order bot-AAVEUSDT-1787270400000",alpaca-paper,open,
2026-08-21T00:45:26.193Z,ARBUSDT,BUY,0.0909000,17997.495935567,"[tsmom28-1d-state-long] Trailing 28-candle return is positive (5.45%) — state construction holds long while momentum is positive. || broker fill 0.0907618 qty 17997.495935567, slippage +6.8 bps vs decision mark 0.0907000, signal-drift -15.2 bps vs signal close, order bot-ARBUSDT-1787270400000",alpaca-paper,open,
2026-08-21T00:45:27.958Z,AVAXUSDT,BUY,7.29100,275.531013702,"[tsmom28-1d-state-long] Trailing 28-candle return is positive (16.32%) — state construction holds long while momentum is positive. || broker fill 7.250944125 qty 275.531013702, slippage +19.3 bps vs decision mark 7.23700, signal-drift -54.9 bps vs signal close, order bot-AVAXUSDT-1787270400000",alpaca-paper,open,
2026-08-21T00:45:29.290Z,BCHUSDT,BUY,223.10,8.897893557,"[tsmom28-1d-state-long] Trailing 28-candle return is positive (5.34%) — state construction holds long while momentum is positive. || broker fill 224.15 qty 8.897893557, slippage +2.2 bps vs decision mark 224.10, signal-drift +47.1 bps vs signal close, order bot-BCHUSDT-1787270400000",alpaca-paper,open,
2026-08-21T02:45:29.950Z,ETHUSDT,SELL,2355.87,0,"[bearish-cross-9/21-5m] Memory blocked this entry (counterfactual): Ledger shows 147 real prior losses vs 33 wins on bearish-cross-9/21-5m (net -55.55%) and learnings.md warns about it — this signal repeats a known bad trade, so SKIP.",scan-filtered,loss,-0.0305
2026-08-21T02:55:34.333Z,BTCUSDT,SELL,74420.01,0,"[bearish-cross-9/21-5m] Memory blocked this entry (counterfactual): Ledger shows 163 real prior losses vs 20 wins on bearish-cross-9/21-5m (net -54.52%) and learnings.md warns about it — this signal repeats a known bad trade, so SKIP.",scan-filtered,loss,-0.6324
2026-08-21T03:31:01.405Z,SOLUSDT,SELL,89.37,0,"[bearish-cross-9/21-5m] Memory blocked this entry (counterfactual): Ledger shows 132 real prior losses vs 32 wins on bearish-cross-9/21-5m (net -35.79%) and learnings.md warns about it — this signal repeats a known bad trade, so SKIP.",scan-filtered,win,0.1588
2026-08-21T07:23:09.496Z,SOLUSDT,BUY,90.93,0,"[bullish-cross-9/21-5m] Memory blocked this entry (counterfactual): Ledger shows 134 real prior losses vs 31 wins on bullish-cross-9/21-5m (net -44.41%) and learnings.md warns about it — this signal repeats a known bad trade, so SKIP.",scan-filtered,loss,-0.1570
2026-08-21T07:28:11.305Z,SOLUSDT,SELL,90.35,0,"[bearish-cross-9/21-5m] Memory blocked this entry (counterfactual): Ledger shows 132 real prior losses vs 33 wins on bearish-cross-9/21-5m (net -35.63%) and learnings.md warns about it — this signal repeats a known bad trade, so SKIP.",scan-filtered,loss,-1.3183
2026-08-21T07:43:17.625Z,SOLUSDT,BUY,90.43,0,"[bullish-cross-9/21-5m] Memory blocked this entry (counterfactual): Ledger shows 134 real prior losses vs 31 wins on bullish-cross-9/21-5m (net -44.41%) and learnings.md warns about it — this signal repeats a known bad trade, so SKIP.",scan-filtered,win,1.5357
2026-08-21T09:49:11.856Z,ETHUSDT,SELL,2407.99,0,"[bearish-cross-9/21-5m] Memory blocked this entry (counterfactual): Ledger shows 148 real prior losses vs 33 wins on bearish-cross-9/21-5m (net -55.58%) and learnings.md warns about it — this signal repeats a known bad trade, so SKIP.",scan-filtered,win,0.1265
2026-08-21T09:49:12.156Z,SOLUSDT,SELL,91.86,0,"[bearish-cross-9/21-5m] Memory blocked this entry (counterfactual): Ledger shows 133 real prior losses vs 33 wins on bearish-cross-9/21-5m (net -36.95%) and learnings.md warns about it — this signal repeats a known bad trade, so SKIP.",scan-filtered,win,0.2443
2026-08-21T10:34:31.960Z,BTCUSDT,SELL,77928.54,0,"[bearish-cross-9/21-5m] Memory blocked this entry (counterfactual): Ledger shows 164 real prior losses vs 20 wins on bearish-cross-9/21-5m (net -55.15%) and learnings.md warns about it — this signal repeats a known bad trade, so SKIP.",scan-filtered,win,0.3538
2026-08-21T10:49:45.512Z,ETHUSDT,SKIP,2397.72,0,"[bullish-cross-9/21-5m] Buying 0.001 would push the paper position to 0.00400000, above max position 0.003 — SKIP.",scan,skipped,
2026-08-21T10:54:47.285Z,BTCUSDT,BUY,77794.54,0,"[bullish-cross-9/21-5m] Memory blocked this entry (counterfactual): Ledger shows 149 real prior losses vs 26 wins on bullish-cross-9/21-5m (net -48.79%) and learnings.md warns about it — this signal repeats a known bad trade, so SKIP.",scan-filtered,loss,-1.7083
2026-08-21T11:04:53.452Z,BTCUSDT,SELL,77810.02,0,"[bearish-cross-9/21-5m] Memory blocked this entry (counterfactual): Ledger shows 164 real prior losses vs 20 wins on bearish-cross-9/21-5m (net -55.15%) and learnings.md warns about it — this signal repeats a known bad trade, so SKIP.",scan-filtered,win,1.0979
2026-08-21T11:09:55.576Z,ETHUSDT,SELL,2397.00,0,"[bearish-cross-9/21-5m] Memory blocked this entry (counterfactual): Ledger shows 148 real prior losses vs 34 wins on bearish-cross-9/21-5m (net -55.45%) and learnings.md warns about it — this signal repeats a known bad trade, so SKIP.",scan-filtered,win,0.8172
2026-08-21T12:50:47.891Z,ETHUSDT,SKIP,2394.88,0,"[bullish-cross-9/21-5m] Buying 0.001 would push the paper position to 0.00400000, above max position 0.003 — SKIP.",scan,skipped,
2026-08-21T12:55:49.851Z,BTCUSDT,BUY,77173.99,0,"[bullish-cross-9/21-5m] Memory blocked this entry (counterfactual): Ledger shows 150 real prior losses vs 26 wins on bullish-cross-9/21-5m (net -50.49%) and learnings.md warns about it — this signal repeats a known bad trade, so SKIP.",scan-filtered,loss,-0.1186
2026-08-21T12:55:50.367Z,SOLUSDT,BUY,90.87,0,"[bullish-cross-9/21-5m] Memory blocked this entry (counterfactual): Ledger shows 135 real prior losses vs 32 wins on bullish-cross-9/21-5m (net -43.03%) and learnings.md warns about it — this signal repeats a known bad trade, so SKIP.",scan-filtered,loss,-0.1679
2026-08-21T14:00:28.072Z,QQQ,SELL,711.25,0,"[bearish-cross-9/21-5m] Memory blocked this entry (counterfactual): Ledger shows 19 real prior losses vs 1 wins on bearish-cross-9/21-5m (net -7.71%) and learnings.md warns about it — this signal repeats a known bad trade, so SKIP.",scan-filtered,loss,-0.3801
2026-08-21T14:05:29.950Z,BTCUSDT,SELL,76752.23,0,"[bearish-cross-9/21-5m] Memory blocked this entry (counterfactual): Ledger shows 164 real prior losses vs 22 wins on bearish-cross-9/21-5m (net -53.70%) and learnings.md warns about it — this signal repeats a known bad trade, so SKIP.",scan-filtered,loss,-1.3082
2026-08-21T14:10:32.951Z,ETHUSDT,SELL,2381.04,0,"[bearish-cross-9/21-5m] Memory blocked this entry (counterfactual): Ledger shows 148 real prior losses vs 35 wins on bearish-cross-9/21-5m (net -54.63%) and learnings.md warns about it — this signal repeats a known bad trade, so SKIP.",scan-filtered,loss,-1.1988
2026-08-21T14:15:20.467Z,AAPL,SELL,308.10,6,"[actual:tsmom28-1d-state-long] Exit: momentum flipped non-positive (-1.95%) — state exit; entry fill 313.15; ACTUAL round-trip P&L from real paper fills, gross of Alpaca fees (~50 bps RT taker at this tier).",alpaca-paper-exit,loss,-1.6137
2026-08-21T14:15:33.676Z,WMT,SELL,102.67,17,"[actual:tsmom28-1d-state-long] Exit: momentum flipped non-positive (-9.54%) — state exit; entry fill 114.67; ACTUAL round-trip P&L from real paper fills, gross of Alpaca fees (~50 bps RT taker at this tier).",alpaca-paper-exit,loss,-10.4674
2026-08-21T16:01:01.046Z,SOLUSDT,SELL,91.37,0,"[bearish-cross-9/21-5m] Memory blocked this entry (counterfactual): Ledger shows 133 real prior losses vs 34 wins on bearish-cross-9/21-5m (net -36.70%) and learnings.md warns about it — this signal repeats a known bad trade, so SKIP.",scan-filtered,loss,-0.5846
2026-08-21T16:11:06.549Z,BTCUSDT,SELL,76962.00,0,"[bearish-cross-9/21-5m] Memory blocked this entry (counterfactual): Ledger shows 165 real prior losses vs 22 wins on bearish-cross-9/21-5m (net -55.01%) and learnings.md warns about it — this signal repeats a known bad trade, so SKIP.",scan-filtered,loss,-1.1516
2026-08-21T16:21:13.348Z,ETHUSDT,SELL,2395.68,0,"[bearish-cross-9/21-5m] Memory blocked this entry (counterfactual): Ledger shows 149 real prior losses vs 35 wins on bearish-cross-9/21-5m (net -55.83%) and learnings.md warns about it — this signal repeats a known bad trade, so SKIP.",scan-filtered,loss,-0.8927
2026-08-21T16:46:30.482Z,SPY,SELL,766.38,0,"[bearish-cross-9/21-5m] Memory blocked this entry (counterfactual): Ledger shows 15 real prior losses vs 1 wins on bearish-cross-9/21-5m (net -3.64%) and learnings.md warns about it — this signal repeats a known bad trade, so SKIP.",scan-filtered,loss,-0.2054
2026-08-21T16:56:39.518Z,ETHUSDT,SKIP,2409.91,0,"[bullish-cross-9/21-5m] Buying 0.001 would push the paper position to 0.00400000, above max position 0.003 — SKIP.",scan,skipped,
2026-08-21T16:56:40.108Z,QQQ,SELL,713.31,0,"[bearish-cross-9/21-5m] Memory blocked this entry (counterfactual): Ledger shows 20 real prior losses vs 1 wins on bearish-cross-9/21-5m (net -8.09%) and learnings.md warns about it — this signal repeats a known bad trade, so SKIP.",scan-filtered,loss,-0.3098
2026-08-21T17:01:46.782Z,SOLUSDT,BUY,91.63,0,"[bullish-cross-9/21-5m] Memory blocked this entry (counterfactual): Ledger shows 136 real prior losses vs 32 wins on bullish-cross-9/21-5m (net -43.20%) and learnings.md warns about it — this signal repeats a known bad trade, so SKIP.",scan-filtered,loss,-0.1145
2026-08-21T17:06:49.074Z,BTCUSDT,BUY,77522.00,0,"[bullish-cross-9/21-5m] Memory blocked this entry (counterfactual): Ledger shows 151 real prior losses vs 26 wins on bullish-cross-9/21-5m (net -50.61%) and learnings.md warns about it — this signal repeats a known bad trade, so SKIP.",scan-filtered,loss,-0.3939
2026-08-21T18:17:51.229Z,BTCUSDT,SELL,77326.00,0,"[bearish-cross-9/21-5m] Memory blocked this entry (counterfactual): Ledger shows 166 real prior losses vs 22 wins on bearish-cross-9/21-5m (net -56.16%) and learnings.md warns about it — this signal repeats a known bad trade, so SKIP.",scan-filtered,loss,-0.0665
2026-08-21T18:58:20.623Z,ETHUSDT,SELL,2408.48,0,"[bearish-cross-9/21-5m] Memory blocked this entry (counterfactual): Ledger shows 150 real prior losses vs 35 wins on bearish-cross-9/21-5m (net -56.73%) and learnings.md warns about it — this signal repeats a known bad trade, so SKIP.",scan-filtered,loss,-0.5994
2026-08-21T18:58:20.852Z,SOLUSDT,SELL,91.35,0,"[bearish-cross-9/21-5m] Memory blocked this entry (counterfactual): Ledger shows 134 real prior losses vs 34 wins on bearish-cross-9/21-5m (net -37.29%) and learnings.md warns about it — this signal repeats a known bad trade, so SKIP.",scan-filtered,win,0.0503
2026-08-21T19:08:27.157Z,SPY,BUY,766.03,0,"[bullish-cross-9/21-5m] Memory blocked this entry (counterfactual): Ledger shows 17 real prior losses vs 3 wins on bullish-cross-9/21-5m (net -5.03%) and learnings.md warns about it — this signal repeats a known bad trade, so SKIP.",scan-filtered,loss,-0.3640
2026-08-21T19:23:36.769Z,QQQ,BUY,713.29,0,"[bullish-cross-9/21-5m] Memory blocked this entry (counterfactual): Ledger shows 16 real prior losses vs 4 wins on bullish-cross-9/21-5m (net -3.40%) and learnings.md warns about it — this signal repeats a known bad trade, so SKIP.",scan-filtered,loss,-0.3407
2026-08-21T19:53:52.282Z,BTCUSDT,BUY,77221.02,0,"[bullish-cross-9/21-5m] Memory blocked this entry (counterfactual): Ledger shows 152 real prior losses vs 26 wins on bullish-cross-9/21-5m (net -51.01%) and learnings.md warns about it — this signal repeats a known bad trade, so SKIP.",scan-filtered,loss,-0.0268
2026-08-21T20:09:02.255Z,ETHUSDT,SKIP,2426.87,0,"[bullish-cross-9/21-5m] Buying 0.001 would push the paper position to 0.00400000, above max position 0.003 — SKIP.",scan,skipped,
2026-08-21T23:19:06.921Z,BTCUSDT,SELL,78550.00,0,"[bearish-cross-9/21-5m] Memory blocked this entry (counterfactual): Ledger shows 167 real prior losses vs 22 wins on bearish-cross-9/21-5m (net -56.23%) and learnings.md warns about it — this signal repeats a known bad trade, so SKIP.",scan-filtered,win,0.5160
2026-08-22T22:47:59.162Z,ETHUSDT,SKIP,2414.61,0,"[bullish-cross-9/21-5m] Buying 0.001 would push the paper position to 0.00400000, above max position 0.003 — SKIP.",scan,skipped,
2026-08-22T22:47:59.390Z,SOLUSDT,BUY,93.76,0,"[bullish-cross-9/21-5m] Memory blocked this entry (counterfactual): Ledger shows 137 real prior losses vs 32 wins on bullish-cross-9/21-5m (net -43.31%) and learnings.md warns about it — this signal repeats a known bad trade, so SKIP.",scan-filtered,loss,-0.3960
2026-08-22T22:53:01.059Z,BTCUSDT,BUY,77045.74,0,"[bullish-cross-9/21-5m] Memory blocked this entry (counterfactual): Ledger shows 153 real prior losses vs 26 wins on bullish-cross-9/21-5m (net -51.03%) and learnings.md warns about it — this signal repeats a known bad trade, so SKIP.",scan-filtered,loss,-0.2373
2026-08-22T23:03:04.972Z,BTCUSDT,SELL,76997.76,0,"[bearish-cross-9/21-5m] Memory blocked this entry (counterfactual): Ledger shows 167 real prior losses vs 23 wins on bearish-cross-9/21-5m (net -55.71%) and learnings.md warns about it — this signal repeats a known bad trade, so SKIP.",scan-filtered,loss,-0.4002
2026-08-22T23:08:07.066Z,BTCUSDT,BUY,77053.80,0,"[bullish-cross-9/21-5m] Memory blocked this entry (counterfactual): Ledger shows 153 real prior losses vs 26 wins on bullish-cross-9/21-5m (net -51.03%) and learnings.md warns about it — this signal repeats a known bad trade, so SKIP.",scan-filtered,loss,-0.1933
2026-08-22T23:13:09.149Z,BTCUSDT,SELL,77018.41,0,"[bearish-cross-9/21-5m] Memory blocked this entry (counterfactual): Ledger shows 167 real prior losses vs 23 wins on bearish-cross-9/21-5m (net -55.71%) and learnings.md warns about it — this signal repeats a known bad trade, so SKIP.",scan-filtered,loss,-0.3974
2026-08-22T23:18:11.371Z,ETHUSDT,SELL,2415.42,0,"[bearish-cross-9/21-5m] Memory blocked this entry (counterfactual): Ledger shows 151 real prior losses vs 35 wins on bearish-cross-9/21-5m (net -57.32%) and learnings.md warns about it — this signal repeats a known bad trade, so SKIP.",scan-filtered,loss,-0.5302
2026-08-22T23:23:13.317Z,BTCUSDT,BUY,77011.11,0,"[bullish-cross-9/21-5m] Memory blocked this entry (counterfactual): Ledger shows 153 real prior losses vs 26 wins on bullish-cross-9/21-5m (net -51.03%) and learnings.md warns about it — this signal repeats a known bad trade, so SKIP.",scan-filtered,loss,-0.1793
2026-08-22T23:28:15.559Z,ETHUSDT,SKIP,2419.14,0,"[bullish-cross-9/21-5m] Buying 0.001 would push the paper position to 0.00400000, above max position 0.003 — SKIP.",scan,skipped,
2026-08-22T23:38:20.029Z,BTCUSDT,SELL,76904.73,0,"[bearish-cross-9/21-5m] Memory blocked this entry (counterfactual): Ledger shows 167 real prior losses vs 23 wins on bearish-cross-9/21-5m (net -55.71%) and learnings.md warns about it — this signal repeats a known bad trade, so SKIP.",scan-filtered,loss,-0.7841
2026-08-22T23:48:26.252Z,SOLUSDT,SELL,93.67,0,"[bearish-cross-9/21-5m] Memory blocked this entry (counterfactual): Ledger shows 134 real prior losses vs 35 wins on bearish-cross-9/21-5m (net -37.24%) and learnings.md warns about it — this signal repeats a known bad trade, so SKIP.",scan-filtered,loss,-3.1611
2026-08-23T18:51:36.567Z,SOLUSDT,BUY,95.25,0,"[bullish-cross-9/21-5m] Memory blocked this entry (counterfactual): Ledger shows 138 real prior losses vs 32 wins on bullish-cross-9/21-5m (net -43.71%) and learnings.md warns about it — this signal repeats a known bad trade, so SKIP.",scan-filtered,loss,-0.3105
2026-08-23T19:25:25.508Z,SOLUSDT,SELL,95.05,0,"[bearish-cross-9/21-5m] Memory blocked this entry (counterfactual): Ledger shows 135 real prior losses vs 35 wins on bearish-cross-9/21-5m (net -40.40%) and learnings.md warns about it — this signal repeats a known bad trade, so SKIP.",scan-filtered,loss,-0.5630
2026-08-23T19:45:33.888Z,ETHUSDT,SELL,2448.13,0,"[bearish-cross-9/21-5m] Memory blocked this entry (counterfactual): Ledger shows 152 real prior losses vs 35 wins on bearish-cross-9/21-5m (net -57.86%) and learnings.md warns about it — this signal repeats a known bad trade, so SKIP.",scan-filtered,loss,-0.3637
2026-08-23T20:16:10.983Z,BTCUSDT,SELL,77272.00,0,"[bearish-cross-9/21-5m] Memory blocked this entry (counterfactual): Ledger shows 170 real prior losses vs 23 wins on bearish-cross-9/21-5m (net -57.29%) and learnings.md warns about it — this signal repeats a known bad trade, so SKIP.",scan-filtered,loss,-0.8509
2026-08-23T20:46:24.537Z,SOLUSDT,BUY,95.18,0,"[bullish-cross-9/21-5m] Memory blocked this entry (counterfactual): Ledger shows 139 real prior losses vs 32 wins on bullish-cross-9/21-5m (net -44.02%) and learnings.md warns about it — this signal repeats a known bad trade, so SKIP.",scan-filtered,loss,-0.1949
2026-08-23T20:51:26.566Z,BTCUSDT,BUY,77412.92,0,"[bullish-cross-9/21-5m] Memory blocked this entry (counterfactual): Ledger shows 156 real prior losses vs 26 wins on bullish-cross-9/21-5m (net -51.64%) and learnings.md warns about it — this signal repeats a known bad trade, so SKIP.",scan-filtered,win,0.1871
2026-08-23T20:51:26.800Z,ETHUSDT,SKIP,2448.10,0,"[bullish-cross-9/21-5m] Buying 0.001 would push the paper position to 0.00400000, above max position 0.003 — SKIP.",scan,skipped,
2026-08-23T22:18:31.264Z,SOLUSDT,SELL,95.25,0,"[bearish-cross-9/21-5m] Memory blocked this entry (counterfactual): Ledger shows 136 real prior losses vs 35 wins on bearish-cross-9/21-5m (net -40.96%) and learnings.md warns about it — this signal repeats a known bad trade, so SKIP.",scan-filtered,loss,-0.2160
2026-08-23T22:38:52.352Z,ETHUSDT,SELL,2460.10,0,"[bearish-cross-9/21-5m] Memory blocked this entry (counterfactual): Ledger shows 153 real prior losses vs 35 wins on bearish-cross-9/21-5m (net -58.22%) and learnings.md warns about it — this signal repeats a known bad trade, so SKIP.",scan-filtered,loss,-0.3569
2026-08-23T22:43:58.985Z,BTCUSDT,SELL,77690.07,0,"[bearish-cross-9/21-5m] Memory blocked this entry (counterfactual): Ledger shows 171 real prior losses vs 23 wins on bearish-cross-9/21-5m (net -58.14%) and learnings.md warns about it — this signal repeats a known bad trade, so SKIP.",scan-filtered,loss,-0.1103
2026-08-23T23:09:26.680Z,SOLUSDT,BUY,95.46,0,"[bullish-cross-9/21-5m] Memory blocked this entry (counterfactual): Ledger shows 140 real prior losses vs 32 wins on bullish-cross-9/21-5m (net -44.22%) and learnings.md warns about it — this signal repeats a known bad trade, so SKIP.",scan-filtered,loss,-0.6771
2026-08-23T23:40:05.873Z,SOLUSDT,SELL,95.25,0,"[bearish-cross-9/21-5m] Memory blocked this entry (counterfactual): Ledger shows 137 real prior losses vs 35 wins on bearish-cross-9/21-5m (net -41.18%) and learnings.md warns about it — this signal repeats a known bad trade, so SKIP.",scan-filtered,win,0.2774
2026-08-24T00:05:19.881Z,ETHUSDT,SKIP,2457.54,0,"[bullish-cross-9/21-5m] Buying 0.001 would push the paper position to 0.00400000, above max position 0.003 — SKIP.",scan,skipped,
2026-08-24T00:10:22.671Z,BTCUSDT,BUY,77695.37,0,"[bullish-cross-9/21-5m] Memory blocked this entry (counterfactual): Ledger shows 156 real prior losses vs 27 wins on bullish-cross-9/21-5m (net -51.46%) and learnings.md warns about it — this signal repeats a known bad trade, so SKIP.",scan-filtered,loss,-0.6198
2026-08-24T00:45:38.383Z,BTCUSDT,SELL,77236.04,0,"[bearish-cross-9/21-5m] Memory blocked this entry (counterfactual): Ledger shows 172 real prior losses vs 23 wins on bearish-cross-9/21-5m (net -58.26%) and learnings.md warns about it — this signal repeats a known bad trade, so SKIP.",scan-filtered,loss,-0.2715
2026-08-24T00:45:38.618Z,ETHUSDT,SELL,2445.67,0,"[bearish-cross-9/21-5m] Memory blocked this entry (counterfactual): Ledger shows 154 real prior losses vs 35 wins on bearish-cross-9/21-5m (net -58.58%) and learnings.md warns about it — this signal repeats a known bad trade, so SKIP.",scan-filtered,loss,-0.0399
2026-08-24T02:53:45.352Z,ETHUSDT,SKIP,2441.49,0,"[bullish-cross-9/21-5m] Buying 0.001 would push the paper position to 0.00400000, above max position 0.003 — SKIP.",scan,skipped,
2026-08-24T09:30:13.411Z,BTCUSDT,BUY,77418.79,0,"[bullish-cross-9/21-5m] Memory blocked this entry (counterfactual): Ledger shows 157 real prior losses vs 27 wins on bullish-cross-9/21-5m (net -52.08%) and learnings.md warns about it — this signal repeats a known bad trade, so SKIP.",scan-filtered,win,0.2678
2026-08-24T15:53:10.492Z,ETHUSDT,SELL,2496.04,0,"[bearish-cross-9/21-5m] Memory blocked this entry (counterfactual): Ledger shows 155 real prior losses vs 35 wins on bearish-cross-9/21-5m (net -58.62%) and learnings.md warns about it — this signal repeats a known bad trade, so SKIP.",scan-filtered,win,0.0221
2026-08-24T16:08:20.912Z,BTCUSDT,SELL,79285.03,0,"[bearish-cross-9/21-5m] Memory blocked this entry (counterfactual): Ledger shows 173 real prior losses vs 23 wins on bearish-cross-9/21-5m (net -58.53%) and learnings.md warns about it — this signal repeats a known bad trade, so SKIP.",scan-filtered,win,0.2506
2026-08-24T16:48:54.364Z,BTCUSDT,BUY,79371.01,0,"[bullish-cross-9/21-5m] Memory blocked this entry (counterfactual): Ledger shows 157 real prior losses vs 28 wins on bullish-cross-9/21-5m (net -51.81%) and learnings.md warns about it — this signal repeats a known bad trade, so SKIP.",scan-filtered,loss,-1.2261
2026-08-24T17:04:04.485Z,BTCUSDT,SELL,79047.60,0,"[bearish-cross-9/21-5m] Memory blocked this entry (counterfactual): Ledger shows 173 real prior losses vs 23 wins on bearish-cross-9/21-5m (net -58.53%) and learnings.md warns about it — this signal repeats a known bad trade, so SKIP.",scan-filtered,win,0.0624
2026-08-24T17:04:05.349Z,SOLUSDT,SELL,96.07,0,"[bearish-cross-9/21-5m] Memory blocked this entry (counterfactual): Ledger shows 137 real prior losses vs 36 wins on bearish-cross-9/21-5m (net -40.90%) and learnings.md warns about it — this signal repeats a known bad trade, so SKIP.",scan-filtered,win,0.3974
2026-08-24T17:14:12.454Z,SPY,SELL,764.45,0,"[bearish-cross-9/21-5m] Memory blocked this entry (counterfactual): Ledger shows 16 real prior losses vs 1 wins on bearish-cross-9/21-5m (net -3.85%) and learnings.md warns about it — this signal repeats a known bad trade, so SKIP.",scan-filtered,loss,-0.2333
2026-08-24T17:24:18.867Z,QQQ,SELL,708.06,0,"[bearish-cross-9/21-5m] Memory blocked this entry (counterfactual): Ledger shows 21 real prior losses vs 1 wins on bearish-cross-9/21-5m (net -8.40%) and learnings.md warns about it — this signal repeats a known bad trade, so SKIP.",scan-filtered,loss,-0.3085
2026-08-24T18:30:07.346Z,ETHUSDT,SKIP,2479.54,0,"[bullish-cross-9/21-5m] Buying 0.001 would push the paper position to 0.00400000, above max position 0.003 — SKIP.",scan,skipped,
2026-08-24T18:30:07.657Z,SOLUSDT,BUY,96.29,0,"[bullish-cross-9/21-5m] Memory blocked this entry (counterfactual): Ledger shows 141 real prior losses vs 32 wins on bullish-cross-9/21-5m (net -44.89%) and learnings.md warns about it — this signal repeats a known bad trade, so SKIP.",scan-filtered,loss,-0.6531
2026-08-24T18:30:08.363Z,SPY,BUY,764.83,0,"[bullish-cross-9/21-5m] Memory blocked this entry (counterfactual): Ledger shows 18 real prior losses vs 3 wins on bullish-cross-9/21-5m (net -5.39%) and learnings.md warns about it — this signal repeats a known bad trade, so SKIP.",scan-filtered,loss,-0.4105
2026-08-24T18:30:08.872Z,QQQ,BUY,709.16,0,"[bullish-cross-9/21-5m] Memory blocked this entry (counterfactual): Ledger shows 17 real prior losses vs 4 wins on bullish-cross-9/21-5m (net -3.74%) and learnings.md warns about it — this signal repeats a known bad trade, so SKIP.",scan-filtered,loss,-0.5045
2026-08-24T18:35:11.359Z,BTCUSDT,BUY,78947.07,0,"[bullish-cross-9/21-5m] Memory blocked this entry (counterfactual): Ledger shows 158 real prior losses vs 28 wins on bullish-cross-9/21-5m (net -53.03%) and learnings.md warns about it — this signal repeats a known bad trade, so SKIP.",scan-filtered,loss,-0.3620
2026-08-24T19:20:44.409Z,ETHUSDT,SELL,2463.99,0,"[bearish-cross-9/21-5m] Memory blocked this entry (counterfactual): Ledger shows 155 real prior losses vs 36 wins on bearish-cross-9/21-5m (net -58.59%) and learnings.md warns about it — this signal repeats a known bad trade, so SKIP.",scan-filtered,loss,-0.6011
2026-08-24T19:25:47.913Z,QQQ,SELL,707.66,0,"[bearish-cross-9/21-5m] Memory blocked this entry (counterfactual): Ledger shows 22 real prior losses vs 1 wins on bearish-cross-9/21-5m (net -8.70%) and learnings.md warns about it — this signal repeats a known bad trade, so SKIP.",scan-filtered,loss,-0.0796
2026-08-24T19:30:50.878Z,SOLUSDT,SELL,95.95,0,"[bearish-cross-9/21-5m] Memory blocked this entry (counterfactual): Ledger shows 137 real prior losses vs 37 wins on bearish-cross-9/21-5m (net -40.50%) and learnings.md warns about it — this signal repeats a known bad trade, so SKIP.",scan-filtered,loss,-0.2896
2026-08-24T19:35:53.315Z,BTCUSDT,SELL,78898.10,0,"[bearish-cross-9/21-5m] Memory blocked this entry (counterfactual): Ledger shows 173 real prior losses vs 25 wins on bearish-cross-9/21-5m (net -58.21%) and learnings.md warns about it — this signal repeats a known bad trade, so SKIP.",scan-filtered,loss,-0.1709
2026-08-24T19:35:54.781Z,SPY,SELL,763.74,0,"[bearish-cross-9/21-5m] Memory blocked this entry (counterfactual): Ledger shows 17 real prior losses vs 1 wins on bearish-cross-9/21-5m (net -4.08%) and learnings.md warns about it — this signal repeats a known bad trade, so SKIP.",scan-filtered,loss,-0.6633
2026-08-24T19:56:07.028Z,SOLUSDT,BUY,96.44,0,"[bullish-cross-9/21-5m] Memory blocked this entry (counterfactual): Ledger shows 142 real prior losses vs 32 wins on bullish-cross-9/21-5m (net -45.55%) and learnings.md warns about it — this signal repeats a known bad trade, so SKIP.",scan-filtered,loss,-0.2896
2026-08-24T20:37:03.159Z,ETHUSDT,SKIP,2470.94,0,"[bullish-cross-9/21-5m] Buying 0.001 would push the paper position to 0.00400000, above max position 0.003 — SKIP.",scan,skipped,
2026-08-24T21:02:53.601Z,BTCUSDT,BUY,78932.33,0,"[bullish-cross-9/21-5m] Memory blocked this entry (counterfactual): Ledger shows 159 real prior losses vs 28 wins on bullish-cross-9/21-5m (net -53.40%) and learnings.md warns about it — this signal repeats a known bad trade, so SKIP.",scan-filtered,loss,-0.2342
2026-08-24T22:29:34.386Z,BTCUSDT,SELL,78852.56,0,"[bearish-cross-9/21-5m] Memory blocked this entry (counterfactual): Ledger shows 174 real prior losses vs 25 wins on bearish-cross-9/21-5m (net -58.38%) and learnings.md warns about it — this signal repeats a known bad trade, so SKIP.",scan-filtered,loss,-0.4047
2026-08-24T22:44:58.162Z,ETHUSDT,SELL,2482.15,0,"[bearish-cross-9/21-5m] Memory blocked this entry (counterfactual): Ledger shows 156 real prior losses vs 36 wins on bearish-cross-9/21-5m (net -59.19%) and learnings.md warns about it — this signal repeats a known bad trade, so SKIP.",scan-filtered,loss,-0.4753
2026-08-24T23:46:17.345Z,BTCUSDT,BUY,78956.01,0,"[bullish-cross-9/21-5m] Memory blocked this entry (counterfactual): Ledger shows 160 real prior losses vs 28 wins on bullish-cross-9/21-5m (net -53.63%) and learnings.md warns about it — this signal repeats a known bad trade, so SKIP.",scan-filtered,win,0.2269
2026-08-24T23:46:17.638Z,ETHUSDT,SKIP,2485.12,0,"[bullish-cross-9/21-5m] Buying 0.001 would push the paper position to 0.00400000, above max position 0.003 — SKIP.",scan,skipped,
2026-08-25T00:32:13.397Z,ETHUSDT,SELL,2478.99,0,"[bearish-cross-9/21-5m] Memory blocked this entry (counterfactual): Ledger shows 157 real prior losses vs 36 wins on bearish-cross-9/21-5m (net -59.67%) and learnings.md warns about it — this signal repeats a known bad trade, so SKIP.",scan-filtered,loss,-1.0902
2026-08-25T00:52:29.989Z,ETHUSDT,SKIP,2493.53,0,"[bullish-cross-9/21-5m] Buying 0.001 would push the paper position to 0.00400000, above max position 0.003 — SKIP.",scan,skipped,
2026-08-25T02:08:11.759Z,SOLUSDT,SELL,100.45,0,"[bearish-cross-9/21-5m] Memory blocked this entry (counterfactual): Ledger shows 138 real prior losses vs 37 wins on bearish-cross-9/21-5m (net -40.79%) and learnings.md warns about it — this signal repeats a known bad trade, so SKIP.",scan-filtered,loss,-1.1661
2026-08-25T02:53:40.979Z,SOLUSDT,BUY,101.47,0,"[bullish-cross-9/21-5m] Memory blocked this entry (counterfactual): Ledger shows 143 real prior losses vs 32 wins on bullish-cross-9/21-5m (net -45.84%) and learnings.md warns about it — this signal repeats a known bad trade, so SKIP.",scan-filtered,loss,-0.3591
2026-08-25T03:39:04.846Z,ETHUSDT,SELL,2506.40,0,"[bearish-cross-9/21-5m] Memory blocked this entry (counterfactual): Ledger shows 158 real prior losses vs 36 wins on bearish-cross-9/21-5m (net -60.76%) and learnings.md warns about it — this signal repeats a known bad trade, so SKIP.",scan-filtered,win,0.1947
2026-08-25T03:59:18.459Z,BTCUSDT,SELL,80558.50,0,"[bearish-cross-9/21-5m] Memory blocked this entry (counterfactual): Ledger shows 175 real prior losses vs 25 wins on bearish-cross-9/21-5m (net -58.79%) and learnings.md warns about it — this signal repeats a known bad trade, so SKIP.",scan-filtered,win,0.0929
2026-08-25T04:44:45.200Z,SOLUSDT,SELL,101.15,0,"[bearish-cross-9/21-5m] Memory blocked this entry (counterfactual): Ledger shows 139 real prior losses vs 37 wins on bearish-cross-9/21-5m (net -41.96%) and learnings.md warns about it — this signal repeats a known bad trade, so SKIP.",scan-filtered,loss,-1.3084
2026-08-25T05:25:08.852Z,BTCUSDT,BUY,80557.83,0,"[bullish-cross-9/21-5m] Memory blocked this entry (counterfactual): Ledger shows 160 real prior losses vs 29 wins on bullish-cross-9/21-5m (net -53.40%) and learnings.md warns about it — this signal repeats a known bad trade, so SKIP.",scan-filtered,loss,-0.0242
2026-08-25T05:25:09.084Z,ETHUSDT,SKIP,2505.00,0,"[bullish-cross-9/21-5m] Buying 0.001 would push the paper position to 0.00400000, above max position 0.003 — SKIP.",scan,skipped,
2026-08-25T05:25:09.369Z,SOLUSDT,BUY,101.94,0,"[bullish-cross-9/21-5m] Memory blocked this entry (counterfactual): Ledger shows 144 real prior losses vs 32 wins on bullish-cross-9/21-5m (net -46.19%) and learnings.md warns about it — this signal repeats a known bad trade, so SKIP.",scan-filtered,loss,-0.5649
2026-08-25T06:35:49.291Z,SOLUSDT,SELL,101.39,0,"[bearish-cross-9/21-5m] Memory blocked this entry (counterfactual): Ledger shows 140 real prior losses vs 37 wins on bearish-cross-9/21-5m (net -43.26%) and learnings.md warns about it — this signal repeats a known bad trade, so SKIP.",scan-filtered,loss,-0.4479
2026-08-25T06:56:00.351Z,BTCUSDT,SELL,80485.74,0,"[bearish-cross-9/21-5m] Memory blocked this entry (counterfactual): Ledger shows 175 real prior losses vs 26 wins on bearish-cross-9/21-5m (net -58.70%) and learnings.md warns about it — this signal repeats a known bad trade, so SKIP.",scan-filtered,win,0.5660
2026-08-25T06:56:00.649Z,ETHUSDT,SELL,2499.65,0,"[bearish-cross-9/21-5m] Memory blocked this entry (counterfactual): Ledger shows 158 real prior losses vs 37 wins on bearish-cross-9/21-5m (net -60.57%) and learnings.md warns about it — this signal repeats a known bad trade, so SKIP.",scan-filtered,win,0.3425
2026-08-25T07:57:21.559Z,SOLUSDT,SELL,100.51,0,"[bearish-cross-9/21-5m] Memory blocked this entry (counterfactual): Ledger shows 141 real prior losses vs 37 wins on bearish-cross-9/21-5m (net -43.71%) and learnings.md warns about it — this signal repeats a known bad trade, so SKIP.",scan-filtered,loss,-0.2801
2026-08-25T09:43:20.960Z,ETHUSDT,SKIP,2487.48,0,"[bullish-cross-9/21-5m] Buying 0.001 would push the paper position to 0.00400000, above max position 0.003 — SKIP.",scan,skipped,
2026-08-25T09:48:23.530Z,ETHUSDT,SELL,2486.03,0,"[bearish-cross-9/21-5m] Memory blocked this entry (counterfactual): Ledger shows 158 real prior losses vs 38 wins on bearish-cross-9/21-5m (net -60.22%) and learnings.md warns about it — this signal repeats a known bad trade, so SKIP.",scan-filtered,win,0.0242
2026-08-25T11:15:24.776Z,ETHUSDT,SKIP,2475.30,0,"[bullish-cross-9/21-5m] Buying 0.001 would push the paper position to 0.00400000, above max position 0.003 — SKIP.",scan,skipped,
2026-08-25T11:41:45.543Z,BTCUSDT,SELL,79324.10,0,"[bearish-cross-9/21-5m] Memory blocked this entry (counterfactual): Ledger shows 175 real prior losses vs 27 wins on bearish-cross-9/21-5m (net -58.13%) and learnings.md warns about it — this signal repeats a known bad trade, so SKIP.",scan-filtered,win,0.2246
2026-08-25T11:51:51.451Z,ETHUSDT,SELL,2479.67,0,"[bearish-cross-9/21-5m] Memory blocked this entry (counterfactual): Ledger shows 158 real prior losses vs 39 wins on bearish-cross-9/21-5m (net -60.20%) and learnings.md warns about it — this signal repeats a known bad trade, so SKIP.",scan-filtered,loss,-0.0480
2026-08-25T12:06:59.887Z,ETHUSDT,SKIP,2477.76,0,"[bullish-cross-9/21-5m] Buying 0.001 would push the paper position to 0.00400000, above max position 0.003 — SKIP.",scan,skipped,
2026-08-25T12:12:02.690Z,ETHUSDT,SELL,2473.71,0,"[bearish-cross-9/21-5m] Memory blocked this entry (counterfactual): Ledger shows 158 real prior losses vs 39 wins on bearish-cross-9/21-5m (net -60.20%) and learnings.md warns about it — this signal repeats a known bad trade, so SKIP.",scan-filtered,loss,-0.2123
2026-08-25T14:41:52.128Z,ETHUSDT,SKIP,2474.03,0,"[bullish-cross-9/21-5m] Buying 0.001 would push the paper position to 0.00400000, above max position 0.003 — SKIP.",scan,skipped,
2026-08-25T14:46:54.952Z,SOLUSDT,BUY,98.01,0,"[bullish-cross-9/21-5m] Memory blocked this entry (counterfactual): Ledger shows 145 real prior losses vs 32 wins on bullish-cross-9/21-5m (net -46.76%) and learnings.md warns about it — this signal repeats a known bad trade, so SKIP.",scan-filtered,loss,-0.2388
2026-08-25T15:21:22.603Z,NVDA,SELL,210.75,9,"[actual:tsmom28-1d-state-long] Exit: momentum flipped non-positive (-1.90%) — state exit; entry fill 211.82; ACTUAL round-trip P&L from real paper fills, gross of Alpaca fees (~50 bps RT taker at this tier).",alpaca-paper-exit,loss,-0.5051
2026-08-25T15:47:57.238Z,SPY,BUY,765.20,0,"[bullish-cross-9/21-5m] Memory blocked this entry (counterfactual): Ledger shows 19 real prior losses vs 3 wins on bullish-cross-9/21-5m (net -5.80%) and learnings.md warns about it — this signal repeats a known bad trade, so SKIP.",scan-filtered,loss,-0.2569
2026-08-25T15:47:57.342Z,QQQ,BUY,710.53,0,"[bullish-cross-9/21-5m] Memory blocked this entry (counterfactual): Ledger shows 18 real prior losses vs 4 wins on bullish-cross-9/21-5m (net -4.24%) and learnings.md warns about it — this signal repeats a known bad trade, so SKIP.",scan-filtered,loss,-0.3056
2026-08-25T15:58:05.117Z,SOLUSDT,SELL,98.03,0,"[bearish-cross-9/21-5m] Memory blocked this entry (counterfactual): Ledger shows 142 real prior losses vs 37 wins on bearish-cross-9/21-5m (net -43.99%) and learnings.md warns about it — this signal repeats a known bad trade, so SKIP.",scan-filtered,loss,-0.5652
2026-08-25T16:03:10.339Z,SOLUSDT,BUY,98.38,0,"[bullish-cross-9/21-5m] Memory blocked this entry (counterfactual): Ledger shows 146 real prior losses vs 32 wins on bullish-cross-9/21-5m (net -47.00%) and learnings.md warns about it — this signal repeats a known bad trade, so SKIP.",scan-filtered,loss,-0.4931
2026-08-25T16:48:54.864Z,BTCUSDT,SELL,79228.00,0,"[bearish-cross-9/21-5m] Memory blocked this entry (counterfactual): Ledger shows 175 real prior losses vs 28 wins on bearish-cross-9/21-5m (net -57.91%) and learnings.md warns about it — this signal repeats a known bad trade, so SKIP.",scan-filtered,loss,-0.1888
2026-08-25T16:54:01.827Z,ETHUSDT,SELL,2476.99,0,"[bearish-cross-9/21-5m] Memory blocked this entry (counterfactual): Ledger shows 160 real prior losses vs 39 wins on bearish-cross-9/21-5m (net -60.46%) and learnings.md warns about it — this signal repeats a known bad trade, so SKIP.",scan-filtered,win,0.0105
2026-08-25T17:14:26.427Z,QQQ,SELL,709.72,0,"[bearish-cross-9/21-5m] Memory blocked this entry (counterfactual): Ledger shows 23 real prior losses vs 1 wins on bearish-cross-9/21-5m (net -8.78%) and learnings.md warns about it — this signal repeats a known bad trade, so SKIP.",scan-filtered,loss,-0.2246
2026-08-25T17:19:40.847Z,SOLUSDT,SELL,97.67,0,"[bearish-cross-9/21-5m] Memory blocked this entry (counterfactual): Ledger shows 143 real prior losses vs 37 wins on bearish-cross-9/21-5m (net -44.56%) and learnings.md warns about it — this signal repeats a known bad trade, so SKIP.",scan-filtered,loss,-1.1191
2026-08-25T17:29:52.985Z,SPY,SELL,765.05,0,"[bearish-cross-9/21-5m] Memory blocked this entry (counterfactual): Ledger shows 18 real prior losses vs 1 wins on bearish-cross-9/21-5m (net -4.75%) and learnings.md warns about it — this signal repeats a known bad trade, so SKIP.",scan-filtered,loss,-0.2817
2026-08-25T18:10:52.585Z,BTCUSDT,BUY,79270.72,0,"[bullish-cross-9/21-5m] Memory blocked this entry (counterfactual): Ledger shows 161 real prior losses vs 29 wins on bullish-cross-9/21-5m (net -53.43%) and learnings.md warns about it — this signal repeats a known bad trade, so SKIP.",scan-filtered,loss,-0.5411
2026-08-25T18:15:58.759Z,ETHUSDT,SKIP,2473.62,0,"[bullish-cross-9/21-5m] Buying 0.001 would push the paper position to 0.00400000, above max position 0.003 — SKIP.",scan,skipped,
2026-08-25T18:15:59.005Z,SOLUSDT,BUY,98.47,0,"[bullish-cross-9/21-5m] Memory blocked this entry (counterfactual): Ledger shows 147 real prior losses vs 32 wins on bullish-cross-9/21-5m (net -47.49%) and learnings.md warns about it — this signal repeats a known bad trade, so SKIP.",scan-filtered,loss,-0.2594
2026-08-25T18:46:33.767Z,SPY,BUY,765.55,0,"[bullish-cross-9/21-5m] Memory blocked this entry (counterfactual): Ledger shows 20 real prior losses vs 3 wins on bullish-cross-9/21-5m (net -6.06%) and learnings.md warns about it — this signal repeats a known bad trade, so SKIP.",scan-filtered,loss,-0.3235
2026-08-25T18:51:36.609Z,QQQ,BUY,710.51,0,"[bullish-cross-9/21-5m] Memory blocked this entry (counterfactual): Ledger shows 19 real prior losses vs 4 wins on bullish-cross-9/21-5m (net -4.55%) and learnings.md warns about it — this signal repeats a known bad trade, so SKIP.",scan-filtered,loss,-0.3802
2026-08-25T19:11:48.106Z,BTCUSDT,SELL,79079.59,0,"[bearish-cross-9/21-5m] Memory blocked this entry (counterfactual): Ledger shows 176 real prior losses vs 28 wins on bearish-cross-9/21-5m (net -58.09%) and learnings.md warns about it — this signal repeats a known bad trade, so SKIP.",scan-filtered,loss,-0.0274
2026-08-25T19:11:48.384Z,ETHUSDT,SELL,2467.05,0,"[bearish-cross-9/21-5m] Memory blocked this entry (counterfactual): Ledger shows 160 real prior losses vs 40 wins on bearish-cross-9/21-5m (net -60.45%) and learnings.md warns about it — this signal repeats a known bad trade, so SKIP.",scan-filtered,win,0.0620
2026-08-25T19:32:04.099Z,SOLUSDT,SELL,97.88,0,"[bearish-cross-9/21-5m] Memory blocked this entry (counterfactual): Ledger shows 144 real prior losses vs 37 wins on bearish-cross-9/21-5m (net -45.68%) and learnings.md warns about it — this signal repeats a known bad trade, so SKIP.",scan-filtered,loss,-0.1161
2026-08-25T19:47:13.493Z,SPY,SELL,765.37,0,"[bearish-cross-9/21-5m] Memory blocked this entry (counterfactual): Ledger shows 19 real prior losses vs 1 wins on bearish-cross-9/21-5m (net -5.03%) and learnings.md warns about it — this signal repeats a known bad trade, so SKIP.",scan-filtered,loss,-0.4607
2026-08-25T19:47:13.612Z,QQQ,SELL,709.83,0,"[bearish-cross-9/21-5m] Memory blocked this entry (counterfactual): Ledger shows 24 real prior losses vs 1 wins on bearish-cross-9/21-5m (net -9.01%) and learnings.md warns about it — this signal repeats a known bad trade, so SKIP.",scan-filtered,loss,-0.4282
2026-08-25T22:09:01.582Z,SOLUSDT,BUY,97.38,0,"[bullish-cross-9/21-5m] Memory blocked this entry (counterfactual): Ledger shows 148 real prior losses vs 32 wins on bullish-cross-9/21-5m (net -47.75%) and learnings.md warns about it — this signal repeats a known bad trade, so SKIP.",scan-filtered,loss,-0.3513
2026-08-26T03:35:39.750Z,SOLUSDT,SELL,96.99,0,"[bearish-cross-9/21-5m] Memory blocked this entry (counterfactual): Ledger shows 145 real prior losses vs 37 wins on bearish-cross-9/21-5m (net -45.79%) and learnings.md warns about it — this signal repeats a known bad trade, so SKIP.",scan-filtered,loss,-0.3412
2026-08-26T03:50:47.886Z,BTCUSDT,SELL,78986.24,0,"[bearish-cross-9/21-5m] Memory blocked this entry (counterfactual): Ledger shows 177 real prior losses vs 28 wins on bearish-cross-9/21-5m (net -58.12%) and learnings.md warns about it — this signal repeats a known bad trade, so SKIP.",scan-filtered,loss,-0.1361
2026-08-26T03:50:48.140Z,ETHUSDT,SELL,2461.73,0,"[bearish-cross-9/21-5m] Memory blocked this entry (counterfactual): Ledger shows 160 real prior losses vs 41 wins on bearish-cross-9/21-5m (net -60.39%) and learnings.md warns about it — this signal repeats a known bad trade, so SKIP.",scan-filtered,loss,-0.2508
2026-08-26T04:16:13.405Z,ETHUSDT,SKIP,2466.31,0,"[bullish-cross-9/21-5m] Buying 0.001 would push the paper position to 0.00400000, above max position 0.003 — SKIP.",scan,skipped,
2026-08-26T04:26:35.249Z,BTCUSDT,BUY,79106.00,0,"[bullish-cross-9/21-5m] Memory blocked this entry (counterfactual): Ledger shows 162 real prior losses vs 29 wins on bullish-cross-9/21-5m (net -53.97%) and learnings.md warns about it — this signal repeats a known bad trade, so SKIP.",scan-filtered,loss,-0.4062
2026-08-26T04:46:58.112Z,BTCUSDT,SELL,78965.10,0,"[bearish-cross-9/21-5m] Memory blocked this entry (counterfactual): Ledger shows 177 real prior losses vs 28 wins on bearish-cross-9/21-5m (net -58.12%) and learnings.md warns about it — this signal repeats a known bad trade, so SKIP.",scan-filtered,loss,-0.4963
2026-08-26T04:46:58.550Z,SOLUSDT,BUY,97.13,0,"[bullish-cross-9/21-5m] Memory blocked this entry (counterfactual): Ledger shows 149 real prior losses vs 32 wins on bullish-cross-9/21-5m (net -48.10%) and learnings.md warns about it — this signal repeats a known bad trade, so SKIP.",scan-filtered,loss,-0.2382
2026-08-26T04:57:21.681Z,SOLUSDT,SELL,96.73,0,"[bearish-cross-9/21-5m] Memory blocked this entry (counterfactual): Ledger shows 146 real prior losses vs 37 wins on bearish-cross-9/21-5m (net -46.13%) and learnings.md warns about it — this signal repeats a known bad trade, so SKIP.",scan-filtered,loss,-0.5791
2026-08-26T05:02:26.111Z,ETHUSDT,SELL,2456.90,0,"[bearish-cross-9/21-5m] Memory blocked this entry (counterfactual): Ledger shows 161 real prior losses vs 41 wins on bearish-cross-9/21-5m (net -60.64%) and learnings.md warns about it — this signal repeats a known bad trade, so SKIP.",scan-filtered,loss,-0.6264
2026-08-26T05:54:24.452Z,BTCUSDT,BUY,79062.11,0,"[bullish-cross-9/21-5m] Memory blocked this entry (counterfactual): Ledger shows 163 real prior losses vs 29 wins on bullish-cross-9/21-5m (net -54.38%) and learnings.md warns about it — this signal repeats a known bad trade, so SKIP.",scan-filtered,loss,-0.5191
2026-08-26T06:04:50.449Z,ETHUSDT,SKIP,2464.92,0,"[bullish-cross-9/21-5m] Buying 0.001 would push the paper position to 0.00400000, above max position 0.003 — SKIP.",scan,skipped,
2026-08-26T06:04:51.423Z,SOLUSDT,BUY,97.09,0,"[bullish-cross-9/21-5m] Memory blocked this entry (counterfactual): Ledger shows 150 real prior losses vs 32 wins on bullish-cross-9/21-5m (net -48.34%) and learnings.md warns about it — this signal repeats a known bad trade, so SKIP.",scan-filtered,loss,-0.5987
2026-08-26T06:41:03.426Z,ETHUSDT,SELL,2456.78,0,"[bearish-cross-9/21-5m] Memory blocked this entry (counterfactual): Ledger shows 162 real prior losses vs 41 wins on bearish-cross-9/21-5m (net -61.26%) and learnings.md warns about it — this signal repeats a known bad trade, so SKIP.",scan-filtered,loss,-0.6765
2026-08-26T06:46:12.187Z,BTCUSDT,SELL,78935.64,0,"[bearish-cross-9/21-5m] Memory blocked this entry (counterfactual): Ledger shows 179 real prior losses vs 28 wins on bearish-cross-9/21-5m (net -58.75%) and learnings.md warns about it — this signal repeats a known bad trade, so SKIP.",scan-filtered,loss,-0.3783
2026-08-26T06:51:25.040Z,SOLUSDT,SELL,96.70,0,"[bearish-cross-9/21-5m] Memory blocked this entry (counterfactual): Ledger shows 147 real prior losses vs 37 wins on bearish-cross-9/21-5m (net -46.71%) and learnings.md warns about it — this signal repeats a known bad trade, so SKIP.",scan-filtered,loss,-0.6516
2026-08-26T07:27:36.621Z,ETHUSDT,SKIP,2463.93,0,"[bullish-cross-9/21-5m] Buying 0.001 would push the paper position to 0.00400000, above max position 0.003 — SKIP.",scan,skipped,
2026-08-26T07:38:04.397Z,SOLUSDT,BUY,97.10,0,"[bullish-cross-9/21-5m] Memory blocked this entry (counterfactual): Ledger shows 151 real prior losses vs 32 wins on bullish-cross-9/21-5m (net -48.94%) and learnings.md warns about it — this signal repeats a known bad trade, so SKIP.",scan-filtered,loss,-0.2485
2026-08-26T07:43:13.407Z,BTCUSDT,BUY,79006.43,0,"[bullish-cross-9/21-5m] Memory blocked this entry (counterfactual): Ledger shows 164 real prior losses vs 29 wins on bullish-cross-9/21-5m (net -54.89%) and learnings.md warns about it — this signal repeats a known bad trade, so SKIP.",scan-filtered,loss,-0.4119
2026-08-26T08:39:58.762Z,ETHUSDT,SELL,2462.10,0,"[bearish-cross-9/21-5m] Memory blocked this entry (counterfactual): Ledger shows 163 real prior losses vs 41 wins on bearish-cross-9/21-5m (net -61.94%) and learnings.md warns about it — this signal repeats a known bad trade, so SKIP.",scan-filtered,win,0.1029
2026-08-26T08:45:02.046Z,BTCUSDT,BUY,78998.98,0,"[bullish-cross-9/21-5m] Memory blocked this entry (counterfactual): Ledger shows 165 real prior losses vs 29 wins on bullish-cross-9/21-5m (net -55.31%) and learnings.md warns about it — this signal repeats a known bad trade, so SKIP.",scan-filtered,loss,-1.1505
2026-08-26T08:55:19.794Z,BTCUSDT,SELL,78700.00,0,"[bearish-cross-9/21-5m] Memory blocked this entry (counterfactual): Ledger shows 180 real prior losses vs 28 wins on bearish-cross-9/21-5m (net -59.13%) and learnings.md warns about it — this signal repeats a known bad trade, so SKIP.",scan-filtered,win,0.0812
2026-08-26T14:23:30.188Z,SOLUSDT,BUY,96.75,0,"[bullish-cross-9/21-5m] Memory blocked this entry (counterfactual): Ledger shows 152 real prior losses vs 32 wins on bullish-cross-9/21-5m (net -49.19%) and learnings.md warns about it — this signal repeats a known bad trade, so SKIP.",scan-filtered,loss,-1.5403
2026-08-26T14:33:40.334Z,SOLUSDT,SELL,96.28,0,"[bearish-cross-9/21-5m] Memory blocked this entry (counterfactual): Ledger shows 148 real prior losses vs 37 wins on bearish-cross-9/21-5m (net -47.36%) and learnings.md warns about it — this signal repeats a known bad trade, so SKIP.",scan-filtered,loss,-0.2688
2026-08-26T14:53:51.820Z,QQQ,SELL,709.84,0,"[bearish-cross-9/21-5m] Memory blocked this entry (counterfactual): Ledger shows 25 real prior losses vs 1 wins on bearish-cross-9/21-5m (net -9.44%) and learnings.md warns about it — this signal repeats a known bad trade, so SKIP.",scan-filtered,loss,-0.4817
2026-08-26T15:02:47.233Z,QQQ,BUY,710.66,2,"[tsmom28-1d-state-long] Trailing 28-candle return is positive (0.67%) — state construction holds long while momentum is positive. || broker fill 710.745 qty 2, slippage +6.0 bps vs decision mark 710.32, signal-drift +1.2 bps vs signal close, order bot-QQQ-1787702400000",alpaca-paper,open,
2026-08-26T15:02:51.869Z,NVDA,BUY,212.96,9,"[tsmom28-1d-state-long] Trailing 28-candle return is positive (2.65%) — state construction holds long while momentum is positive. || broker fill 211.385556 qty 9, slippage +13.1 bps vs decision mark 211.11, signal-drift -73.9 bps vs signal close, order bot-NVDA-1787702400000",alpaca-paper,open,
2026-08-26T15:38:41.179Z,QQQ,BUY,709.71,0,"[bullish-cross-9/21-5m] Memory blocked this entry (counterfactual): Ledger shows 20 real prior losses vs 4 wins on bullish-cross-9/21-5m (net -4.93%) and learnings.md warns about it — this signal repeats a known bad trade, so SKIP.",scan-filtered,loss,-0.3437
2026-08-26T15:43:52.311Z,SPY,BUY,765.48,0,"[bullish-cross-9/21-5m] Memory blocked this entry (counterfactual): Ledger shows 21 real prior losses vs 3 wins on bullish-cross-9/21-5m (net -6.39%) and learnings.md warns about it — this signal repeats a known bad trade, so SKIP.",scan-filtered,loss,-0.4659
2026-08-26T16:04:46.638Z,ETHUSDT,SKIP,2449.85,0,"[bullish-cross-9/21-5m] Buying 0.001 would push the paper position to 0.00400000, above max position 0.003 — SKIP.",scan,skipped,
2026-08-26T16:04:47.508Z,SOLUSDT,BUY,95.94,0,"[bullish-cross-9/21-5m] Memory blocked this entry (counterfactual): Ledger shows 153 real prior losses vs 32 wins on bullish-cross-9/21-5m (net -50.73%) and learnings.md warns about it — this signal repeats a known bad trade, so SKIP.",scan-filtered,loss,-0.2896
2026-08-26T16:04:48.965Z,SPY,SELL,765.34,0,"[bearish-cross-9/21-5m] Memory blocked this entry (counterfactual): Ledger shows 20 real prior losses vs 1 wins on bearish-cross-9/21-5m (net -5.49%) and learnings.md warns about it — this signal repeats a known bad trade, so SKIP.",scan-filtered,loss,-0.2177
2026-08-26T16:09:56.752Z,BTCUSDT,BUY,78089.53,0,"[bullish-cross-9/21-5m] Memory blocked this entry (counterfactual): Ledger shows 166 real prior losses vs 29 wins on bullish-cross-9/21-5m (net -56.46%) and learnings.md warns about it — this signal repeats a known bad trade, so SKIP.",scan-filtered,loss,-0.3583
2026-08-26T16:15:16.047Z,QQQ,SELL,709.03,0,"[bearish-cross-9/21-5m] Memory blocked this entry (counterfactual): Ledger shows 26 real prior losses vs 1 wins on bearish-cross-9/21-5m (net -9.92%) and learnings.md warns about it — this signal repeats a known bad trade, so SKIP.",scan-filtered,loss,-0.4213
2026-08-26T16:46:20.016Z,SOLUSDT,SELL,95.51,0,"[bearish-cross-9/21-5m] Memory blocked this entry (counterfactual): Ledger shows 149 real prior losses vs 37 wins on bearish-cross-9/21-5m (net -47.63%) and learnings.md warns about it — this signal repeats a known bad trade, so SKIP.",scan-filtered,loss,-2.0380
2026-08-26T16:56:37.082Z,ETHUSDT,SELL,2446.37,0,"[bearish-cross-9/21-5m] Memory blocked this entry (counterfactual): Ledger shows 163 real prior losses vs 42 wins on bearish-cross-9/21-5m (net -61.84%) and learnings.md warns about it — this signal repeats a known bad trade, so SKIP.",scan-filtered,loss,-0.9205
2026-08-26T17:01:46.380Z,BTCUSDT,SELL,77991.30,0,"[bearish-cross-9/21-5m] Memory blocked this entry (counterfactual): Ledger shows 180 real prior losses vs 29 wins on bearish-cross-9/21-5m (net -59.05%) and learnings.md warns about it — this signal repeats a known bad trade, so SKIP.",scan-filtered,loss,-0.8789
2026-08-26T17:22:04.831Z,SOLUSDT,BUY,96.57,0,"[bullish-cross-9/21-5m] Memory blocked this entry (counterfactual): Ledger shows 154 real prior losses vs 32 wins on bullish-cross-9/21-5m (net -51.02%) and learnings.md warns about it — this signal repeats a known bad trade, so SKIP.",scan-filtered,win,0.0107
2026-08-26T17:27:07.038Z,BTCUSDT,BUY,78345.79,0,"[bullish-cross-9/21-5m] Memory blocked this entry (counterfactual): Ledger shows 167 real prior losses vs 29 wins on bullish-cross-9/21-5m (net -56.82%) and learnings.md warns about it — this signal repeats a known bad trade, so SKIP.",scan-filtered,loss,-0.0879
2026-08-26T17:32:09.640Z,ETHUSDT,SKIP,2463.08,0,"[bullish-cross-9/21-5m] Buying 0.001 would push the paper position to 0.00400000, above max position 0.003 — SKIP.",scan,skipped,
2026-08-26T17:32:10.269Z,QQQ,BUY,710.54,0,"[bullish-cross-9/21-5m] Memory blocked this entry (counterfactual): Ledger shows 21 real prior losses vs 4 wins on bullish-cross-9/21-5m (net -5.27%) and learnings.md warns about it — this signal repeats a known bad trade, so SKIP.",scan-filtered,loss,-0.2493
2026-08-26T17:37:12.762Z,SPY,BUY,765.74,0,"[bullish-cross-9/21-5m] Memory blocked this entry (counterfactual): Ledger shows 22 real prior losses vs 3 wins on bullish-cross-9/21-5m (net -6.85%) and learnings.md warns about it — this signal repeats a known bad trade, so SKIP.",scan-filtered,loss,-0.3000
2026-08-26T18:50:33.791Z,SOLUSDT,SELL,96.80,0,"[bearish-cross-9/21-5m] Memory blocked this entry (counterfactual): Ledger shows 150 real prior losses vs 37 wins on bearish-cross-9/21-5m (net -49.67%) and learnings.md warns about it — this signal repeats a known bad trade, so SKIP.",scan-filtered,loss,-0.2587
2026-08-26T19:00:52.861Z,BTCUSDT,SELL,78472.41,0,"[bearish-cross-9/21-5m] Memory blocked this entry (counterfactual): Ledger shows 181 real prior losses vs 29 wins on bearish-cross-9/21-5m (net -59.93%) and learnings.md warns about it — this signal repeats a known bad trade, so SKIP.",scan-filtered,loss,-0.3039
2026-08-26T20:03:25.779Z,BTCUSDT,BUY,78475.49,0,"[bullish-cross-9/21-5m] Memory blocked this entry (counterfactual): Ledger shows 168 real prior losses vs 29 wins on bullish-cross-9/21-5m (net -56.90%) and learnings.md warns about it — this signal repeats a known bad trade, so SKIP.",scan-filtered,loss,-0.3299
2026-08-26T20:13:44.162Z,SOLUSDT,BUY,96.88,0,"[bullish-cross-9/21-5m] Memory blocked this entry (counterfactual): Ledger shows 154 real prior losses vs 33 wins on bullish-cross-9/21-5m (net -51.01%) and learnings.md warns about it — this signal repeats a known bad trade, so SKIP.",scan-filtered,win,0.1645
2026-08-26T20:24:01.209Z,ETHUSDT,SELL,2469.56,0,"[bearish-cross-9/21-5m] Memory blocked this entry (counterfactual): Ledger shows 164 real prior losses vs 42 wins on bearish-cross-9/21-5m (net -62.76%) and learnings.md warns about it — this signal repeats a known bad trade, so SKIP.",scan-filtered,loss,-1.2107
2026-08-26T20:39:20.884Z,BTCUSDT,SELL,78349.33,0,"[bearish-cross-9/21-5m] Memory blocked this entry (counterfactual): Ledger shows 182 real prior losses vs 29 wins on bearish-cross-9/21-5m (net -60.23%) and learnings.md warns about it — this signal repeats a known bad trade, so SKIP.",scan-filtered,loss,-0.8089
2026-08-26T21:04:39.066Z,SOLUSDT,SELL,96.93,0,"[bearish-cross-9/21-5m] Memory blocked this entry (counterfactual): Ledger shows 151 real prior losses vs 37 wins on bearish-cross-9/21-5m (net -49.93%) and learnings.md warns about it — this signal repeats a known bad trade, so SKIP.",scan-filtered,loss,-1.6721
2026-08-26T21:14:43.557Z,SOLUSDT,BUY,97.33,0,"[bullish-cross-9/21-5m] Memory blocked this entry (counterfactual): Ledger shows 154 real prior losses vs 34 wins on bullish-cross-9/21-5m (net -50.84%) and learnings.md warns about it — this signal repeats a known bad trade, so SKIP.",scan-filtered,win,0.7994
2026-08-26T22:52:36.822Z,BTCUSDT,SELL,78606.16,0,"[bearish-cross-9/21-5m] Memory blocked this entry (counterfactual): Ledger shows 183 real prior losses vs 29 wins on bearish-cross-9/21-5m (net -61.04%) and learnings.md warns about it — this signal repeats a known bad trade, so SKIP.",scan-filtered,loss,-0.8850
2026-08-26T23:07:48.736Z,ETHUSDT,SELL,2494.95,0,"[bearish-cross-9/21-5m] Memory blocked this entry (counterfactual): Ledger shows 165 real prior losses vs 42 wins on bearish-cross-9/21-5m (net -63.97%) and learnings.md warns about it — this signal repeats a known bad trade, so SKIP.",scan-filtered,loss,-0.5080
2026-08-26T23:43:24.475Z,BTCUSDT,BUY,78957.98,0,"[bullish-cross-9/21-5m] Memory blocked this entry (counterfactual): Ledger shows 169 real prior losses vs 29 wins on bullish-cross-9/21-5m (net -57.23%) and learnings.md warns about it — this signal repeats a known bad trade, so SKIP.",scan-filtered,loss,-0.4588
2026-08-26T23:58:32.571Z,ETHUSDT,SKIP,2505.41,0,"[bullish-cross-9/21-5m] Buying 0.001 would push the paper position to 0.00400000, above max position 0.003 — SKIP.",scan,skipped,
2026-08-27T00:53:56.958Z,BTCUSDT,SELL,78793.99,0,"[bearish-cross-9/21-5m] Memory blocked this entry (counterfactual): Ledger shows 184 real prior losses vs 29 wins on bearish-cross-9/21-5m (net -61.93%) and learnings.md warns about it — this signal repeats a known bad trade, so SKIP.",scan-filtered,loss,-0.5082
2026-08-27T00:58:59.260Z,ETHUSDT,SELL,2492.47,0,"[bearish-cross-9/21-5m] Memory blocked this entry (counterfactual): Ledger shows 166 real prior losses vs 42 wins on bearish-cross-9/21-5m (net -64.48%) and learnings.md warns about it — this signal repeats a known bad trade, so SKIP.",scan-filtered,loss,-0.6691
2026-08-27T00:58:59.541Z,SOLUSDT,SELL,100.94,0,"[bearish-cross-9/21-5m] Memory blocked this entry (counterfactual): Ledger shows 152 real prior losses vs 37 wins on bearish-cross-9/21-5m (net -51.60%) and learnings.md warns about it — this signal repeats a known bad trade, so SKIP.",scan-filtered,loss,-0.9935
2026-08-27T01:54:30.026Z,SOLUSDT,BUY,101.69,0,"[bullish-cross-9/21-5m] Memory blocked this entry (counterfactual): Ledger shows 154 real prior losses vs 35 wins on bullish-cross-9/21-5m (net -50.04%) and learnings.md warns about it — this signal repeats a known bad trade, so SKIP.",scan-filtered,loss,-0.7720
2026-08-27T14:18:01.444Z,BTCUSDT,BUY,79457.22,0,"[bullish-cross-9/21-5m] Memory blocked this entry (counterfactual): Ledger shows 170 real prior losses vs 29 wins on bullish-cross-9/21-5m (net -57.69%) and learnings.md warns about it — this signal repeats a known bad trade, so SKIP.",scan-filtered,win,1.2352
2026-08-27T14:33:30.504Z,ETHUSDT,SKIP,2508.40,0,"[bullish-cross-9/21-5m] Buying 0.001 would push the paper position to 0.00400000, above max position 0.003 — SKIP.",scan,skipped,
2026-08-27T15:55:29.816Z,QQQ,SELL,718.64,0,"[bearish-cross-9/21-5m] Memory blocked this entry (counterfactual): Ledger shows 27 real prior losses vs 1 wins on bearish-cross-9/21-5m (net -10.34%) and learnings.md warns about it — this signal repeats a known bad trade, so SKIP.",scan-filtered,loss,-0.4767
2026-08-27T16:31:46.251Z,BTCUSDT,SELL,80412.00,0,"[bearish-cross-9/21-5m] Memory blocked this entry (counterfactual): Ledger shows 185 real prior losses vs 29 wins on bearish-cross-9/21-5m (net -62.44%) and learnings.md warns about it — this signal repeats a known bad trade, so SKIP.",scan-filtered,loss,-0.6751
2026-08-27T16:36:58.282Z,QQQ,BUY,719.10,0,"[bullish-cross-9/21-5m] Memory blocked this entry (counterfactual): Ledger shows 22 real prior losses vs 4 wins on bullish-cross-9/21-5m (net -5.52%) and learnings.md warns about it — this signal repeats a known bad trade, so SKIP.",scan-filtered,loss,-0.1748
2026-08-27T17:02:55.790Z,BTCUSDT,BUY,80374.00,0,"[bullish-cross-9/21-5m] Memory blocked this entry (counterfactual): Ledger shows 170 real prior losses vs 30 wins on bullish-cross-9/21-5m (net -56.46%) and learnings.md warns about it — this signal repeats a known bad trade, so SKIP.",scan-filtered,loss,-0.2148
2026-08-27T17:59:44.139Z,ETHUSDT,SELL,2520.15,0,"[bearish-cross-9/21-5m] Memory blocked this entry (counterfactual): Ledger shows 167 real prior losses vs 42 wins on bearish-cross-9/21-5m (net -65.15%) and learnings.md warns about it — this signal repeats a known bad trade, so SKIP.",scan-filtered,win,0.4682
2026-08-27T18:04:56.135Z,SOLUSDT,SELL,108.18,0,"[bearish-cross-9/21-5m] Memory blocked this entry (counterfactual): Ledger shows 153 real prior losses vs 37 wins on bearish-cross-9/21-5m (net -52.60%) and learnings.md warns about it — this signal repeats a known bad trade, so SKIP.",scan-filtered,loss,-0.4941
2026-08-27T18:15:09.028Z,BTCUSDT,SELL,80076.76,0,"[bearish-cross-9/21-5m] Memory blocked this entry (counterfactual): Ledger shows 186 real prior losses vs 29 wins on bearish-cross-9/21-5m (net -63.11%) and learnings.md warns about it — this signal repeats a known bad trade, so SKIP.",scan-filtered,loss,-0.4080
2026-08-27T19:19:47.553Z,SOLUSDT,BUY,108.98,0,"[bullish-cross-9/21-5m] Memory blocked this entry (counterfactual): Ledger shows 155 real prior losses vs 35 wins on bullish-cross-9/21-5m (net -50.82%) and learnings.md warns about it — this signal repeats a known bad trade, so SKIP.",scan-filtered,loss,-0.4009
2026-08-27T19:30:02.869Z,ETHUSDT,SKIP,2511.78,0,"[bullish-cross-9/21-5m] Buying 0.001 would push the paper position to 0.00400000, above max position 0.003 — SKIP.",scan,skipped,
2026-08-27T19:30:07.461Z,QQQ,BUY,718.92,0,"[bullish-cross-9/21-5m] Memory blocked this entry (counterfactual): Ledger shows 23 real prior losses vs 4 wins on bullish-cross-9/21-5m (net -5.70%) and learnings.md warns about it — this signal repeats a known bad trade, so SKIP.",scan-filtered,open,
2026-08-27T19:35:14.178Z,BTCUSDT,BUY,80125.01,0,"[bullish-cross-9/21-5m] Memory blocked this entry (counterfactual): Ledger shows 171 real prior losses vs 30 wins on bullish-cross-9/21-5m (net -56.67%) and learnings.md warns about it — this signal repeats a known bad trade, so SKIP.",scan-filtered,loss,-0.4617
2026-08-27T19:40:20.558Z,SPY,BUY,770.58,0,"[bullish-cross-9/21-5m] Memory blocked this entry (counterfactual): Ledger shows 23 real prior losses vs 3 wins on bullish-cross-9/21-5m (net -7.15%) and learnings.md warns about it — this signal repeats a known bad trade, so SKIP.",scan-filtered,open,
2026-08-27T20:05:59.085Z,BTCUSDT,SELL,79906.26,0,"[bearish-cross-9/21-5m] Memory blocked this entry (counterfactual): Ledger shows 187 real prior losses vs 29 wins on bearish-cross-9/21-5m (net -63.52%) and learnings.md warns about it — this signal repeats a known bad trade, so SKIP.",scan-filtered,loss,-0.5111
2026-08-27T20:16:18.507Z,ETHUSDT,SELL,2496.66,0,"[bearish-cross-9/21-5m] Memory blocked this entry (counterfactual): Ledger shows 167 real prior losses vs 43 wins on bearish-cross-9/21-5m (net -64.68%) and learnings.md warns about it — this signal repeats a known bad trade, so SKIP.",scan-filtered,loss,-0.6689
2026-08-27T20:57:12.540Z,SOLUSDT,SELL,108.57,0,"[bearish-cross-9/21-5m] Memory blocked this entry (counterfactual): Ledger shows 154 real prior losses vs 37 wins on bearish-cross-9/21-5m (net -53.09%) and learnings.md warns about it — this signal repeats a known bad trade, so SKIP.",scan-filtered,open,
2026-08-27T21:07:22.180Z,ETHUSDT,SKIP,2505.49,0,"[bullish-cross-9/21-5m] Buying 0.001 would push the paper position to 0.00400000, above max position 0.003 — SKIP.",scan,skipped,
2026-08-27T21:12:28.408Z,BTCUSDT,BUY,80073.99,0,"[bullish-cross-9/21-5m] Memory blocked this entry (counterfactual): Ledger shows 172 real prior losses vs 30 wins on bullish-cross-9/21-5m (net -57.13%) and learnings.md warns about it — this signal repeats a known bad trade, so SKIP.",scan-filtered,open,
